CHILD_OWNER,CHILD_TABLE,FK_NAME,PARENT_OWNER,PARENT_TABLE,FK_COLUMNS,ORPHAN_COUNT
SYSTEM,SRI_DETALOGF,ERDO_LGFA_FK,SYSTEM,SRI_LOGFACTU,1,4
SYSTEM,ADM_DETAUTOR,DTAU_AUTO_FK,SYSTEM,ADM_AUTORIZA,1,0
SYSTEM,AFJ_AFDETMOV,AFDM_AFRQ_FK,SYSTEM,AFJ_AFREQUIS,2,0
SYSTEM,AFJ_AFDETMOV,AFDM_INRN_FK,SYSTEM,INF_RESPNODO,1,0
SYSTEM,AFJ_AFDETMOV,AFDM_MEMO_FK,SYSTEM,AFJ_MEMORAND,1,0
SYSTEM,AFJ_AFDETMOV,AFDM_RCDP_FK,SYSTEM,CLI_RCCLDAPE,3,0
SYSTEM,AFJ_AFDETMOV,AFDM_STCT_FK,SYSTEM,SRV_STCOTRRE,1,0
SYSTEM,AFJ_AFDETMOV,AFDM_UMED_FK,SYSTEM,ALM_UNIDMEDI,1,0
SYSTEM,AFJ_DETALLE,DAC1_ASTO_FK,SYSTEM,CNT_ASIENTO,2,0
SYSTEM,AFJ_DETALLE,DAC1_MEMO_FK,SYSTEM,AFJ_MEMORAND,1,0
SYSTEM,ALM_DETABASC,DTBA_PRFM_FK,SYSTEM,VEN_PROFORMA,1,0
SYSTEM,ALM_DETABASC,DTBA_UMED_FK,SYSTEM,ALM_UNIDMEDI,1,0
SYSTEM,ALM_DETADESP,DTPS_DSPO_FK,SYSTEM,ALM_DESPACHOS,1,0
SYSTEM,ALM_DETADESP,DTPS_EGEN_FK,SYSTEM,GEN_ESTADOS,1,0
SYSTEM,ALM_DETALOTE,DTLT_DTMV_FK,SYSTEM,ALM_DETAMOVI,1,0
SYSTEM,ALM_DETALOTE,DTLT_LOTE_FK,SYSTEM,ALM_LOTE,3,0
SYSTEM,ALM_DETAMOVI,DTMV_DCAM_FK,SYSTEM,ALM_DECAMPRES,1,0
SYSTEM,ALM_DETAMOVI,DTMV_DREQ_FK,SYSTEM,ALM_DETAREQU,1,0
SYSTEM,ALM_DETAMOVI,DTMV_DTMV_FK,SYSTEM,ALM_DETAMOVI,1,0
SYSTEM,ALM_DETAMOVI,DTMV_ENSA_FK,SYSTEM,ALM_ENTRASALI,4,0
SYSTEM,ALM_DETAMOVI,DTMV_IMPT_FK,SYSTEM,IMP_IMPORTAC,3,0
SYSTEM,ALM_DETAMOVI,DTMV_NCCL_FK,SYSTEM,VEN_NOTACRED,4,0
SYSTEM,ALM_DETAMOVI,DTMV_NCPR_FK,SYSTEM,COM_NOTACREDI,5,0
SYSTEM,ALM_DETAMOVI,DTMV_RCTA_FK,SYSTEM,CST_RECETA,1,0
SYSTEM,ALM_DETAMOVI,DTMV_SECC_FK,SYSTEM,ALM_SECCFISC,4,0
SYSTEM,ALM_DETAMOVI,DTMV_UMED_FK,SYSTEM,ALM_UNIDMEDI,1,0
SYSTEM,ALM_DETAMOVI,DTMV_UMED_FK2,SYSTEM,ALM_UNIDMEDI,1,0
SYSTEM,ALM_DETAMOVI,DTMV_VNTA_FK,SYSTEM,VEN_VENTAS,5,0
SYSTEM,ALM_DETAPLAN,DTPL_PLIM_FK,SYSTEM,ALM_PLANIMPR,1,0
SYSTEM,ALM_DETAPROY,DPRO_PRPD_FK,SYSTEM,ALM_PROYPROD,1,0
SYSTEM,ALM_DETAREQU,DREQ_REQU_FK,SYSTEM,ALM_REQUERIM,4,0
SYSTEM,ALM_DETAREQU,DREQ_SECC_FK,SYSTEM,ALM_SECCFISC,4,0
SYSTEM,ALM_DETARTLL,DATLL_TLLA_FK,SYSTEM,ALM_TALLAS,1,0
SYSTEM,ALM_DETATOFI,ADTF_ATFS_FK,SYSTEM,ALM_TOMAFISC,4,0
SYSTEM,ALM_DETATOFI,ADTF_ENSA_FK,SYSTEM,ALM_ENTRASALI,4,0
SYSTEM,ALM_DETATOFI,ADTF_SECC_FK,SYSTEM,ALM_SECCFISC,4,0
SYSTEM,ALM_PROYPROD,PRPD_BDGA_FK,SYSTEM,ALM_BODEGAS,3,0
SYSTEM,ALM_TMPDETALOTE,TDLT_DPR_FK,SYSTEM,VEN_DETAPROD,1,0
SYSTEM,ALM_TMPDETALOTE,TDLT_DXML_FK,SYSTEM,ALM_TMPDETAMOVI,1,0
SYSTEM,ALM_TMPDETALOTE,TDLT_LOTE_FK,SYSTEM,ALM_LOTE,3,0
SYSTEM,ALM_TMPDETAMOVI,DXML_CXML_FK,SYSTEM,COM_TMPCOMPRAS,5,0
SYSTEM,CLI_DETALINE,DTLN_LNCR_FK,SYSTEM,CLI_LINECRED,2,0
SYSTEM,CNT_DETASIENTO,DAST_CCST_FK,SYSTEM,GEN_CENTCOST,3,0
SYSTEM,CNT_DETASIENTO,DAST_CTAS_FK,SYSTEM,CNT_CUENTAS,3,0
SYSTEM,CNT_DETASIENTO,DAST_DAST_FK,SYSTEM,CNT_DETASIENTO,1,0
SYSTEM,CNT_DETIPIMP,DTIP_TPIM_FK,SYSTEM,CNT_TIPOIMPU,1,0
SYSTEM,COB_DETACHEQ,DCHE_CHQE_FK,SYSTEM,CAJ_CHEQUES,1,0
SYSTEM,COB_DETACHEQ,DCHE_EGEN_FK,SYSTEM,GEN_ESTADOS,1,0
SYSTEM,COB_DETACHEQ,DCHE_PLCB_FK,SYSTEM,VEN_PLANCOBR,1,0
SYSTEM,COB_DETACOBRO,DTCB_ASTO_FK,SYSTEM,CNT_ASIENTO,2,0
SYSTEM,COB_DETACOBRO,DTCB_EGEN_FK,SYSTEM,GEN_ESTADOS,1,0
SYSTEM,COB_DETACOBRO,DTCB_NCCL_FK,SYSTEM,VEN_NOTACRED,4,0
SYSTEM,COB_DETACOBRO,DTCB_PLCB_FK,SYSTEM,VEN_PLANCOBR,1,0
SYSTEM,COB_DETACOBRO,DTCB_PTBN_FK,SYSTEM,PRT_TRANSBANCA,1,0
SYSTEM,COB_DETACOBRO,DTCB_RCCB_FK,SYSTEM,COB_RECICOBR,1,0
SYSTEM,COB_DETACOBRO,DTCB_VNDR_FK,SYSTEM,VEN_VENDCOBR,3,0
SYSTEM,COB_DETADEBI,DDEB_OTRC_FK,SYSTEM,COB_OTRODEBI,1,0
SYSTEM,COM_DETASOLI,DSOL_DTMV_FK,SYSTEM,ALM_DETAMOVI,1,0
SYSTEM,COM_DETASOLI,DSOL_SCOM_FK,SYSTEM,COM_SOLICOMP,1,0
SYSTEM,COM_PLANPAGO,PPAG_EGEN_FK,SYSTEM,GEN_ESTADOS,1,0
SYSTEM,COM_PLANPAGO,PPAG_OTRS_FK,SYSTEM,PAG_OTRSCTAS,1,0
SYSTEM,COM_TMPCOMPRAS,CXML_EGEN_FK,SYSTEM,GEN_ESTADOS,1,0
SYSTEM,COM_TMPCOMPRAS,CXML_FRPG_FK,SYSTEM,GEN_FORMPAGO,1,0
SYSTEM,COM_TMPCOMPRAS,CXML_INCN_FK,SYSTEM,CNT_INTECONT,4,0
SYSTEM,COM_TMPCOMPRAS,CXML_MONE_FK,SYSTEM,GEN_MONEDA,1,0
SYSTEM,COM_TMPCOMPRAS,CXML_PAIS_FK,SYSTEM,GEN_PAIS,1,0
SYSTEM,COM_TMPCOMPRAS,CXML_PRPG_DEFINIENDO_FK,SYSTEM,GEN_PERIPAGO,1,0
SYSTEM,COM_TMPCOMPRAS,CXML_SCTR_FK,SYSTEM,CNT_SECUTRAN,1,0
SYSTEM,COM_TMPCOMPRAS,CXML_STCM_FK,SYSTEM,CNT_SUSTCOMP,1,0
SYSTEM,COM_TMPCOMPRAS,CXML_TPPG_FK,SYSTEM,GEN_TIPOPAGO,1,0
SYSTEM,CST_DETARECT,DTRC_RCTA_FK,SYSTEM,CST_RECETA,1,0
SYSTEM,CST_DETCENCS,DTCC_LTPR_FK,SYSTEM,CST_LOTEPRO,1,0
SYSTEM,CST_ORDEPROD,OPRD_ASTO_FK,SYSTEM,CNT_ASIENTO,2,0
SYSTEM,CST_ORDEPROD,OPRD_EGEN_FK,SYSTEM,GEN_ESTADOS,1,0
SYSTEM,CST_ORDEPROD,OPRD_LTPR_FK,SYSTEM,CST_LOTEPRO,1,0
SYSTEM,CST_ORDEPROD,OPRD_RCTA_FK,SYSTEM,CST_RECETA,1,0
SYSTEM,CST_SIMUDETA,DSIM_SIMU_FK,SYSTEM,CST_SIMUCABE,1,0
SYSTEM,CST_VARIPROD,VARP_VARP_FK,SYSTEM,CST_VARIPROD,1,0
SYSTEM,ECL_DETAFORMU,DTFR_DTFR_FK,SYSTEM,ECL_DETAFORMU,2,0
SYSTEM,ECL_DETAFORMU,DTFR_FRML_FK,SYSTEM,ECL_FORMULARIO,1,0
SYSTEM,ECT_DETADECLA,DTDC_DTFR_FK,SYSTEM,ECL_DETAFORMU,2,0
SYSTEM,GEN_PERIPAGO,PRPG_FRPG_FK,SYSTEM,GEN_FORMPAGO,1,0
SYSTEM,IMP_DENOTAPEDI,DTNP_DREQ_FK,SYSTEM,ALM_DETAREQU,1,0
SYSTEM,IMP_DENOTAPEDI,DTNP_DTNP_FK,SYSTEM,IMP_DENOTAPEDI,1,0
SYSTEM,IMP_DENOTAPEDI,DTNP_NTPD_FK,SYSTEM,IMP_NOTAPEDI,3,0
SYSTEM,IMP_NOTAPEDI,NTPD_ASGR_FK,SYSTEM,GEN_ASEGURADORA,1,0
SYSTEM,IMP_NOTAPEDI,NTPD_CBAN_FK,SYSTEM,BAN_CTABANCARIA,3,0
SYSTEM,IMP_NOTAPEDI,NTPD_EGEN_FK,SYSTEM,GEN_ESTADOS,1,0
SYSTEM,IMP_NOTAPEDI,NTPD_IMPT_FK,SYSTEM,IMP_IMPORTAC,3,0
SYSTEM,IMP_NOTAPEDI,NTPD_MONE_FK,SYSTEM,GEN_MONEDA,1,0
SYSTEM,IMP_NOTAPEDI,NTPD_NTPD_FK,SYSTEM,IMP_NOTAPEDI,3,0
SYSTEM,IMP_NOTAPEDI,NTPD_REQU_FK,SYSTEM,ALM_REQUERIM,4,0
SYSTEM,IMP_NOTAPEDI,NTPD_UMED_FK,SYSTEM,ALM_UNIDMEDI,1,0
SYSTEM,INF_DETAEQUI,INDE_EGEN_FK,SYSTEM,GEN_ESTADOS,1,0
SYSTEM,PAG_DETAPAGO,DPAG_ASTO_FK,SYSTEM,CNT_ASIENTO,2,0
SYSTEM,PAG_DETAPAGO,DPAG_EGEN_FK,SYSTEM,GEN_ESTADOS,1,0
SYSTEM,PAG_DETAPAGO,DPAG_NCPR_FK,SYSTEM,COM_NOTACREDI,5,0
SYSTEM,PAG_DETAPAGO,DPAG_PPAG_FK,SYSTEM,COM_PLANPAGO,1,0
SYSTEM,PRT_DETASIENTO,PDAS_GPCM_FK,SYSTEM,PRT_GRUPOSCOM,1,0
SYSTEM,PRT_DETASIENTO,PDAS_PCTS_FK,SYSTEM,PRT_CUENTAS,1,0
SYSTEM,PRT_DETASIENTO,PDAS_PTBN_FK,SYSTEM,PRT_TRANSBANCA,1,0
SYSTEM,PRT_DETASOLI,PDSL_ESOL_FK,SYSTEM,CLI_ESTADSOLIC,1,0
SYSTEM,PRT_DETASOLI,PDSL_PCRG_FK,SYSTEM,PRT_CARGO,1,0
SYSTEM,PRT_DETASOLI,PDSL_PRTC_FK,SYSTEM,PRT_TIPOCREDI,1,0
SYSTEM,PRT_DETASOLI,PDSL_PSLG_FK,SYSTEM,PRT_SOLIGRUP,1,0
SYSTEM,PRT_DETASOLI,PDSL_TPDC_FK,SYSTEM,GEN_TIPODOCU,1,0
SYSTEM,PRT_DETIPCAU,DCSL_PCTS_FK,SYSTEM,PRT_CUENTAS,1,0
SYSTEM,PRT_DETIPCAU,DCSL_TCSL_FK,SYSTEM,PRT_TIPOCAUSAL,1,0
SYSTEM,PRT_DETIPCAU,DCSL_TPDC_FK,SYSTEM,GEN_TIPODOCU,1,0
SYSTEM,PRT_SIMUDETA,SDET_CCPT_FK,SYSTEM,PRT_CLASCAPI,1,0
SYSTEM,PRT_SIMUDETA,SDET_EGEN_FK,SYSTEM,GEN_ESTADOS,1,0
SYSTEM,PRT_SIMUDETA,SDET_FRPG_FK,SYSTEM,GEN_FORMPAGO,1,0
SYSTEM,PRT_SIMUDETA,SDET_SMCR_FK,SYSTEM,PRT_SIMUCRED,1,0
SYSTEM,RHH_DETAPRES,DPRS_PRS_FK,SYSTEM,RHH_PRESUPUESTO,3,0
SYSTEM,RHH_DETAVENC,CUOTAS_ASTO_FK,SYSTEM,CNT_ASIENTO,2,0
SYSTEM,RHH_DETAVENC,CUOTAS_EGEN_FK,SYSTEM,GEN_ESTADOS,1,0
SYSTEM,RHH_DETAVENC,CUOTAS_VNCT_FK,SYSTEM,RHH_VENCIMIEN,1,0
SYSTEM,RHH_PAGOVACA,PGVC_EGEN_FK,SYSTEM,GEN_ESTADOS,1,0
SYSTEM,RHH_PAGOVACA,PGVC_PRVN_FK,SYSTEM,RHH_PROVICION,3,0
SYSTEM,SEG_PRODUSUA,PDUS_PRDT_FK,SYSTEM,GEN_PRODUCTOS,1,0
SYSTEM,SEG_PRODUSUA,PDUS_USUA_FK,SYSTEM,SEG_USUARIO,1,0
SYSTEM,SRI_DETALOGF,ERDO_TPER_FK,SYSTEM,SRI_TPERSSRI,1,0
SYSTEM,SRI_LOGFACTU,LGFA_TPCM_FK,SYSTEM,CNT_TIPOCOMP,1,0
SYSTEM,SRV_SEPRVDET,SPVD_EGEN_FK,SYSTEM,GEN_ESTADOS,1,0
SYSTEM,SRV_SEPRVDET,SPVD_RCDP_FK,SYSTEM,CLI_RCCLDAPE,3,0
SYSTEM,SRV_SEPRVDET,SPVD_SPVC_FK,SYSTEM,SRV_SEPRVCAB,1,0
SYSTEM,SRV_SEPRVDET,SPVD_SPVD_FK,SYSTEM,SRV_SEPRVDET,1,0
SYSTEM,SRV_SEPRVDET,SPVD_STCR_FK,SYSTEM,SRV_STCONREC,1,0
SYSTEM,SRV_SEPRVDET,SPVD_UMED_FK,SYSTEM,ALM_UNIDMEDI,1,0
SYSTEM,TLL_DETAORDEN,DTOR_ORTB_FK,SYSTEM,TLL_ORDETRAB,3,0
SYSTEM,TLL_DETAREQUI,DTRQ_BDGA_FK,SYSTEM,ALM_BODEGAS,3,0
SYSTEM,TLL_DETAREQUI,DTRQ_ONRC_FK,SYSTEM,TLL_ORDENTRC,4,0
SYSTEM,TLL_ORDENTRC,ONRC_DTOR_FK,SYSTEM,TLL_DETAORDEN,1,0
SYSTEM,TLL_ORDENTRC,ONRC_ENSA_FK,SYSTEM,ALM_ENTRASALI,4,0
SYSTEM,TLL_ORDENTRC,ONRC_ORTB_FK,SYSTEM,TLL_ORDETRAB,3,0
SYSTEM,TLL_ORDETRAB,ORTB_CDT_FK,SYSTEM,CLI_CONDUCTR,1,0
SYSTEM,TLL_ORDETRAB,ORTB_EGEN_FK,SYSTEM,GEN_ESTADOS,1,0
SYSTEM,TLL_ORDETRAB,ORTB_ORTB_FK,SYSTEM,TLL_ORDETRAB,3,0
SYSTEM,TLL_ORDETRAB,ORTB_TPDG_FK,SYSTEM,TLL_TIPODIAG,1,0
SYSTEM,TLL_ORDETRAB,ORTB_TPTB_FK,SYSTEM,TLL_TPORDTRA,1,0
SYSTEM,TLL_ORDETRAB,ORTB_VHTL_FK,SYSTEM,TLL_VEHITALL,3,0
SYSTEM,VEN_DETAFLET,DTFL_CANT_FK,SYSTEM,GEN_CANTON,2,0
SYSTEM,VEN_DETAFLET,DTFL_SRFL_FK,SYSTEM,GEN_SERVFLET,3,0
SYSTEM,VEN_DETAPROD,DPR_DPR_FK,SYSTEM,VEN_DETAPROD,1,0
SYSTEM,VEN_DETAPROD,DPR_NCCL_FK,SYSTEM,VEN_NOTACRED,4,0
SYSTEM,VEN_DETAPROD,DPR_VNTA_FK,SYSTEM,VEN_VENTAS,5,0
SYSTEM,VEN_DETAPROF,DPRF_DPRF_FK,SYSTEM,VEN_DETAPROF,1,0
SYSTEM,VEN_DETAPROF,DPRF_PRFM_FK,SYSTEM,VEN_PROFORMA,1,0
SYSTEM,VEN_DETAPROF,DPRF_RCTA_FK,SYSTEM,CST_RECETA,1,0
SYSTEM,VEN_DETAPROF,DPRF_SECC_FK,SYSTEM,ALM_SECCFISC,4,0
SYSTEM,VEN_DETAPROF,DPRF_UMED_FK,SYSTEM,ALM_UNIDMEDI,1,0
SYSTEM,VEN_DETAPROF,DPRF_UMED_FK2,SYSTEM,ALM_UNIDMEDI,1,0
SYSTEM,VEN_DETARTPR,DTPR_LNEA_FK,SYSTEM,ALM_LINEAS,2,0
SYSTEM,VEN_DETARTPR,DTPR_VEXI_FK,SYSTEM,ALM_VRFCEXIS,1,0
SYSTEM,VEN_GRPOVENT,GRVN_CDT_FK,SYSTEM,CLI_CONDUCTR,1,0
SYSTEM,VEN_GRPOVENT,GRVN_PRFM_FK,SYSTEM,VEN_PROFORMA,1,0
SYSTEM,VEN_GRPOVENT,GRVN_VHCL_FK,SYSTEM,CLI_VEHICULO,1,0
SYSTEM,VEN_PLANPAGO,PLPP_EGEN_FK,SYSTEM,GEN_ESTADOS,1,0
SYSTEM,VEN_PLANPAGO,PLPP_PRFM_FK,SYSTEM,VEN_PROFORMA,1,0
SYSTEM,VEN_TMPRETDETA,TRDT_TMRT_FK,SYSTEM,VEN_TMPRETENC,3,0
SYSTEM,VEN_TMPRETDETA,TRDT_TRET_FK,SYSTEM,CNT_TIPORETE,1,0
SYSTEM,VEN_VENTAS,VNTA_ASTO_FK,SYSTEM,CNT_ASIENTO,2,0
SYSTEM,VEN_VENTAS,VNTA_DIDE_FK,SYSTEM,CLI_DIASDESC,1,0
SYSTEM,VEN_VENTAS,VNTA_EGEN_FK,SYSTEM,GEN_ESTADOS,1,0
SYSTEM,VEN_VENTAS,VNTA_FRPG_FK,SYSTEM,GEN_FORMPAGO,1,0
SYSTEM,VEN_VENTAS,VNTA_GRPS_FK,SYSTEM,VEN_GRUPOS,6,0
SYSTEM,VEN_VENTAS,VNTA_INCN_FK,SYSTEM,CNT_INTECONT,4,0
SYSTEM,VEN_VENTAS,VNTA_LTPR_FK,SYSTEM,CST_LOTEPRO,1,0
SYSTEM,VEN_VENTAS,VNTA_MONE_FK,SYSTEM,GEN_MONEDA,1,0
SYSTEM,VEN_VENTAS,VNTA_ORTB_FK,SYSTEM,TLL_ORDETRAB,3,0
SYSTEM,VEN_VENTAS,VNTA_PRFM_FK,SYSTEM,VEN_PROFORMA,1,0
SYSTEM,VEN_VENTAS,VNTA_PRPG_FK,SYSTEM,GEN_PERIPAGO,1,0
SYSTEM,VEN_VENTAS,VNTA_SCTR_FK,SYSTEM,CNT_SECUTRAN,1,0
SYSTEM,VEN_VENTAS,VNTA_TPAG_FK,SYSTEM,CLI_TPAGRUPA,1,0
SYSTEM,VEN_VENTAS,VNTA_TPCM_FK,SYSTEM,CNT_TIPOCOMP,1,0
SYSTEM,VEN_VENTAS,VNTA_VNTA_FK,SYSTEM,VEN_VENTAS,5,0
SYSTEM,VEN_VENTPERD,VNPD_VNTA_FK,SYSTEM,VEN_VENTAS,5,0
