sheet,cell,row,column,source,target_header,value_state,reason,label,description
BC,B5,5,B/2,general,,,label_context,ENTIDAD CONTRATANTE,"Rellenar 'ENTIDAD CONTRATANTE' en BC!B5 (fila 5, columna B/2). Referencia detectada en A5 (left)."
BC,B6,6,B/2,general,,,label_context,CLIENTE,"Rellenar 'CLIENTE' en BC!B6 (fila 6, columna B/2). Referencia detectada en A6 (left)."
BC,B7,7,B/2,general,,,label_context,Código del Proceso,"Rellenar 'Código del Proceso' en BC!B7 (fila 7, columna B/2). Referencia detectada en A7 (left)."
BC,B8,8,B/2,general,,,label_context,Objeto de contratación,"Rellenar 'Objeto de contratación' en BC!B8 (fila 8, columna B/2). Referencia detectada en A8 (left)."
BC,B9,9,B/2,general,,,label_context,Provincia /Ciudad,"Rellenar 'Provincia /Ciudad' en BC!B9 (fila 9, columna B/2). Referencia detectada en A9 (left)."
BC,B11,11,B/2,general,,,label_context,Número de días por semana que trabaja el laboratorio,"Rellenar 'Número de días por semana que trabaja el laboratorio' en BC!B11 (fila 11, columna B/2). Referencia detectada en A11 (left)."
BC,B12,12,B/2,general,,,label_context,Turnos por dia,"Rellenar 'Turnos por dia' en BC!B12 (fila 12, columna B/2). Referencia detectada en A12 (left)."
BC,B13,13,B/2,general,,,label_context,Horas por turno,"Rellenar 'Horas por turno' en BC!B13 (fila 13, columna B/2). Referencia detectada en A13 (left)."
BC,B14,14,B/2,general,,,label_context,Controles de calidad por turno,"Rellenar 'Controles de calidad por turno' en BC!B14 (fila 14, columna B/2). Referencia detectada en A14 (left)."
BC,B15,15,B/2,general,,,label_context,Niveles de Control,"Rellenar 'Niveles de Control' en BC!B15 (fila 15, columna B/2). Referencia detectada en A15 (left)."
BC,B16,16,B/2,general,,,label_context,Frecuencia de controles de calidad  (Rutina),"Rellenar 'Frecuencia de controles de calidad  (Rutina)' en BC!B16 (fila 16, columna B/2). Referencia detectada en A16 (left)."
BC,B17,17,B/2,general,,,label_context,Pruebas Especiales,"Rellenar 'Pruebas Especiales' en BC!B17 (fila 17, columna B/2). Referencia detectada en A17 (left)."
BC,B18,18,B/2,general,,,label_context,Frecuencia de controles de calidad pruebas especiales,"Rellenar 'Frecuencia de controles de calidad pruebas especiales' en BC!B18 (fila 18, columna B/2). Referencia detectada en A18 (left)."
BC,B20,20,B/2,general,,,label_context,Nombre de Equipo Principal,"Rellenar 'Nombre de Equipo Principal' en BC!B20 (fila 20, columna B/2). Referencia detectada en A20 (left)."
BC,B22,22,B/2,general,,,label_context,Estado de equipo: Propio / Alquilado /Nuevo /Reservado/ Serie (FAM),"Rellenar 'Estado de equipo: Propio / Alquilado /Nuevo /Reservado/ Serie (FAM)' en BC!B22 (fila 22, columna B/2). Referencia detectada en A22 (left)."
BC,B23,23,B/2,general,,,label_context,Imagen reserva de equipo,"Rellenar 'Imagen reserva de equipo' en BC!B23 (fila 23, columna B/2). Referencia detectada en A23 (left)."
BC,B24,24,B/2,general,,,label_context,Nombre de Equipo Back up,"Rellenar 'Nombre de Equipo Back up' en BC!B24 (fila 24, columna B/2). Referencia detectada en A24 (left)."
BC,B25,25,B/2,general,,,label_context,Estado de equipo back up (nuevo / usado/ año de fabricación),"Rellenar 'Estado de equipo back up (nuevo / usado/ año de fabricación)' en BC!B25 (fila 25, columna B/2). Referencia detectada en A25 (left)."
BC,B26,26,B/2,general,,,label_context,Se debe instalar a la par del equipo principal? SI/NO,"Rellenar 'Se debe instalar a la par del equipo principal? SI/NO' en BC!B26 (fila 26, columna B/2). Referencia detectada en A26 (left)."
BC,B27,27,B/2,general,,,label_context,Ubicación de los equipos a instalar,"Rellenar 'Ubicación de los equipos a instalar' en BC!B27 (fila 27, columna B/2). Referencia detectada en A27 (left)."
BC,B28,28,B/2,general,,,label_context,Permite equipo provisional,"Rellenar 'Permite equipo provisional' en BC!B28 (fila 28, columna B/2). Referencia detectada en A28 (left)."
BC,B29,29,B/2,general,,,label_context,Requiere equipo complementario) SI/NO,"Rellenar 'Requiere equipo complementario) SI/NO' en BC!B29 (fila 29, columna B/2). Referencia detectada en A29 (left)."
BC,B30,30,B/2,general,,,label_context,"Equipo complementario, para que prueba","Rellenar 'Equipo complementario, para que prueba' en BC!B30 (fila 30, columna B/2). Referencia detectada en A30 (left)."
BC,B32,32,B/2,general,,,label_context,Incluye LIS : Si / No,"Rellenar 'Incluye LIS : Si / No' en BC!B32 (fila 32, columna B/2). Referencia detectada en A32 (left)."
BC,B33,33,B/2,general,,,label_context,Proveedor del sistema a trabajar,"Rellenar 'Proveedor del sistema a trabajar' en BC!B33 (fila 33, columna B/2). Referencia detectada en A33 (left)."
BC,B34,34,B/2,general,,,label_context,Incluye Hadware: Si/No,"Rellenar 'Incluye Hadware: Si/No' en BC!B34 (fila 34, columna B/2). Referencia detectada en A34 (left)."
BC,B35,35,B/2,general,,,label_context,Número de pacientes MENSUAL,"Rellenar 'Número de pacientes MENSUAL' en BC!B35 (fila 35, columna B/2). Referencia detectada en A35 (left)."
BC,B36,36,B/2,general,,,label_context,Interfaz a sistema actual,"Rellenar 'Interfaz a sistema actual' en BC!B36 (fila 36, columna B/2). Referencia detectada en A36 (left)."
BC,B37,37,B/2,general,,,label_context,Nombre del sistema,"Rellenar 'Nombre del sistema' en BC!B37 (fila 37, columna B/2). Referencia detectada en A37 (left)."
BC,B38,38,B/2,general,,,label_context,Proveedor,"Rellenar 'Proveedor' en BC!B38 (fila 38, columna B/2). Referencia detectada en A38 (left)."
BC,B39,39,B/2,general,,,label_context,Incluye Hadware: Si/No,"Rellenar 'Incluye Hadware: Si/No' en BC!B39 (fila 39, columna B/2). Referencia detectada en A39 (left)."
BC,B40,40,B/2,general,,,label_context,Interfaz de equipos,"Rellenar 'Interfaz de equipos' en BC!B40 (fila 40, columna B/2). Referencia detectada en A40 (left)."
BC,B41,41,B/2,general,,,label_context,Modelo / Proveedor,"Rellenar 'Modelo / Proveedor' en BC!B41 (fila 41, columna B/2). Referencia detectada en A41 (left)."
BC,B42,42,B/2,general,,,label_context,Modelo / Proveedor,"Rellenar 'Modelo / Proveedor' en BC!B42 (fila 42, columna B/2). Referencia detectada en A42 (left)."
BC,B43,43,B/2,general,,,label_context,Modelo / Proveedor,"Rellenar 'Modelo / Proveedor' en BC!B43 (fila 43, columna B/2). Referencia detectada en A43 (left)."
BC,B45,45,B/2,general,,,label_context,Cobro de arriendo del equipamiento: Si / NO (GERENCIA),"Rellenar 'Cobro de arriendo del equipamiento: Si / NO (GERENCIA)' en BC!B45 (fila 45, columna B/2). Referencia detectada en A45 (left)."
BC,B46,46,B/2,general,,,label_context,Plazo,"Rellenar 'Plazo' en BC!B46 (fila 46, columna B/2). Referencia detectada en A46 (left)."
BC,B47,47,B/2,general,,,label_context,Proyección de plazo,"Rellenar 'Proyección de plazo' en BC!B47 (fila 47, columna B/2). Referencia detectada en A47 (left)."
BC,B49,49,B/2,general,,,label_context,Presupuesto Referencial del proceso,"Rellenar 'Presupuesto Referencial del proceso' en BC!B49 (fila 49, columna B/2). Referencia detectada en A49 (left)."
BC,B50,50,B/2,general,,,label_context,Porcentaje máximo de canje,"Rellenar 'Porcentaje máximo de canje' en BC!B50 (fila 50, columna B/2). Referencia detectada en A50 (left)."
BC,B51,51,B/2,general,,,label_context,Compromiso de compra (GERENCIA),"Rellenar 'Compromiso de compra (GERENCIA)' en BC!B51 (fila 51, columna B/2). Referencia detectada en A51 (left)."
BC,B53,53,B/2,general,,,label_context,Total/Parcial - tiempo/Parcial a necesidad del laboratorio,"Rellenar 'Total/Parcial - tiempo/Parcial a necesidad del laboratorio' en BC!B53 (fila 53, columna B/2). Referencia detectada en A53 (left)."
BC,B54,54,B/2,general,,,label_context,Determinacion Efectiva Si/No,"Rellenar 'Determinacion Efectiva Si/No' en BC!B54 (fila 54, columna B/2). Referencia detectada en A54 (left)."
BC,B55,55,B/2,general,,,label_context,Observaciones,"Rellenar 'Observaciones' en BC!B55 (fila 55, columna B/2). Referencia detectada en A55 (left)."
BC,A56,56,A/1,general,,,label_context,Observaciones,"Rellenar 'Observaciones' en BC!A56 (fila 56, columna A/1). Referencia detectada en A55 (up)."
BC,B58,58,B/2,objective,Características,empty,target_column_empty,Control externo de tercera opinión,"Rellenar columna 'Características' en BC!B58 (fila 58, columna B/2). Contexto de fila: 'Control externo de tercera opinión' en A58."
BC,D58,58,D/4,objective,Cantidad,empty,target_column_empty,Control externo de tercera opinión,"Rellenar columna 'Cantidad' en BC!D58 (fila 58, columna D/4). Contexto de fila: 'Control externo de tercera opinión' en A58."
BC,E58,58,E/5,objective,Precio,empty,target_column_empty,Control externo de tercera opinión,"Rellenar columna 'Precio' en BC!E58 (fila 58, columna E/5). Contexto de fila: 'Control externo de tercera opinión' en A58."
BC,B59,59,B/2,objective,Características,empty,target_column_empty,Control interno interlaboratorial,"Rellenar columna 'Características' en BC!B59 (fila 59, columna B/2). Contexto de fila: 'Control interno interlaboratorial' en A59."
BC,D59,59,D/4,objective,Cantidad,empty,target_column_empty,Control interno interlaboratorial,"Rellenar columna 'Cantidad' en BC!D59 (fila 59, columna D/4). Contexto de fila: 'Control interno interlaboratorial' en A59."
BC,E59,59,E/5,objective,Precio,empty,target_column_empty,Control interno interlaboratorial,"Rellenar columna 'Precio' en BC!E59 (fila 59, columna E/5). Contexto de fila: 'Control interno interlaboratorial' en A59."
BC,B60,60,B/2,objective,Características,empty,target_column_empty,Póliza de Fiel Cumplimiento del Contrato,"Rellenar columna 'Características' en BC!B60 (fila 60, columna B/2). Contexto de fila: 'Póliza de Fiel Cumplimiento del Contrato' en A60."
BC,D60,60,D/4,objective,Cantidad,empty,target_column_empty,Póliza de Fiel Cumplimiento del Contrato,"Rellenar columna 'Cantidad' en BC!D60 (fila 60, columna D/4). Contexto de fila: 'Póliza de Fiel Cumplimiento del Contrato' en A60."
BC,E60,60,E/5,objective,Precio,empty,target_column_empty,Póliza de Fiel Cumplimiento del Contrato,"Rellenar columna 'Precio' en BC!E60 (fila 60, columna E/5). Contexto de fila: 'Póliza de Fiel Cumplimiento del Contrato' en A60."
BC,B61,61,B/2,objective,Características,empty,target_column_empty,Póliza de seguro de equipos,"Rellenar columna 'Características' en BC!B61 (fila 61, columna B/2). Contexto de fila: 'Póliza de seguro de equipos' en A61."
BC,D61,61,D/4,objective,Cantidad,empty,target_column_empty,Póliza de seguro de equipos,"Rellenar columna 'Cantidad' en BC!D61 (fila 61, columna D/4). Contexto de fila: 'Póliza de seguro de equipos' en A61."
BC,E61,61,E/5,objective,Precio,empty,target_column_empty,Póliza de seguro de equipos,"Rellenar columna 'Precio' en BC!E61 (fila 61, columna E/5). Contexto de fila: 'Póliza de seguro de equipos' en A61."
BC,B62,62,B/2,objective,Características,empty,target_column_empty,Ups equipo,"Rellenar columna 'Características' en BC!B62 (fila 62, columna B/2). Contexto de fila: 'Ups equipo' en A62."
BC,D62,62,D/4,objective,Cantidad,empty,target_column_empty,Ups equipo,"Rellenar columna 'Cantidad' en BC!D62 (fila 62, columna D/4). Contexto de fila: 'Ups equipo' en A62."
BC,E62,62,E/5,objective,Precio,empty,target_column_empty,Ups equipo,"Rellenar columna 'Precio' en BC!E62 (fila 62, columna E/5). Contexto de fila: 'Ups equipo' en A62."
BC,B63,63,B/2,objective,Características,empty,target_column_empty,Ups servidor,"Rellenar columna 'Características' en BC!B63 (fila 63, columna B/2). Contexto de fila: 'Ups servidor' en A63."
BC,D63,63,D/4,objective,Cantidad,empty,target_column_empty,Ups servidor,"Rellenar columna 'Cantidad' en BC!D63 (fila 63, columna D/4). Contexto de fila: 'Ups servidor' en A63."
BC,E63,63,E/5,objective,Precio,empty,target_column_empty,Ups servidor,"Rellenar columna 'Precio' en BC!E63 (fila 63, columna E/5). Contexto de fila: 'Ups servidor' en A63."
BC,B64,64,B/2,objective,Características,empty,target_column_empty,LIS,"Rellenar columna 'Características' en BC!B64 (fila 64, columna B/2). Contexto de fila: 'LIS' en A64."
BC,D64,64,D/4,objective,Cantidad,empty,target_column_empty,LIS,"Rellenar columna 'Cantidad' en BC!D64 (fila 64, columna D/4). Contexto de fila: 'LIS' en A64."
BC,E64,64,E/5,objective,Precio,empty,target_column_empty,LIS,"Rellenar columna 'Precio' en BC!E64 (fila 64, columna E/5). Contexto de fila: 'LIS' en A64."
BC,B65,65,B/2,objective,Características,empty,target_column_empty,Interfaz,"Rellenar columna 'Características' en BC!B65 (fila 65, columna B/2). Contexto de fila: 'Interfaz' en A65."
BC,D65,65,D/4,objective,Cantidad,empty,target_column_empty,Interfaz,"Rellenar columna 'Cantidad' en BC!D65 (fila 65, columna D/4). Contexto de fila: 'Interfaz' en A65."
BC,E65,65,E/5,objective,Precio,empty,target_column_empty,Interfaz,"Rellenar columna 'Precio' en BC!E65 (fila 65, columna E/5). Contexto de fila: 'Interfaz' en A65."
BC,B66,66,B/2,objective,Características,empty,target_column_empty,Lantronix,"Rellenar columna 'Características' en BC!B66 (fila 66, columna B/2). Contexto de fila: 'Lantronix' en A66."
BC,D66,66,D/4,objective,Cantidad,empty,target_column_empty,Lantronix,"Rellenar columna 'Cantidad' en BC!D66 (fila 66, columna D/4). Contexto de fila: 'Lantronix' en A66."
BC,E66,66,E/5,objective,Precio,empty,target_column_empty,Lantronix,"Rellenar columna 'Precio' en BC!E66 (fila 66, columna E/5). Contexto de fila: 'Lantronix' en A66."
BC,B67,67,B/2,objective,Características,empty,target_column_empty,IP publica,"Rellenar columna 'Características' en BC!B67 (fila 67, columna B/2). Contexto de fila: 'IP publica' en A67."
BC,D67,67,D/4,objective,Cantidad,empty,target_column_empty,IP publica,"Rellenar columna 'Cantidad' en BC!D67 (fila 67, columna D/4). Contexto de fila: 'IP publica' en A67."
BC,E67,67,E/5,objective,Precio,empty,target_column_empty,IP publica,"Rellenar columna 'Precio' en BC!E67 (fila 67, columna E/5). Contexto de fila: 'IP publica' en A67."
BC,B68,68,B/2,objective,Características,empty,target_column_empty,Punto de consulta web,"Rellenar columna 'Características' en BC!B68 (fila 68, columna B/2). Contexto de fila: 'Punto de consulta web' en A68."
BC,D68,68,D/4,objective,Cantidad,empty,target_column_empty,Punto de consulta web,"Rellenar columna 'Cantidad' en BC!D68 (fila 68, columna D/4). Contexto de fila: 'Punto de consulta web' en A68."
BC,E68,68,E/5,objective,Precio,empty,target_column_empty,Punto de consulta web,"Rellenar columna 'Precio' en BC!E68 (fila 68, columna E/5). Contexto de fila: 'Punto de consulta web' en A68."
BC,B69,69,B/2,objective,Características,empty,target_column_empty,Internet,"Rellenar columna 'Características' en BC!B69 (fila 69, columna B/2). Contexto de fila: 'Internet' en A69."
BC,D69,69,D/4,objective,Cantidad,empty,target_column_empty,Internet,"Rellenar columna 'Cantidad' en BC!D69 (fila 69, columna D/4). Contexto de fila: 'Internet' en A69."
BC,E69,69,E/5,objective,Precio,empty,target_column_empty,Internet,"Rellenar columna 'Precio' en BC!E69 (fila 69, columna E/5). Contexto de fila: 'Internet' en A69."
BC,B70,70,B/2,objective,Características,empty,target_column_empty,Router para Internet,"Rellenar columna 'Características' en BC!B70 (fila 70, columna B/2). Contexto de fila: 'Router para Internet' en A70."
BC,D70,70,D/4,objective,Cantidad,empty,target_column_empty,Router para Internet,"Rellenar columna 'Cantidad' en BC!D70 (fila 70, columna D/4). Contexto de fila: 'Router para Internet' en A70."
BC,E70,70,E/5,objective,Precio,empty,target_column_empty,Router para Internet,"Rellenar columna 'Precio' en BC!E70 (fila 70, columna E/5). Contexto de fila: 'Router para Internet' en A70."
BC,B71,71,B/2,objective,Características,empty,target_column_empty,Servidor,"Rellenar columna 'Características' en BC!B71 (fila 71, columna B/2). Contexto de fila: 'Servidor' en A71."
BC,D71,71,D/4,objective,Cantidad,empty,target_column_empty,Servidor,"Rellenar columna 'Cantidad' en BC!D71 (fila 71, columna D/4). Contexto de fila: 'Servidor' en A71."
BC,E71,71,E/5,objective,Precio,empty,target_column_empty,Servidor,"Rellenar columna 'Precio' en BC!E71 (fila 71, columna E/5). Contexto de fila: 'Servidor' en A71."
BC,B72,72,B/2,objective,Características,empty,target_column_empty,Computadores,"Rellenar columna 'Características' en BC!B72 (fila 72, columna B/2). Contexto de fila: 'Computadores' en A72."
BC,D72,72,D/4,objective,Cantidad,empty,target_column_empty,Computadores,"Rellenar columna 'Cantidad' en BC!D72 (fila 72, columna D/4). Contexto de fila: 'Computadores' en A72."
BC,E72,72,E/5,objective,Precio,empty,target_column_empty,Computadores,"Rellenar columna 'Precio' en BC!E72 (fila 72, columna E/5). Contexto de fila: 'Computadores' en A72."
BC,B73,73,B/2,objective,Características,empty,target_column_empty,Mantenimiento Computador,"Rellenar columna 'Características' en BC!B73 (fila 73, columna B/2). Contexto de fila: 'Mantenimiento Computador' en A73."
BC,D73,73,D/4,objective,Cantidad,empty,target_column_empty,Mantenimiento Computador,"Rellenar columna 'Cantidad' en BC!D73 (fila 73, columna D/4). Contexto de fila: 'Mantenimiento Computador' en A73."
BC,E73,73,E/5,objective,Precio,empty,target_column_empty,Mantenimiento Computador,"Rellenar columna 'Precio' en BC!E73 (fila 73, columna E/5). Contexto de fila: 'Mantenimiento Computador' en A73."
BC,B74,74,B/2,objective,Características,empty,target_column_empty,Impresora,"Rellenar columna 'Características' en BC!B74 (fila 74, columna B/2). Contexto de fila: 'Impresora' en A74."
BC,D74,74,D/4,objective,Cantidad,empty,target_column_empty,Impresora,"Rellenar columna 'Cantidad' en BC!D74 (fila 74, columna D/4). Contexto de fila: 'Impresora' en A74."
BC,E74,74,E/5,objective,Precio,empty,target_column_empty,Impresora,"Rellenar columna 'Precio' en BC!E74 (fila 74, columna E/5). Contexto de fila: 'Impresora' en A74."
BC,B75,75,B/2,objective,Características,empty,target_column_empty,Man,"Rellenar columna 'Características' en BC!B75 (fila 75, columna B/2). Contexto de fila: 'Man' en A75."
BC,D75,75,D/4,objective,Cantidad,empty,target_column_empty,Man,"Rellenar columna 'Cantidad' en BC!D75 (fila 75, columna D/4). Contexto de fila: 'Man' en A75."
BC,E75,75,E/5,objective,Precio,empty,target_column_empty,Man,"Rellenar columna 'Precio' en BC!E75 (fila 75, columna E/5). Contexto de fila: 'Man' en A75."
BC,B76,76,B/2,objective,Características,empty,target_column_empty,Tinta,"Rellenar columna 'Características' en BC!B76 (fila 76, columna B/2). Contexto de fila: 'Tinta' en A76."
BC,D76,76,D/4,objective,Cantidad,empty,target_column_empty,Tinta,"Rellenar columna 'Cantidad' en BC!D76 (fila 76, columna D/4). Contexto de fila: 'Tinta' en A76."
BC,E76,76,E/5,objective,Precio,empty,target_column_empty,Tinta,"Rellenar columna 'Precio' en BC!E76 (fila 76, columna E/5). Contexto de fila: 'Tinta' en A76."
BC,B77,77,B/2,objective,Características,empty,target_column_empty,Toner para impresora de equipos (en caso de dejar las impresoras),"Rellenar columna 'Características' en BC!B77 (fila 77, columna B/2). Contexto de fila: 'Toner para impresora de equipos (en caso de dejar las impresoras)' en A77."
BC,D77,77,D/4,objective,Cantidad,empty,target_column_empty,Toner para impresora de equipos (en caso de dejar las impresoras),"Rellenar columna 'Cantidad' en BC!D77 (fila 77, columna D/4). Contexto de fila: 'Toner para impresora de equipos (en caso de dejar las impresoras)' en A77."
BC,E77,77,E/5,objective,Precio,empty,target_column_empty,Toner para impresora de equipos (en caso de dejar las impresoras),"Rellenar columna 'Precio' en BC!E77 (fila 77, columna E/5). Contexto de fila: 'Toner para impresora de equipos (en caso de dejar las impresoras)' en A77."
BC,B78,78,B/2,objective,Características,empty,target_column_empty,Impresora Zebra Termica ZD230 ETHERNET Y USB,"Rellenar columna 'Características' en BC!B78 (fila 78, columna B/2). Contexto de fila: 'Impresora Zebra Termica ZD230 ETHERNET Y USB' en A78."
BC,D78,78,D/4,objective,Cantidad,empty,target_column_empty,Impresora Zebra Termica ZD230 ETHERNET Y USB,"Rellenar columna 'Cantidad' en BC!D78 (fila 78, columna D/4). Contexto de fila: 'Impresora Zebra Termica ZD230 ETHERNET Y USB' en A78."
BC,E78,78,E/5,objective,Precio,empty,target_column_empty,Impresora Zebra Termica ZD230 ETHERNET Y USB,"Rellenar columna 'Precio' en BC!E78 (fila 78, columna E/5). Contexto de fila: 'Impresora Zebra Termica ZD230 ETHERNET Y USB' en A78."
BC,B79,79,B/2,objective,Características,empty,target_column_empty,Lector inalambrico de codigo de barra,"Rellenar columna 'Características' en BC!B79 (fila 79, columna B/2). Contexto de fila: 'Lector inalambrico de codigo de barra' en A79."
BC,D79,79,D/4,objective,Cantidad,empty,target_column_empty,Lector inalambrico de codigo de barra,"Rellenar columna 'Cantidad' en BC!D79 (fila 79, columna D/4). Contexto de fila: 'Lector inalambrico de codigo de barra' en A79."
BC,E79,79,E/5,objective,Precio,empty,target_column_empty,Lector inalambrico de codigo de barra,"Rellenar columna 'Precio' en BC!E79 (fila 79, columna E/5). Contexto de fila: 'Lector inalambrico de codigo de barra' en A79."
BC,B80,80,B/2,objective,Características,empty,target_column_empty,Sistema de destilación de agua pequeño,"Rellenar columna 'Características' en BC!B80 (fila 80, columna B/2). Contexto de fila: 'Sistema de destilación de agua pequeño' en A80."
BC,D80,80,D/4,objective,Cantidad,empty,target_column_empty,Sistema de destilación de agua pequeño,"Rellenar columna 'Cantidad' en BC!D80 (fila 80, columna D/4). Contexto de fila: 'Sistema de destilación de agua pequeño' en A80."
BC,E80,80,E/5,objective,Precio,empty,target_column_empty,Sistema de destilación de agua pequeño,"Rellenar columna 'Precio' en BC!E80 (fila 80, columna E/5). Contexto de fila: 'Sistema de destilación de agua pequeño' en A80."
BC,B81,81,B/2,objective,Características,empty,target_column_empty,Sistema de osmosis,"Rellenar columna 'Características' en BC!B81 (fila 81, columna B/2). Contexto de fila: 'Sistema de osmosis' en A81."
BC,D81,81,D/4,objective,Cantidad,empty,target_column_empty,Sistema de osmosis,"Rellenar columna 'Cantidad' en BC!D81 (fila 81, columna D/4). Contexto de fila: 'Sistema de osmosis' en A81."
BC,E81,81,E/5,objective,Precio,empty,target_column_empty,Sistema de osmosis,"Rellenar columna 'Precio' en BC!E81 (fila 81, columna E/5). Contexto de fila: 'Sistema de osmosis' en A81."
BC,B82,82,B/2,objective,Características,empty,target_column_empty,Mantenimiento sistema de osmosis,"Rellenar columna 'Características' en BC!B82 (fila 82, columna B/2). Contexto de fila: 'Mantenimiento sistema de osmosis' en A82."
BC,D82,82,D/4,objective,Cantidad,empty,target_column_empty,Mantenimiento sistema de osmosis,"Rellenar columna 'Cantidad' en BC!D82 (fila 82, columna D/4). Contexto de fila: 'Mantenimiento sistema de osmosis' en A82."
BC,E82,82,E/5,objective,Precio,empty,target_column_empty,Mantenimiento sistema de osmosis,"Rellenar columna 'Precio' en BC!E82 (fila 82, columna E/5). Contexto de fila: 'Mantenimiento sistema de osmosis' en A82."
BC,B83,83,B/2,objective,Características,empty,target_column_empty,Sistema de prefiltracion,"Rellenar columna 'Características' en BC!B83 (fila 83, columna B/2). Contexto de fila: 'Sistema de prefiltracion' en A83."
BC,D83,83,D/4,objective,Cantidad,empty,target_column_empty,Sistema de prefiltracion,"Rellenar columna 'Cantidad' en BC!D83 (fila 83, columna D/4). Contexto de fila: 'Sistema de prefiltracion' en A83."
BC,E83,83,E/5,objective,Precio,empty,target_column_empty,Sistema de prefiltracion,"Rellenar columna 'Precio' en BC!E83 (fila 83, columna E/5). Contexto de fila: 'Sistema de prefiltracion' en A83."
BC,B84,84,B/2,objective,Características,empty,target_column_empty,Mantenimiento sistema pre filtración,"Rellenar columna 'Características' en BC!B84 (fila 84, columna B/2). Contexto de fila: 'Mantenimiento sistema pre filtración' en A84."
BC,D84,84,D/4,objective,Cantidad,empty,target_column_empty,Mantenimiento sistema pre filtración,"Rellenar columna 'Cantidad' en BC!D84 (fila 84, columna D/4). Contexto de fila: 'Mantenimiento sistema pre filtración' en A84."
BC,E84,84,E/5,objective,Precio,empty,target_column_empty,Mantenimiento sistema pre filtración,"Rellenar columna 'Precio' en BC!E84 (fila 84, columna E/5). Contexto de fila: 'Mantenimiento sistema pre filtración' en A84."
BC,B85,85,B/2,objective,Características,empty,target_column_empty,Tanque para resina mixta (muerta),"Rellenar columna 'Características' en BC!B85 (fila 85, columna B/2). Contexto de fila: 'Tanque para resina mixta (muerta)' en A85."
BC,D85,85,D/4,objective,Cantidad,empty,target_column_empty,Tanque para resina mixta (muerta),"Rellenar columna 'Cantidad' en BC!D85 (fila 85, columna D/4). Contexto de fila: 'Tanque para resina mixta (muerta)' en A85."
BC,E85,85,E/5,objective,Precio,empty,target_column_empty,Tanque para resina mixta (muerta),"Rellenar columna 'Precio' en BC!E85 (fila 85, columna E/5). Contexto de fila: 'Tanque para resina mixta (muerta)' en A85."
BC,B86,86,B/2,objective,Características,empty,target_column_empty,Estructura de proteccion para sistema de agua,"Rellenar columna 'Características' en BC!B86 (fila 86, columna B/2). Contexto de fila: 'Estructura de proteccion para sistema de agua' en A86."
BC,D86,86,D/4,objective,Cantidad,empty,target_column_empty,Estructura de proteccion para sistema de agua,"Rellenar columna 'Cantidad' en BC!D86 (fila 86, columna D/4). Contexto de fila: 'Estructura de proteccion para sistema de agua' en A86."
BC,E86,86,E/5,objective,Precio,empty,target_column_empty,Estructura de proteccion para sistema de agua,"Rellenar columna 'Precio' en BC!E86 (fila 86, columna E/5). Contexto de fila: 'Estructura de proteccion para sistema de agua' en A86."
BC,B87,87,B/2,objective,Características,empty,target_column_empty,"MEMBRANE EQ.OSMOSIS, AG2521TF  2.5 diam","Rellenar columna 'Características' en BC!B87 (fila 87, columna B/2). Contexto de fila: 'MEMBRANE EQ.OSMOSIS, AG2521TF  2.5 diam' en A87."
BC,D87,87,D/4,objective,Cantidad,empty,target_column_empty,"MEMBRANE EQ.OSMOSIS, AG2521TF  2.5 diam","Rellenar columna 'Cantidad' en BC!D87 (fila 87, columna D/4). Contexto de fila: 'MEMBRANE EQ.OSMOSIS, AG2521TF  2.5 diam' en A87."
BC,E87,87,E/5,objective,Precio,empty,target_column_empty,"MEMBRANE EQ.OSMOSIS, AG2521TF  2.5 diam","Rellenar columna 'Precio' en BC!E87 (fila 87, columna E/5). Contexto de fila: 'MEMBRANE EQ.OSMOSIS, AG2521TF  2.5 diam' en A87."
BC,B88,88,B/2,objective,Características,empty,target_column_empty,FILTER NOM. P/SEDIMENTS PX10-20XX  PURTR (CARBON - AZUL),"Rellenar columna 'Características' en BC!B88 (fila 88, columna B/2). Contexto de fila: 'FILTER NOM. P/SEDIMENTS PX10-20XX  PURTR (CARBON - AZUL)' en A88."
BC,D88,88,D/4,objective,Cantidad,empty,target_column_empty,FILTER NOM. P/SEDIMENTS PX10-20XX  PURTR (CARBON - AZUL),"Rellenar columna 'Cantidad' en BC!D88 (fila 88, columna D/4). Contexto de fila: 'FILTER NOM. P/SEDIMENTS PX10-20XX  PURTR (CARBON - AZUL)' en A88."
BC,E88,88,E/5,objective,Precio,empty,target_column_empty,FILTER NOM. P/SEDIMENTS PX10-20XX  PURTR (CARBON - AZUL),"Rellenar columna 'Precio' en BC!E88 (fila 88, columna E/5). Contexto de fila: 'FILTER NOM. P/SEDIMENTS PX10-20XX  PURTR (CARBON - AZUL)' en A88."
BC,B89,89,B/2,objective,Características,empty,target_column_empty,FILTER NOM.P/SEDIMENTS GX05-20XX  HYTREX (FIBRA - PAPEL - PAPEL),"Rellenar columna 'Características' en BC!B89 (fila 89, columna B/2). Contexto de fila: 'FILTER NOM.P/SEDIMENTS GX05-20XX  HYTREX (FIBRA - PAPEL - PAPEL)' en A89."
BC,D89,89,D/4,objective,Cantidad,empty,target_column_empty,FILTER NOM.P/SEDIMENTS GX05-20XX  HYTREX (FIBRA - PAPEL - PAPEL),"Rellenar columna 'Cantidad' en BC!D89 (fila 89, columna D/4). Contexto de fila: 'FILTER NOM.P/SEDIMENTS GX05-20XX  HYTREX (FIBRA - PAPEL - PAPEL)' en A89."
BC,E89,89,E/5,objective,Precio,empty,target_column_empty,FILTER NOM.P/SEDIMENTS GX05-20XX  HYTREX (FIBRA - PAPEL - PAPEL),"Rellenar columna 'Precio' en BC!E89 (fila 89, columna E/5). Contexto de fila: 'FILTER NOM.P/SEDIMENTS GX05-20XX  HYTREX (FIBRA - PAPEL - PAPEL)' en A89."
BC,B90,90,B/2,objective,Características,empty,target_column_empty,"RESINA IONICA REGENERADA 20 ""","Rellenar columna 'Características' en BC!B90 (fila 90, columna B/2). Contexto de fila: 'RESINA IONICA REGENERADA 20 ""' en A90."
BC,D90,90,D/4,objective,Cantidad,empty,target_column_empty,"RESINA IONICA REGENERADA 20 ""","Rellenar columna 'Cantidad' en BC!D90 (fila 90, columna D/4). Contexto de fila: 'RESINA IONICA REGENERADA 20 ""' en A90."
BC,E90,90,E/5,objective,Precio,empty,target_column_empty,"RESINA IONICA REGENERADA 20 ""","Rellenar columna 'Precio' en BC!E90 (fila 90, columna E/5). Contexto de fila: 'RESINA IONICA REGENERADA 20 ""' en A90."
BC,B91,91,B/2,objective,Características,empty,target_column_empty,RESINA MUERTA 16kilos,"Rellenar columna 'Características' en BC!B91 (fila 91, columna B/2). Contexto de fila: 'RESINA MUERTA 16kilos' en A91."
BC,D91,91,D/4,objective,Cantidad,empty,target_column_empty,RESINA MUERTA 16kilos,"Rellenar columna 'Cantidad' en BC!D91 (fila 91, columna D/4). Contexto de fila: 'RESINA MUERTA 16kilos' en A91."
BC,E91,91,E/5,objective,Precio,empty,target_column_empty,RESINA MUERTA 16kilos,"Rellenar columna 'Precio' en BC!E91 (fila 91, columna E/5). Contexto de fila: 'RESINA MUERTA 16kilos' en A91."
BC,B92,92,B/2,objective,Características,empty,target_column_empty,Sal en grano x quintal,"Rellenar columna 'Características' en BC!B92 (fila 92, columna B/2). Contexto de fila: 'Sal en grano x quintal' en A92."
BC,D92,92,D/4,objective,Cantidad,empty,target_column_empty,Sal en grano x quintal,"Rellenar columna 'Cantidad' en BC!D92 (fila 92, columna D/4). Contexto de fila: 'Sal en grano x quintal' en A92."
BC,E92,92,E/5,objective,Precio,empty,target_column_empty,Sal en grano x quintal,"Rellenar columna 'Precio' en BC!E92 (fila 92, columna E/5). Contexto de fila: 'Sal en grano x quintal' en A92."
BC,B93,93,B/2,objective,Características,empty,target_column_empty,Modificaciones de espacio fisico - estructura,"Rellenar columna 'Características' en BC!B93 (fila 93, columna B/2). Contexto de fila: 'Modificaciones de espacio fisico - estructura' en A93."
BC,D93,93,D/4,objective,Cantidad,empty,target_column_empty,Modificaciones de espacio fisico - estructura,"Rellenar columna 'Cantidad' en BC!D93 (fila 93, columna D/4). Contexto de fila: 'Modificaciones de espacio fisico - estructura' en A93."
BC,E93,93,E/5,objective,Precio,empty,target_column_empty,Modificaciones de espacio fisico - estructura,"Rellenar columna 'Precio' en BC!E93 (fila 93, columna E/5). Contexto de fila: 'Modificaciones de espacio fisico - estructura' en A93."
BC,B94,94,B/2,objective,Características,empty,target_column_empty,Modificaciones de espacio fisico - mobiliario,"Rellenar columna 'Características' en BC!B94 (fila 94, columna B/2). Contexto de fila: 'Modificaciones de espacio fisico - mobiliario' en A94."
BC,D94,94,D/4,objective,Cantidad,empty,target_column_empty,Modificaciones de espacio fisico - mobiliario,"Rellenar columna 'Cantidad' en BC!D94 (fila 94, columna D/4). Contexto de fila: 'Modificaciones de espacio fisico - mobiliario' en A94."
BC,E94,94,E/5,objective,Precio,empty,target_column_empty,Modificaciones de espacio fisico - mobiliario,"Rellenar columna 'Precio' en BC!E94 (fila 94, columna E/5). Contexto de fila: 'Modificaciones de espacio fisico - mobiliario' en A94."
BC,B95,95,B/2,objective,Características,empty,target_column_empty,Climatizacion del area,"Rellenar columna 'Características' en BC!B95 (fila 95, columna B/2). Contexto de fila: 'Climatizacion del area' en A95."
BC,D95,95,D/4,objective,Cantidad,empty,target_column_empty,Climatizacion del area,"Rellenar columna 'Cantidad' en BC!D95 (fila 95, columna D/4). Contexto de fila: 'Climatizacion del area' en A95."
BC,E95,95,E/5,objective,Precio,empty,target_column_empty,Climatizacion del area,"Rellenar columna 'Precio' en BC!E95 (fila 95, columna E/5). Contexto de fila: 'Climatizacion del area' en A95."
BC,B96,96,B/2,objective,Características,empty,target_column_empty,Rollo de cable UTP CAT5e x 100m,"Rellenar columna 'Características' en BC!B96 (fila 96, columna B/2). Contexto de fila: 'Rollo de cable UTP CAT5e x 100m' en A96."
BC,D96,96,D/4,objective,Cantidad,empty,target_column_empty,Rollo de cable UTP CAT5e x 100m,"Rellenar columna 'Cantidad' en BC!D96 (fila 96, columna D/4). Contexto de fila: 'Rollo de cable UTP CAT5e x 100m' en A96."
BC,E96,96,E/5,objective,Precio,empty,target_column_empty,Rollo de cable UTP CAT5e x 100m,"Rellenar columna 'Precio' en BC!E96 (fila 96, columna E/5). Contexto de fila: 'Rollo de cable UTP CAT5e x 100m' en A96."
BC,B97,97,B/2,objective,Características,empty,target_column_empty,Conector RJ45 Delta CAT5E x 50 unds,"Rellenar columna 'Características' en BC!B97 (fila 97, columna B/2). Contexto de fila: 'Conector RJ45 Delta CAT5E x 50 unds' en A97."
BC,D97,97,D/4,objective,Cantidad,empty,target_column_empty,Conector RJ45 Delta CAT5E x 50 unds,"Rellenar columna 'Cantidad' en BC!D97 (fila 97, columna D/4). Contexto de fila: 'Conector RJ45 Delta CAT5E x 50 unds' en A97."
BC,E97,97,E/5,objective,Precio,empty,target_column_empty,Conector RJ45 Delta CAT5E x 50 unds,"Rellenar columna 'Precio' en BC!E97 (fila 97, columna E/5). Contexto de fila: 'Conector RJ45 Delta CAT5E x 50 unds' en A97."
BC,B98,98,B/2,objective,Características,empty,target_column_empty,Rack Cerrado POWEST 5UR,"Rellenar columna 'Características' en BC!B98 (fila 98, columna B/2). Contexto de fila: 'Rack Cerrado POWEST 5UR' en A98."
BC,D98,98,D/4,objective,Cantidad,empty,target_column_empty,Rack Cerrado POWEST 5UR,"Rellenar columna 'Cantidad' en BC!D98 (fila 98, columna D/4). Contexto de fila: 'Rack Cerrado POWEST 5UR' en A98."
BC,E98,98,E/5,objective,Precio,empty,target_column_empty,Rack Cerrado POWEST 5UR,"Rellenar columna 'Precio' en BC!E98 (fila 98, columna E/5). Contexto de fila: 'Rack Cerrado POWEST 5UR' en A98."
BC,B99,99,B/2,objective,Características,empty,target_column_empty,Switch HP Aruba Ion 5 puertos,"Rellenar columna 'Características' en BC!B99 (fila 99, columna B/2). Contexto de fila: 'Switch HP Aruba Ion 5 puertos' en A99."
BC,D99,99,D/4,objective,Cantidad,empty,target_column_empty,Switch HP Aruba Ion 5 puertos,"Rellenar columna 'Cantidad' en BC!D99 (fila 99, columna D/4). Contexto de fila: 'Switch HP Aruba Ion 5 puertos' en A99."
BC,E99,99,E/5,objective,Precio,empty,target_column_empty,Switch HP Aruba Ion 5 puertos,"Rellenar columna 'Precio' en BC!E99 (fila 99, columna E/5). Contexto de fila: 'Switch HP Aruba Ion 5 puertos' en A99."
BC,B100,100,B/2,objective,Características,empty,target_column_empty,Switch HP Aruba Ion 1430 24 puertos,"Rellenar columna 'Características' en BC!B100 (fila 100, columna B/2). Contexto de fila: 'Switch HP Aruba Ion 1430 24 puertos' en A100."
BC,D100,100,D/4,objective,Cantidad,empty,target_column_empty,Switch HP Aruba Ion 1430 24 puertos,"Rellenar columna 'Cantidad' en BC!D100 (fila 100, columna D/4). Contexto de fila: 'Switch HP Aruba Ion 1430 24 puertos' en A100."
BC,E100,100,E/5,objective,Precio,empty,target_column_empty,Switch HP Aruba Ion 1430 24 puertos,"Rellenar columna 'Precio' en BC!E100 (fila 100, columna E/5). Contexto de fila: 'Switch HP Aruba Ion 1430 24 puertos' en A100."
BC,B101,101,B/2,objective,Características,empty,target_column_empty,Extensiones y cortapicos,"Rellenar columna 'Características' en BC!B101 (fila 101, columna B/2). Contexto de fila: 'Extensiones y cortapicos' en A101."
BC,D101,101,D/4,objective,Cantidad,empty,target_column_empty,Extensiones y cortapicos,"Rellenar columna 'Cantidad' en BC!D101 (fila 101, columna D/4). Contexto de fila: 'Extensiones y cortapicos' en A101."
BC,E101,101,E/5,objective,Precio,empty,target_column_empty,Extensiones y cortapicos,"Rellenar columna 'Precio' en BC!E101 (fila 101, columna E/5). Contexto de fila: 'Extensiones y cortapicos' en A101."
BC,B102,102,B/2,objective,Características,empty,target_column_empty,"Extras (tairas, canaletas, espiral plastico)","Rellenar columna 'Características' en BC!B102 (fila 102, columna B/2). Contexto de fila: 'Extras (tairas, canaletas, espiral plastico)' en A102."
BC,D102,102,D/4,objective,Cantidad,empty,target_column_empty,"Extras (tairas, canaletas, espiral plastico)","Rellenar columna 'Cantidad' en BC!D102 (fila 102, columna D/4). Contexto de fila: 'Extras (tairas, canaletas, espiral plastico)' en A102."
BC,E102,102,E/5,objective,Precio,empty,target_column_empty,"Extras (tairas, canaletas, espiral plastico)","Rellenar columna 'Precio' en BC!E102 (fila 102, columna E/5). Contexto de fila: 'Extras (tairas, canaletas, espiral plastico)' en A102."
BC,B103,103,B/2,objective,Características,empty,target_column_empty,Etiquetas,"Rellenar columna 'Características' en BC!B103 (fila 103, columna B/2). Contexto de fila: 'Etiquetas' en A103."
BC,D103,103,D/4,objective,Cantidad,empty,target_column_empty,Etiquetas,"Rellenar columna 'Cantidad' en BC!D103 (fila 103, columna D/4). Contexto de fila: 'Etiquetas' en A103."
BC,E103,103,E/5,objective,Precio,empty,target_column_empty,Etiquetas,"Rellenar columna 'Precio' en BC!E103 (fila 103, columna E/5). Contexto de fila: 'Etiquetas' en A103."
BC,B104,104,B/2,objective,Características,empty,target_column_empty,A4 printer paper,"Rellenar columna 'Características' en BC!B104 (fila 104, columna B/2). Contexto de fila: 'A4 printer paper' en A104."
BC,D104,104,D/4,objective,Cantidad,empty,target_column_empty,A4 printer paper,"Rellenar columna 'Cantidad' en BC!D104 (fila 104, columna D/4). Contexto de fila: 'A4 printer paper' en A104."
BC,E104,104,E/5,objective,Precio,empty,target_column_empty,A4 printer paper,"Rellenar columna 'Precio' en BC!E104 (fila 104, columna E/5). Contexto de fila: 'A4 printer paper' en A104."
BC,B105,105,B/2,objective,Características,empty,target_column_empty,Refrigerador panorámico,"Rellenar columna 'Características' en BC!B105 (fila 105, columna B/2). Contexto de fila: 'Refrigerador panorámico' en A105."
BC,D105,105,D/4,objective,Cantidad,empty,target_column_empty,Refrigerador panorámico,"Rellenar columna 'Cantidad' en BC!D105 (fila 105, columna D/4). Contexto de fila: 'Refrigerador panorámico' en A105."
BC,E105,105,E/5,objective,Precio,empty,target_column_empty,Refrigerador panorámico,"Rellenar columna 'Precio' en BC!E105 (fila 105, columna E/5). Contexto de fila: 'Refrigerador panorámico' en A105."
BC,B106,106,B/2,objective,Características,empty,target_column_empty,Refrigerador médico,"Rellenar columna 'Características' en BC!B106 (fila 106, columna B/2). Contexto de fila: 'Refrigerador médico' en A106."
BC,D106,106,D/4,objective,Cantidad,empty,target_column_empty,Refrigerador médico,"Rellenar columna 'Cantidad' en BC!D106 (fila 106, columna D/4). Contexto de fila: 'Refrigerador médico' en A106."
BC,E106,106,E/5,objective,Precio,empty,target_column_empty,Refrigerador médico,"Rellenar columna 'Precio' en BC!E106 (fila 106, columna E/5). Contexto de fila: 'Refrigerador médico' en A106."
BC,B107,107,B/2,objective,Características,empty,target_column_empty,Termometro para refrigerador,"Rellenar columna 'Características' en BC!B107 (fila 107, columna B/2). Contexto de fila: 'Termometro para refrigerador' en A107."
BC,D107,107,D/4,objective,Cantidad,empty,target_column_empty,Termometro para refrigerador,"Rellenar columna 'Cantidad' en BC!D107 (fila 107, columna D/4). Contexto de fila: 'Termometro para refrigerador' en A107."
BC,E107,107,E/5,objective,Precio,empty,target_column_empty,Termometro para refrigerador,"Rellenar columna 'Precio' en BC!E107 (fila 107, columna E/5). Contexto de fila: 'Termometro para refrigerador' en A107."
BC,B108,108,B/2,objective,Características,empty,target_column_empty,Termohigrometros,"Rellenar columna 'Características' en BC!B108 (fila 108, columna B/2). Contexto de fila: 'Termohigrometros' en A108."
BC,D108,108,D/4,objective,Cantidad,empty,target_column_empty,Termohigrometros,"Rellenar columna 'Cantidad' en BC!D108 (fila 108, columna D/4). Contexto de fila: 'Termohigrometros' en A108."
BC,E108,108,E/5,objective,Precio,empty,target_column_empty,Termohigrometros,"Rellenar columna 'Precio' en BC!E108 (fila 108, columna E/5). Contexto de fila: 'Termohigrometros' en A108."
BC,B109,109,B/2,objective,Características,empty,target_column_empty,Cronometros digitales,"Rellenar columna 'Características' en BC!B109 (fila 109, columna B/2). Contexto de fila: 'Cronometros digitales' en A109."
BC,D109,109,D/4,objective,Cantidad,empty,target_column_empty,Cronometros digitales,"Rellenar columna 'Cantidad' en BC!D109 (fila 109, columna D/4). Contexto de fila: 'Cronometros digitales' en A109."
BC,E109,109,E/5,objective,Precio,empty,target_column_empty,Cronometros digitales,"Rellenar columna 'Precio' en BC!E109 (fila 109, columna E/5). Contexto de fila: 'Cronometros digitales' en A109."
BC,B110,110,B/2,objective,Características,empty,target_column_empty,Centrifuga,"Rellenar columna 'Características' en BC!B110 (fila 110, columna B/2). Contexto de fila: 'Centrifuga' en A110."
BC,D110,110,D/4,objective,Cantidad,empty,target_column_empty,Centrifuga,"Rellenar columna 'Cantidad' en BC!D110 (fila 110, columna D/4). Contexto de fila: 'Centrifuga' en A110."
BC,E110,110,E/5,objective,Precio,empty,target_column_empty,Centrifuga,"Rellenar columna 'Precio' en BC!E110 (fila 110, columna E/5). Contexto de fila: 'Centrifuga' en A110."
BC,B111,111,B/2,objective,Características,empty,target_column_empty,Servicio Logisticos Proveedores,"Rellenar columna 'Características' en BC!B111 (fila 111, columna B/2). Contexto de fila: 'Servicio Logisticos Proveedores' en A111."
BC,D111,111,D/4,objective,Cantidad,empty,target_column_empty,Servicio Logisticos Proveedores,"Rellenar columna 'Cantidad' en BC!D111 (fila 111, columna D/4). Contexto de fila: 'Servicio Logisticos Proveedores' en A111."
BC,E111,111,E/5,objective,Precio,empty,target_column_empty,Servicio Logisticos Proveedores,"Rellenar columna 'Precio' en BC!E111 (fila 111, columna E/5). Contexto de fila: 'Servicio Logisticos Proveedores' en A111."
BC,B112,112,B/2,objective,Características,empty,target_column_empty,Servicio Logisticos Clientes,"Rellenar columna 'Características' en BC!B112 (fila 112, columna B/2). Contexto de fila: 'Servicio Logisticos Clientes' en A112."
BC,D112,112,D/4,objective,Cantidad,empty,target_column_empty,Servicio Logisticos Clientes,"Rellenar columna 'Cantidad' en BC!D112 (fila 112, columna D/4). Contexto de fila: 'Servicio Logisticos Clientes' en A112."
BC,E112,112,E/5,objective,Precio,empty,target_column_empty,Servicio Logisticos Clientes,"Rellenar columna 'Precio' en BC!E112 (fila 112, columna E/5). Contexto de fila: 'Servicio Logisticos Clientes' en A112."
BC,B113,113,B/2,objective,Características,empty,target_column_empty,Ampolla de agua bidestilada,"Rellenar columna 'Características' en BC!B113 (fila 113, columna B/2). Contexto de fila: 'Ampolla de agua bidestilada' en A113."
BC,D113,113,D/4,objective,Cantidad,empty,target_column_empty,Ampolla de agua bidestilada,"Rellenar columna 'Cantidad' en BC!D113 (fila 113, columna D/4). Contexto de fila: 'Ampolla de agua bidestilada' en A113."
BC,E113,113,E/5,objective,Precio,empty,target_column_empty,Ampolla de agua bidestilada,"Rellenar columna 'Precio' en BC!E113 (fila 113, columna E/5). Contexto de fila: 'Ampolla de agua bidestilada' en A113."
BC,B114,114,B/2,objective,Características,empty,target_column_empty,Agua destilada por galón,"Rellenar columna 'Características' en BC!B114 (fila 114, columna B/2). Contexto de fila: 'Agua destilada por galón' en A114."
BC,D114,114,D/4,objective,Cantidad,empty,target_column_empty,Agua destilada por galón,"Rellenar columna 'Cantidad' en BC!D114 (fila 114, columna D/4). Contexto de fila: 'Agua destilada por galón' en A114."
BC,E114,114,E/5,objective,Precio,empty,target_column_empty,Agua destilada por galón,"Rellenar columna 'Precio' en BC!E114 (fila 114, columna E/5). Contexto de fila: 'Agua destilada por galón' en A114."
BC,B115,115,B/2,objective,Características,empty,target_column_empty,Hisopos x 100 uds,"Rellenar columna 'Características' en BC!B115 (fila 115, columna B/2). Contexto de fila: 'Hisopos x 100 uds' en A115."
BC,D115,115,D/4,objective,Cantidad,empty,target_column_empty,Hisopos x 100 uds,"Rellenar columna 'Cantidad' en BC!D115 (fila 115, columna D/4). Contexto de fila: 'Hisopos x 100 uds' en A115."
BC,E115,115,E/5,objective,Precio,empty,target_column_empty,Hisopos x 100 uds,"Rellenar columna 'Precio' en BC!E115 (fila 115, columna E/5). Contexto de fila: 'Hisopos x 100 uds' en A115."
BC,B116,116,B/2,objective,Características,empty,target_column_empty,Gasas x 100 uds,"Rellenar columna 'Características' en BC!B116 (fila 116, columna B/2). Contexto de fila: 'Gasas x 100 uds' en A116."
BC,D116,116,D/4,objective,Cantidad,empty,target_column_empty,Gasas x 100 uds,"Rellenar columna 'Cantidad' en BC!D116 (fila 116, columna D/4). Contexto de fila: 'Gasas x 100 uds' en A116."
BC,E116,116,E/5,objective,Precio,empty,target_column_empty,Gasas x 100 uds,"Rellenar columna 'Precio' en BC!E116 (fila 116, columna E/5). Contexto de fila: 'Gasas x 100 uds' en A116."
BC,B117,117,B/2,objective,Características,empty,target_column_empty,Alcohol prepad 10 x 100 uds,"Rellenar columna 'Características' en BC!B117 (fila 117, columna B/2). Contexto de fila: 'Alcohol prepad 10 x 100 uds' en A117."
BC,D117,117,D/4,objective,Cantidad,empty,target_column_empty,Alcohol prepad 10 x 100 uds,"Rellenar columna 'Cantidad' en BC!D117 (fila 117, columna D/4). Contexto de fila: 'Alcohol prepad 10 x 100 uds' en A117."
BC,E117,117,E/5,objective,Precio,empty,target_column_empty,Alcohol prepad 10 x 100 uds,"Rellenar columna 'Precio' en BC!E117 (fila 117, columna E/5). Contexto de fila: 'Alcohol prepad 10 x 100 uds' en A117."
BC,B118,118,B/2,objective+general,Características,empty,target_column_empty,Tubos eppendorf X 500 UDS,"Rellenar columna 'Características' en BC!B118 (fila 118, columna B/2). Contexto de fila: 'Tubos eppendorf X 500 UDS' en A118."
BC,C118,118,C/3,general,,,label_context,Tubos eppendorf X 500 UDS,"Rellenar 'Tubos eppendorf X 500 UDS' en BC!C118 (fila 118, columna C/3). Referencia detectada en A118 (left)."
BC,D118,118,D/4,objective,Cantidad,empty,target_column_empty,Tubos eppendorf X 500 UDS,"Rellenar columna 'Cantidad' en BC!D118 (fila 118, columna D/4). Contexto de fila: 'Tubos eppendorf X 500 UDS' en A118."
BC,E118,118,E/5,objective,Precio,empty,target_column_empty,Tubos eppendorf X 500 UDS,"Rellenar columna 'Precio' en BC!E118 (fila 118, columna E/5). Contexto de fila: 'Tubos eppendorf X 500 UDS' en A118."
BC,B119,119,B/2,objective+general,Características,empty,target_column_empty,Otros,"Rellenar columna 'Características' en BC!B119 (fila 119, columna B/2). Contexto de fila: 'Otros' en A119."
BC,C119,119,C/3,general,,,label_context,Otros,"Rellenar 'Otros' en BC!C119 (fila 119, columna C/3). Referencia detectada en A119 (left)."
BC,D119,119,D/4,objective,Cantidad,empty,target_column_empty,Otros,"Rellenar columna 'Cantidad' en BC!D119 (fila 119, columna D/4). Contexto de fila: 'Otros' en A119."
BC,E119,119,E/5,objective,Precio,empty,target_column_empty,Otros,"Rellenar columna 'Precio' en BC!E119 (fila 119, columna E/5). Contexto de fila: 'Otros' en A119."
BC,A120,120,A/1,general,,,label_context,Otros,"Rellenar 'Otros' en BC!A120 (fila 120, columna A/1). Referencia detectada en A119 (up)."
