SEQUENCE_OWNER,SEQUENCE_NAME,MIN_VALUE,MAX_VALUE,INCREMENT_BY,CYCLE_FLAG,ORDER_FLAG,CACHE_SIZE,LAST_NUMBER
CTXSYS,DR_ID_SEQ,1,1,0000E+28,1,N,N,20
CTXSYS,MESG_ID_SEQ,1,1,0000E+28,1,N,N,20
CTXSYS,THS_SEQ,1,1,0000E+28,1,N,N,20
DBSNMP,MGMT_RESPONSE_CAPTURE_ID,1,1,0000E+28,1,N,Y,20
DBSNMP,MGMT_RESPONSE_SNAPSHOT_ID,1,1,0000E+28,1,N,Y,20
DVSYS,AUDIT_TRAIL$_SEQ,1,1,0000E+28,1,N,Y,0
DVSYS,CODE$_SEQ,1,1,0000E+28,1,N,Y,0
DVSYS,COMMAND_RULE$_SEQ,1,1,0000E+28,1,N,Y,0
DVSYS,FACTOR_LINK$_SEQ,1,1,0000E+28,1,N,Y,0
DVSYS,FACTOR$_SEQ,1,1,0000E+28,1,N,Y,0
DVSYS,FACTOR_TYPE$_SEQ,1,1,0000E+28,1,N,Y,0
DVSYS,IDENTITY_MAP$_SEQ,1,1,0000E+28,1,N,Y,0
DVSYS,IDENTITY$_SEQ,1,1,0000E+28,1,N,Y,0
DVSYS,MAC_POLICY_FACTOR$_SEQ,1,1,0000E+28,1,N,Y,0
DVSYS,MAC_POLICY$_SEQ,1,1,0000E+28,1,N,Y,0
DVSYS,POLICY_LABEL$_SEQ,1,1,0000E+28,1,N,Y,0
DVSYS,POLICY_OBJECT$_SEQ,1,1,0000E+28,1,N,Y,0
DVSYS,POLICY_OWNER$_SEQ,1,1,0000E+28,1,N,Y,0
DVSYS,POLICY$_SEQ,1,1,0000E+28,1,N,Y,0
DVSYS,REALM_AUTH$_SEQ,1,1,0000E+28,1,N,Y,0
DVSYS,REALM_OBJECT$_SEQ,1,1,0000E+28,1,N,Y,0
DVSYS,REALM$_SEQ,1,1,0000E+28,1,N,Y,0
DVSYS,ROLE$_SEQ,1,1,0000E+28,1,N,Y,0
DVSYS,RULE$_SEQ,1,1,0000E+28,1,N,Y,0
DVSYS,RULE_SET_RULE$_SEQ,1,1,0000E+28,1,N,Y,0
DVSYS,RULE_SET$_SEQ,1,1,0000E+28,1,N,Y,0
DVSYS,TRAINING_LOG$_SEQ,1,1,0000E+28,1,N,Y,0
GSMADMIN_INTERNAL,AQ$_CHANGE_LOG_QUEUE_TABLE_N,1,1,0000E+28,1,N,N,20
GSMADMIN_INTERNAL,CAT_SEQUENCE,1,1,0000E+28,1,N,N,20
GSMADMIN_INTERNAL,CREDENTIAL_SEQUENCE,1,1,0000E+28,1,N,N,20
GSMADMIN_INTERNAL,CS_CHUNK_ID,1,1,0000E+28,1,N,N,20
GSMADMIN_INTERNAL,DRSET_SEQUENCE,1,1,0000E+28,1,N,N,0
GSMADMIN_INTERNAL,FAMILY_SEQUENCE,1,1,0000E+28,1,N,N,20
GSMADMIN_INTERNAL,FILES_SEQUENCE,1,1,0000E+28,1,N,N,20
GSMADMIN_INTERNAL,GSM_SEQUENCE,1,1,0000E+28,1,N,N,20
GSMADMIN_INTERNAL,INT_DBNUM_SEQUENCE,1,1,0000E+28,1,N,N,0
GSMADMIN_INTERNAL,KEY_SEQ,1,1,0000E+28,1,N,N,0
GSMADMIN_INTERNAL,MSG_SEQUENCE,1,1,0000E+28,1,N,N,0
GSMADMIN_INTERNAL,REGION_SEQUENCE,0,9,1,Y,N,9,0
GSMADMIN_INTERNAL,SHARDGROUP_SEQUENCE,1,1,0000E+28,1,N,N,20
GSMADMIN_INTERNAL,SHARDSPACE_SEQUENCE,1,1,0000E+28,1,N,N,20
GSMADMIN_INTERNAL,SID_SEQUENCE,1,1,0000E+28,1,N,N,20
GSMADMIN_INTERNAL,VERIFY_RUN_NUMBER,1,1,0000E+28,1,N,N,20
GSMADMIN_INTERNAL,VNCR_SEQUENCE,1,1,0000E+28,1,N,N,20
LBACSYS,OLS$LAB_SEQUENCE,1000000000,4000000000,1,N,Y,20,1000000000
LBACSYS,OLS$PROFID_SEQUENCE,1,4000000000,1,N,Y,20,1
LBACSYS,OLS$TAG_SEQUENCE,1,4000000000,1,N,Y,20,1
MDSYS,FT_SQ$,1,1,0000E+28,1,N,N,0
MDSYS,MD_IDENTIFIER_SQ$,1,1,0000E+28,1,N,N,0
MDSYS,NTV2_SEQUENCE,1,1,0000E+28,1,N,N,20
MDSYS,SAMPLE_SEQ,1,1,0000E+28,1,N,N,20
MDSYS,SDO_DIAG_MESSAGES_SEQUENCE,1,1,0000E+28,1,N,N,20
MDSYS,SDO_GEOR_SEQ,1,1,0000E+28,1,N,N,10
MDSYS,SDO_IDX_TAB_SEQUENCE,1,1,0000E+27,1,Y,N,20
MDSYS,SDO_NDM_ID_SEQ,1,1,0000E+28,1,N,N,0
MDSYS,SDO_NDM_NETWORK_ID_SEQ,1,1,0000E+28,1,N,N,20
MDSYS,SDO_NFE_MODEL_ID_SEQ,1,1,0000E+28,1,N,N,0
MDSYS,SDO_NFE_WORKSPACE_ID_SEQ,1,1,0000E+28,1,N,N,0
MDSYS,SDO_TOPO_TRANSACT_SEQ,1,1,0000E+28,1,N,Y,0
MDSYS,SDO_TOPO_TRANSACT_SUBSEQ,1,1,0000E+28,1,N,Y,0
MDSYS,SDO_WS_CONFERENCE_IDS,1,1,0000E+28,1,N,N,0
MDSYS,TMP_COORD_OPS,1000000,2000000,1,Y,N,0,1000000
MDSYS,TOKEN_SQ$,1,1,0000E+28,1,N,N,0
MDSYS,WFS_PROC_SQ$,1,1,0000E+28,1,N,N,0
MDSYS,XMLINFO_SQ$,1,1,0000E+28,1,N,N,0
OJVMSYS,OJDS$NODE_NUMBER$,1,1,0000E+28,1,N,N,20
OJVMSYS,OJDS$SHARED$OBJ$SEQ$,1,1,0000E+28,1,N,N,20
OLAPSYS,XML_LOADID_SEQUENCE,1,1,0000E+28,1,N,N,20
ORDDATA,ORDDCM_ANON_ATTRS_SEQ,1,1,0000E+28,1,N,Y,0
ORDDATA,ORDDCM_CT_PRED_SEQ,1,1,0000E+28,1,N,Y,0
ORDDATA,ORDDCM_CT_PRED_SET_SEQ,1,1,0000E+28,1,N,Y,0
ORDDATA,ORDDCM_DATA_MODEL_SEQ,1,1,0000E+28,1,N,Y,0
ORDDATA,ORDDCM_DICT_A_DA_ID_SEQ,1,1,0000E+28,1,N,Y,0
ORDDATA,ORDDCM_DOCS_ID_SEQ,1,1,0000E+28,1,N,Y,0
ORDDATA,ORDDCM_MPD_P_MPID_SEQ,1,1,0000E+28,1,N,Y,0
ORDDATA,ORDDCM_PROTOCOL_VERSION_SEQ,1,1,0000E+28,1,N,Y,0
ORDDATA,ORDDCM_PRV_A_PA_ID_SEQ,1,1,0000E+28,1,N,Y,0
ORDDATA,ORDDCM_RT_PREF_P_PPID_SEQ,1,1,0000E+28,1,N,Y,0
ORDDATA,ORDDCM_STD_A_SA_ID_SEQ,1,1,0000E+28,1,N,Y,0
ORDDATA,ORDDCM_STOREDTAGS_STID_SEQ,1,1,0000E+28,1,N,Y,0
ORDDATA,ORDDCM_UID_DEFS_UDID_SEQ,1,1,0000E+28,1,N,Y,0
SYS,ACTIVITY_SNAP_SEQ$,1,2147483647,1,N,Y,20,1
SYS,ADO_IMCSEQ$,1,1,0000E+28,1,N,N,20
SYS,APPLY$_DEST_OBJ_ID,1,1,0000E+28,1,N,N,0
SYS,APPLY$_ERROR_HANDLER_SEQUENCE,1,1,0000E+28,1,N,N,20
SYS,APPLY$_SOURCE_OBJ_ID,1,1,0000E+28,1,N,N,0
SYS,APP$SYSTEM$SEQ,1,1,0000E+28,1,N,N,0
SYS,AQ$_ALERT_QT_N,1,1,0000E+28,1,N,N,20
SYS,AQ$_AQ$_MEM_MC_N,1,1,0000E+28,1,N,N,20
SYS,AQ$_AQ_PROP_TABLE_N,1,1,0000E+28,1,N,N,20
SYS,AQ$_CHAINSEQ,1,1,0000E+28,1,N,N,20
SYS,AQ$_IOTENQTXID,1,1,0000E+28,1,N,N,1000
SYS,AQ$_NONDURSUB_SEQUENCE,1,1,0000E+28,1,N,N,20
SYS,AQ$_ORA$PREPLUGIN_BACKUP_QTB_N,1,1,0000E+28,1,N,N,20
SYS,AQ$_PDB_MON_EVENT_QTABLE$_N,1,1,0000E+28,1,N,N,20
SYS,AQ$_PROPAGATION_SEQUENCE,1,1,0000E+28,1,N,N,20
SYS,AQ$_PUBLISHER_SEQUENCE,1,1,0000E+28,1,N,N,1000
SYS,AQ$_RULE_SEQUENCE,1,1,0000E+28,1,N,N,1000
SYS,AQ$_RULE_SET_SEQUENCE,1,1,0000E+28,1,N,N,1000
SYS,AQ$_SCHEDULER$_EVENT_QTAB_N,1,1,0000E+28,1,N,N,20
SYS,AQ$_SCHEDULER_FILEWATCHER_QT_N,1,1,0000E+28,1,N,N,20
SYS,AQ$_SCHEDULER$_REMDB_JOBQTAB_N,1,1,0000E+28,1,N,N,20
SYS,AQ$_SYS$SERVICE_METRICS_TAB_N,1,1,0000E+28,1,N,N,20
SYS,AQ$_TRANS_SEQUENCE,1,1,0000E+28,1,N,N,20
SYS,AUDSES$,1,2000000000,1,Y,N,10000,70001
SYS,AWCREATE_S$,1,1,0000E+28,1,N,Y,0
SYS,AWCREATE10G_S$,1,1,0000E+28,1,N,Y,0
SYS,AWLOGSEQ$,1,1,8447E+19,1,N,N,10
SYS,AWMD_S$,1,1,0000E+28,1,N,Y,0
SYS,AWREPORT_S$,1,1,0000E+28,1,N,Y,0
SYS,AWSEQ$,1,4294967295,1,N,N,0,1000
SYS,AWXML_S$,1,1,0000E+28,1,N,Y,0
SYS,CACHE_STATS_SEQ_0,1,1,0000E+28,1,N,N,20
SYS,CACHE_STATS_SEQ_1,1,1,0000E+28,1,N,N,20
SYS,CDC_RSID_SEQ$,1,1,0000E+28,1,N,Y,10000
SYS,CHNF$_CLAUSEID_SEQ,1,1,0000E+28,1,N,Y,20
SYS,CHNF$_QUERYID_SEQ,1,1,0000E+28,1,N,Y,20
SYS,CLI_ID$,1,1,0000E+28,1,N,Y,0
SYS,COMPARISON_SCAN_SEQ$,1,4294967295,1,Y,N,20,1
SYS,COMPARISON_SEQ$,1,1,0000E+28,1,N,N,0
SYS,CONFLICT_HANDLER_ID_SEQ$,1,4294967295,1,N,N,0,1
SYS,CONS_LOGSEQ,1,1,0000E+28,1,N,Y,0
SYS,DAM_CLEANUP_SEQ$,1,1,0000E+28,1,N,N,20
SYS,DBFS_HS$_ARCHIVEREFIDSEQ,1,1,0000E+28,1,N,Y,2
SYS,DBFS_HS$_BACKUPFILEIDSEQ,1,1,0000E+28,1,N,Y,2
SYS,DBFS_HS$_POLICYIDSEQ,1,1,0000E+28,1,N,Y,2
SYS,DBFS_HS$_RSEQ,1,1,0000E+28,1,N,Y,20
SYS,DBFS_HS$_STOREIDSEQ,1,1,0000E+28,1,N,Y,2
SYS,DBFS_HS$_TARBALLSEQ,1,1,0000E+28,1,N,Y,2
SYS,DBFS_SFS$_FSSEQ,1,1,0000E+28,1,N,N,8192
SYS,DBMS_CUBE_ADVICE_SEQ$,1,1,0000E+23,1,Y,N,100
SYS,DBMS_LOCK_ID_V2,1073741824,1999999999,1,Y,N,20,1073741844
SYS,DBMS_PARALLEL_EXECUTE_SEQ$,1,1,0000E+28,1,N,N,20
SYS,DM$EXPIMP_ID_SEQ,1,1,0000E+28,1,N,N,20
SYS,EXPRESS_S$,1,1,0000E+28,1,N,Y,0
SYS,FED$APPID_SEQ,1,1,0000E+28,1,N,N,20
SYS,FED$SESS_SEQ,1,1,0000E+28,1,N,N,20
SYS,FED$STMT_SEQ,1,1,0000E+28,1,N,Y,20
SYS,FGR$_NAMES_S,1,1,0000E+28,1,N,N,0
SYS,GROUP_NUM_SEQ,1,1,0000E+28,1,N,N,20
SYS,HS$_BASE_DD_S,1,1,0000E+28,1,N,N,20
SYS,HS$_CLASS_CAPS_S,1,1,0000E+28,1,N,N,20
SYS,HS$_CLASS_DD_S,1,1,0000E+28,1,N,N,20
SYS,HS$_CLASS_INIT_S,1,1,0000E+28,1,N,N,20
SYS,HS$_FDS_CLASS_S,1,1,0000E+28,1,N,N,20
SYS,HS$_FDS_INST_S,1,1,0000E+28,1,N,N,20
SYS,HS$_INST_CAPS_S,1,1,0000E+28,1,N,N,20
SYS,HS$_INST_DD_S,1,1,0000E+28,1,N,N,20
SYS,HS$_INST_INIT_S,1,1,0000E+28,1,N,N,20
SYS,IDGEN1$,1,1,0000E+28,50,N,N,1000
SYS,IDX_RB$JOBSEQ,1,999999999,1,Y,N,20,1
SYS,ILM_EXECUTIONID,1,1,0000E+28,1,N,N,20
SYS,ILM_SEQ$,1,1,0000E+28,1,N,N,20
SYS,IM_DOMAINSEQ$,1,1,0000E+28,1,N,N,20
SYS,INVALIDATION_REG_ID$,1,1,0000E+28,1,N,Y,300
SYS,ISEQ$$_9878,1,1,0000E+28,1,N,N,20
SYS,ISEQ$$_9892,1,1,0000E+28,1,N,N,20
SYS,ISEQ$$_9902,1,1,0000E+28,1,N,N,20
SYS,ISEQ$$_9935,1,1,0000E+28,1,N,N,20
SYS,JAVA$POLICY$SEQUENCE$,1,1,0000E+28,1,N,N,20
SYS,JAVA$PREFS$SEQ$,1,2147483647,1,Y,Y,20,21
SYS,JOBSEQ,1,999999999,1,Y,N,20,1
SYS,JOBSEQLSBY,1000000000,1999999999,1,Y,N,20,1000000000
SYS,LINK_SOURCE_ID_SEQ,1,1,0000E+28,1,N,N,10
SYS,LOG$SEQUENCE,0,1,0000E+28,1,N,Y,10
SYS,MAINTPLAN_SEQ,1,1,0000E+28,1,N,N,0
SYS,MODELALG_SEQ$,1,1,0000E+28,1,N,N,0
SYS,MVREF$_STATS_SEQ,1,1,0000E+28,1,N,N,20
SYS,MV_RF$JOBSEQ,1,999999999,1,Y,N,20,1
SYS,MV_RF$USAGESTATSEQ,1,999,1,Y,N,20,1
SYS,OBJECT_GRANT,1,1,0000E+28,1,N,Y,20
SYS,OLAP_ASSIGNMENTS_SEQ,1,1,0000E+28,1,N,N,20
SYS,OLAP_ATTRIBUTES_SEQ,1,1,0000E+28,1,N,N,20
SYS,OLAP_CALCULATED_MEMBERS_SEQ,1,1,0000E+28,1,N,N,20
SYS,OLAP_DIMENSIONALITY_SEQ,1,1,0000E+28,1,N,N,20
SYS,OLAP_DIM_LEVELS_SEQ,1,1,0000E+28,1,N,N,20
SYS,OLAP_HIERARCHIES_SEQ,1,1,0000E+28,1,N,N,20
SYS,OLAP_HIER_LEVELS_SEQ,1,1,0000E+28,1,N,N,20
SYS,OLAP_MAPPINGS_SEQ,1,1,0000E+28,1,N,N,20
SYS,OLAP_MEASURES_SEQ,1,1,0000E+28,1,N,N,20
SYS,OLAP_MODELS_SEQ,1,1,0000E+28,1,N,N,20
SYS,OLAP_PROPERTIES_SEQ,1,1,0000E+28,1,N,N,20
SYS,ORA_PLAN_ID_SEQ$,1,4294967295,1,Y,N,10,1
SYS,ORA_TQ_BASE$,1,4294967,1,Y,N,10000,1
SYS,PARTITION_NAME$,1,1,0000E+28,1,N,N,20
SYS,PCLX_JOBSEQ,1,999999999,1,Y,N,20,1
SYS,PDB_ALERT_SEQUENCE,1,1,8447E+19,1,Y,Y,10
SYS,PLSQL_CODE_COVERAGE_RUNNUMBER,1,1,0000E+28,1,N,N,20
SYS,PRIV_CAPTURE_SEQ$,1,1,0000E+28,1,N,Y,0
SYS,PRIV_UNUSED_ID$,1,1,0000E+28,1,N,Y,0
SYS,PRIV_USED_ID$,1,1,0000E+28,1,N,Y,0
SYS,PROFNUM$,0,1,0000E+28,1,N,N,0
SYS,PSINDEX_SEQ$,1,1,8447E+19,1,N,N,1000
SYS,RADM_PE$_SEQ,1,1,0000E+28,1,N,Y,0
SYS,REDEF_SEQ$,1,1,0000E+28,1,N,N,20
SYS,RGROUPSEQ,1,999999999,1,Y,N,20,1
SYS,RULE_ID_SEQ$,1,4294967295,1,Y,N,20,1
SYS,SCHEDULER$_EVTSEQ,1,1,0000E+28,1,N,N,20
SYS,SCHEDULER$_INSTANCE_S,1,1,0000E+28,1,N,N,20
SYS,SCHEDULER$_JOBSUFFIX_S,1,1,0000E+28,1,N,N,20
SYS,SCHEDULER$_LWJOB_OID_SEQ,1,1,0000E+28,1,N,N,0
SYS,SCHEDULER$_RDB_SEQ,1,1,0000E+28,1,N,N,20
SYS,SNAPSHOT_ID$,1,2147483647,1,N,N,20,1
SYS,SNAPSITE_ID$,1,4294967295,1,N,N,20,1
SYS,SQLLOG$_SEQ,1,1,0000E+20,1,Y,N,20
SYS,SQL_TK_CHK_ID,1,1,0000E+28,1,N,N,20
SYS,SSCR_CAP_SEQ$,0,1,0000E+28,1,N,Y,10
SYS,STATS_ADVISOR_DIR_SEQ,1,1,0000E+28,1,N,N,20
SYS,ST_OPR_ID_SEQ,1,1,0000E+28,1,N,N,20
SYS,STREAMS$_APPLY_SPILL_TXNKEY_S,1,4294967295,1,Y,N,0,1
SYS,STREAMS$_CAP_SUB_INST,1,4294967295,1,Y,N,0,1
SYS,STREAMS$_CAPTURE_INST,1,4294967295,1,Y,N,0,1
SYS,STREAMS$_PROPAGATION_SEQNUM,1,1,0000E+28,1,N,N,0
SYS,STREAMS$_RULE_NAME_S,1,1,0000E+28,1,N,N,0
SYS,STREAMS$_SM_ID,1,1,0000E+28,1,N,N,0
SYS,STREAMS$_STMT_HANDLER_SEQ,1,1,0000E+28,1,N,N,20
SYS,SWAT_MM_REFRESH_ID_SEQ$,1,2147483647,1,N,Y,20,1
SYS,SYNCREF_GROUP_ID_SEQ$,1,2147483647,1,N,N,20,1
SYS,SYNCREF_STEP_SEQ$,1,2147483647,1,N,N,20,1
SYS,SYNOPSIS_NUM_SEQ,1,1,0000E+28,1,N,N,20
SYS,SYSDBIMFSCUID_SEQ$,1,9999999999,1,N,N,20,1
SYS,SYSDBIMFSSEG_SEQ$,1,9999999999,1,N,N,20,1
SYS,SYSLSBY_EDS_DDL_SEQ,0,9999999999,1,Y,N,20,0
SYS,SYSTEM_GRANT,1,1,0000E+28,1,N,Y,20
SYS,TSDP_ASSOCIATION$SEQUENCE,1,1,0000E+28,1,N,N,20
SYS,TSDP_POLICY$SEQUENCE,1,1,0000E+28,1,N,N,20
SYS,TSDP_POLNAME$SEQUENCE,1,1,0000E+28,1,N,N,20
SYS,TSDP_PROTECTION$SEQUENCE,1,1,0000E+28,1,N,N,20
SYS,TSDP_SENSITIVE$SEQUENCE,1,1,0000E+28,1,N,N,20
SYS,TSDP_SOURCE$SEQUENCE,1,1,0000E+28,1,N,N,20
SYS,TSDP_SUBPOL$SEQUENCE,1,1,0000E+28,1,N,N,20
SYS,TSDP_TYPE$SEQUENCE,1,1,0000E+28,1,N,N,20
SYS,TSM_MIG_SEQ$,0,1,0000E+28,1,N,Y,10
SYS,UGROUP_SEQUENCE,0,1,0000E+28,1,N,Y,10
SYS,UMF_EVTLOG_LOG_ID_SEQ,1,4294967295,1,Y,N,0,1
SYS,USER_GRANT,1,1,0000E+28,1,N,Y,20
SYS,UTL_RECOMP_SEQ,0,1,0000E+28,1,N,Y,0
SYS,WI$_JOB_ID,1,4294967295,1,N,N,10,1
SYS,WRI$_ADV_SEQ_DIR,1,4294967295,1,N,N,10,11
SYS,WRI$_ADV_SEQ_DIR_INST,1,4294967295,1,N,N,10,1
SYS,WRI$_ADV_SEQ_EXEC,1,4294967295,1,N,N,10,11
SYS,WRI$_ADV_SEQ_JOURNAL,1,4294967295,1,N,N,10,1
SYS,WRI$_ADV_SEQ_MSGGROUP,1,4294967295,1,N,N,10,43
SYS,WRI$_ADV_SEQ_SQLW_QUERY,1,4294967295,1,N,N,10,1
SYS,WRI$_ADV_SEQ_TASK,1,4294967295,1,N,N,10,11
SYS,WRI$_ADV_SQLT_PLAN_SEQ,1,1,8447E+19,1,N,N,100
SYS,WRI$_ALERT_SEQUENCE,1,1,0000E+28,1,N,N,20
SYS,WRI$_ALERT_THRSLOG_SEQUENCE,1,1,0000E+28,1,N,N,20
SYS,WRI$_EMX_FILE_ID_SEQ,1,1,0000E+28,1,N,N,100
SYS,WRI$_REPT_COMP_ID_SEQ,1,1,0000E+28,1,N,N,100
SYS,WRI$_REPT_FORMAT_ID_SEQ,1,1,0000E+28,1,N,N,100
SYS,WRI$_REPT_REPT_ID_SEQ,1,1,0000E+28,1,N,N,100
SYS,WRI$_SQLSET_ID_SEQ,1,1,0000E+28,1,N,N,0
SYS,WRI$_SQLSET_RATMASK_SEQ,1,1,0000E+28,1,N,N,100
SYS,WRI$_SQLSET_REF_ID_SEQ,1,1,0000E+28,1,N,N,0
SYS,WRI$_SQLSET_STMT_ID_SEQ,1,1,0000E+28,1,N,N,100
SYS,WRI$_SQLSET_WORKSPACE_PLAN_SEQ,1,1,8447E+19,1,N,N,100
SYS,WRP$_REPORT_ID_SEQ,1,1,0000E+28,1,N,N,0
SYS,WRR$_CAPTURE_ID,1,4294967295,1,N,N,10,1
SYS,WRR$_REPLAY_ID,1,4294967295,1,N,N,10,1
SYS,WRW_EXP_MAILPKG_SEQ,1,4294967295,1,Y,N,0,1
SYS,WRW_IMPID_SEQ,1,1000000,1,Y,N,0,1
SYS,WRW_IMP_LEGACY_MAILPKG_SEQ,1,4294967295,1,Y,N,0,1
SYS,XS$ID_SEQUENCE,2147493648,1,8447E+19,1,N,Y,20
SYS,XSPARAM_REG_SEQUENCE$,1,1,0000E+28,1,N,Y,20
SYSTEM,LOGMNR_DIDS$,1,1,0000E+28,1,N,Y,0
SYSTEM,LOGMNR_EVOLVE_SEQ$,1,1,0000E+28,1,N,Y,0
SYSTEM,LOGMNR_SEQ$,1,1,0000E+28,1,N,Y,0
SYSTEM,LOGMNR_UIDS$,100,99999,1,Y,Y,0,100
SYSTEM,MVIEW$_ADVSEQ_GENERIC,1,4294967295,1,N,N,50,1
SYSTEM,MVIEW$_ADVSEQ_ID,1,4294967295,1,N,N,20,1
SYSTEM,ROLLING_EVENT_SEQ$,1,1,0000E+28,1,N,Y,0
WMSYS,AQ$_WM$EVENT_QUEUE_TABLE_N,1,1,0000E+28,1,N,N,20
WMSYS,WM$LOCK_SEQUENCE,-1,1,0000E+28,2,N,N,0
WMSYS,WM$UDTRIG_DISPATCHER_SEQUENCE,-1,1,0000E+28,1,N,N,0
WMSYS,WM$UP_DEL_TRIG_NAME_SEQUENCE,-1,1,0000E+28,1,N,N,0
WMSYS,WM$VERSION_SEQUENCE,-1,1,0000E+28,1,N,N,0
WMSYS,WM$VTID,-1,1,0000E+28,1,N,N,0
XDB,CLIENTID_SEQUENCE,1,1,0000E+28,1,N,N,10
XDB,STATEID_RESTART_SEQUENCE,1,1,0000E+28,1,N,N,20
XDB,XDB$NAMESUFF_SEQ,1,99999,1,Y,N,20,41
XDB,XDB$PROPNUM_SEQ,1,1,0000E+28,1,N,N,20
XDB,XDB$TYPEID_SEQ,1,1,0000E+28,1,N,N,20
