OWNER,TRIGGER_NAME,TABLE_OWNER,TABLE_NAME,BASE_OBJECT_TYPE,TRIGGER_TYPE,TRIGGERING_EVENT,STATUS
GSMADMIN_INTERNAL,CAT_ROLLBACK_TRIGGER,GSMADMIN_INTERNAL,GSM_REQUESTS,TABLE,AFTER EACH ROW,UPDATE,ENABLED
GSMADMIN_INTERNAL,DONE_TRIGGER,GSMADMIN_INTERNAL,GSM_REQUESTS,TABLE,AFTER EACH ROW,UPDATE,ENABLED
GSMADMIN_INTERNAL,REQUEST_DELETE_TRIGGER,GSMADMIN_INTERNAL,GSM_REQUESTS,TABLE,AFTER EACH ROW,DELETE,ENABLED
GSMADMIN_INTERNAL,VNCR_INSERT,GSMADMIN_INTERNAL,VNCR,TABLE,BEFORE EACH ROW,INSERT OR UPDATE,ENABLED
GSMADMIN_INTERNAL,GSMLOGOFF,GSMCATUSER,,SCHEMA,BEFORE EVENT,LOGOFF,ENABLED
LBACSYS,LBAC$AFTER_CREATE,SYS,,DATABASE,AFTER EVENT,CREATE,DISABLED
LBACSYS,LBAC$AFTER_DROP,SYS,,DATABASE,AFTER EVENT,DROP,DISABLED
LBACSYS,LBAC$BEFORE_ALTER,SYS,,DATABASE,BEFORE EVENT,ALTER,DISABLED
MDSYS,CS_SRS_TRIGGER,MDSYS,CS_SRS,VIEW,INSTEAD OF,INSERT OR UPDATE OR DELETE,ENABLED
MDSYS,OGIS_CRS_DELETE_TRIGGER,MDSYS,OGIS_SPATIAL_REFERENCE_SYSTEMS,TABLE,BEFORE EACH ROW,DELETE,ENABLED
MDSYS,OGIS_CRS_INSERT_TRIGGER,MDSYS,OGIS_SPATIAL_REFERENCE_SYSTEMS,TABLE,BEFORE EACH ROW,INSERT,ENABLED
MDSYS,SDO_COORD_AXES_ADMIN_TRIGGER,MDSYS,SDO_COORD_AXES,TABLE,BEFORE STATEMENT,INSERT OR UPDATE OR DELETE,ENABLED
MDSYS,SDO_COORD_AXIS_NAMES_ADMIN_TRIGGER,MDSYS,SDO_COORD_AXIS_NAMES,TABLE,BEFORE STATEMENT,INSERT OR UPDATE OR DELETE,ENABLED
MDSYS,SDO_COORD_OP_METHODS_TRIGGER,MDSYS,SDO_COORD_OP_METHODS,TABLE,BEFORE EACH ROW,INSERT OR UPDATE OR DELETE,ENABLED
MDSYS,SDO_COORD_OP_PARAM_VALS_ADMIN_TRIGGER,MDSYS,SDO_COORD_OP_PARAM_VALS,TABLE,BEFORE STATEMENT,INSERT OR UPDATE OR DELETE,ENABLED
MDSYS,SDO_COORD_OP_PARAM_VAL_TRIGGER,MDSYS,SDO_COORD_OP_PARAM_VALS,TABLE,AFTER EACH ROW,INSERT OR UPDATE OR DELETE,ENABLED
MDSYS,SDO_COORD_OP_PARAM_VAL_TRIGG2,MDSYS,SDO_COORD_OP_PARAM_VALS,TABLE,AFTER STATEMENT,INSERT OR UPDATE OR DELETE,ENABLED
MDSYS,SDO_COORD_OP_PATHS_ADMIN_TRIGGER,MDSYS,SDO_COORD_OP_PATHS,TABLE,BEFORE STATEMENT,INSERT OR UPDATE OR DELETE,ENABLED
MDSYS,SDO_COORD_OP_PATHS_TRIGGER,MDSYS,SDO_COORD_OP_PATHS,TABLE,BEFORE EACH ROW,INSERT OR UPDATE,ENABLED
MDSYS,SDO_COORD_OPS_ADMIN_TRIGGER,MDSYS,SDO_COORD_OPS,TABLE,BEFORE STATEMENT,INSERT OR UPDATE OR DELETE,ENABLED
MDSYS,SDO_COORD_OPS_TRIGGER,MDSYS,SDO_COORD_OPS,TABLE,BEFORE EACH ROW,INSERT OR UPDATE OR DELETE,ENABLED
MDSYS,SDO_COORD_REF_SRID_INSERT,MDSYS,SDO_COORD_REF_SYS,TABLE,BEFORE EACH ROW,INSERT,ENABLED
MDSYS,SDO_COORD_REF_SRID_UPDATE,MDSYS,SDO_COORD_REF_SYS,TABLE,AFTER EACH ROW,UPDATE OR DELETE,ENABLED
MDSYS,SDO_COORD_REF_SYSTEM_ADMIN_TRIGGER,MDSYS,SDO_COORD_REF_SYS,TABLE,BEFORE STATEMENT,INSERT OR UPDATE OR DELETE,ENABLED
MDSYS,SDO_CRS_DELETE_TRIGGER,MDSYS,SDO_COORD_REF_SYSTEM,VIEW,INSTEAD OF,DELETE,ENABLED
MDSYS,SDO_CRS_INSERT_TRIGGER,MDSYS,SDO_COORD_REF_SYSTEM,VIEW,INSTEAD OF,INSERT,ENABLED
MDSYS,SDO_COORD_SYS_ADMIN_TRIGGER,MDSYS,SDO_COORD_SYS,TABLE,BEFORE STATEMENT,INSERT OR UPDATE OR DELETE,ENABLED
MDSYS,SDO_CRS_GEOG_SRID_UPDATE,MDSYS,SDO_CRS_GEOGRAPHIC_PLUS_HEIGHT,TABLE,AFTER EACH ROW,UPDATE OR DELETE,ENABLED
MDSYS,SDO_CS_SRS_ADMIN_TRIGGER,MDSYS,SDO_CS_SRS,TABLE,BEFORE STATEMENT,INSERT OR UPDATE OR DELETE,ENABLED
MDSYS,SDO_CS_SRS_SRID_INSERT,MDSYS,SDO_CS_SRS,TABLE,BEFORE EACH ROW,INSERT,ENABLED
MDSYS,SDO_CS_SRS_SRID_UPDATE,MDSYS,SDO_CS_SRS,TABLE,AFTER EACH ROW,UPDATE OR DELETE,ENABLED
MDSYS,SDO_DATUMS_ADMIN_TRIGGER,MDSYS,SDO_DATUMS,TABLE,BEFORE STATEMENT,INSERT OR UPDATE OR DELETE,ENABLED
MDSYS,SDO_ELLIPSOIDS_ADMIN_TRIGGER,MDSYS,SDO_ELLIPSOIDS,TABLE,BEFORE STATEMENT,INSERT OR UPDATE OR DELETE,ENABLED
MDSYS,SDO_FEATURE_USAGE_UPDATE,MDSYS,SDO_FEATURE_USAGE,TABLE,AFTER EACH ROW,UPDATE OR DELETE,ENABLED
MDSYS,CHK_SDO_DIMNAME,MDSYS,SDO_GEOM_METADATA_TABLE,TABLE,BEFORE EACH ROW,INSERT OR UPDATE,ENABLED
MDSYS,SDO_GEOM_METADATA_UPDATE,MDSYS,SDO_GEOM_METADATA_TABLE,TABLE,AFTER EACH ROW,UPDATE OR DELETE,ENABLED
MDSYS,SDO_GEOR_TRIG_DEL2,MDSYS,SDO_GEOR_SYSDATA_TABLE,TABLE,AFTER EACH ROW,UPDATE OR DELETE,ENABLED
MDSYS,SDO_INDEX_METADATA_UPDATE,MDSYS,SDO_INDEX_METADATA_TABLE,TABLE,AFTER EACH ROW,UPDATE OR DELETE,ENABLED
MDSYS,SDO_PREFERRED_OPS_SYSTEM_ADMIN_TRIGGER,MDSYS,SDO_PREFERRED_OPS_SYSTEM,TABLE,BEFORE STATEMENT,INSERT OR UPDATE OR DELETE,ENABLED
MDSYS,SDO_PREFERRED_OPS_SYSTEM_TRIG,MDSYS,SDO_PREFERRED_OPS_SYSTEM,TABLE,BEFORE EACH ROW,INSERT OR UPDATE OR DELETE,ENABLED
MDSYS,SDO_PREFERRED_OPS_SYS_TRIGGER,MDSYS,SDO_PREFERRED_OPS_SYSTEM,TABLE,BEFORE EACH ROW,INSERT OR UPDATE,ENABLED
MDSYS,SDO_PREFERRED_OPS_USER_TRIGGER,MDSYS,SDO_PREFERRED_OPS_USER,TABLE,BEFORE EACH ROW,INSERT OR UPDATE,ENABLED
MDSYS,SDO_PRIME_MERIDIANS_ADMIN_TRIGGER,MDSYS,SDO_PRIME_MERIDIANS,TABLE,BEFORE STATEMENT,INSERT OR UPDATE OR DELETE,ENABLED
MDSYS,SDO_TOPO_TRIG_INS1,MDSYS,SDO_TOPO_TRANSACT_DATA$,VIEW,INSTEAD OF,INSERT,ENABLED
MDSYS,SDO_UNITS_OF_MEASURE_ADMIN_TRIGGER,MDSYS,SDO_UNITS_OF_MEASURE,TABLE,BEFORE STATEMENT,INSERT OR UPDATE OR DELETE,ENABLED
MDSYS,SDO_UNITS_OF_MEASURE_TRIGGER,MDSYS,SDO_UNITS_OF_MEASURE,TABLE,AFTER STATEMENT,INSERT OR UPDATE,ENABLED
MDSYS,SDO_ANNOT_TRIG_INS1,MDSYS,USER_ANNOTATION_TEXT_METADATA,VIEW,INSTEAD OF,INSERT OR UPDATE OR DELETE,ENABLED
MDSYS,SDO_CSW_TRIGGER_DEL1,MDSYS,USER_SDO_CSW_SERVICE_INFO,VIEW,INSTEAD OF,DELETE,ENABLED
MDSYS,SDO_CSW_TRIGGER_INS1,MDSYS,USER_SDO_CSW_SERVICE_INFO,VIEW,INSTEAD OF,INSERT,ENABLED
MDSYS,SDO_CSW_TRIGGER_UPD1,MDSYS,USER_SDO_CSW_SERVICE_INFO,VIEW,INSTEAD OF,UPDATE,ENABLED
MDSYS,SDO_GEOM_TRIG_DEL1,MDSYS,USER_SDO_GEOM_METADATA,VIEW,INSTEAD OF,DELETE,ENABLED
MDSYS,SDO_GEOM_TRIG_INS1,MDSYS,USER_SDO_GEOM_METADATA,VIEW,INSTEAD OF,INSERT,ENABLED
MDSYS,SDO_GEOM_TRIG_UPD1,MDSYS,USER_SDO_GEOM_METADATA,VIEW,INSTEAD OF,UPDATE,ENABLED
MDSYS,SDO_GEOR_TRIG_DEL1,MDSYS,USER_SDO_GEOR_SYSDATA,VIEW,INSTEAD OF,DELETE,ENABLED
MDSYS,SDO_GEOR_TRIG_INS1,MDSYS,USER_SDO_GEOR_SYSDATA,VIEW,INSTEAD OF,INSERT,ENABLED
MDSYS,SDO_GEOR_TRIG_UPD1,MDSYS,USER_SDO_GEOR_SYSDATA,VIEW,INSTEAD OF,UPDATE,ENABLED
MDSYS,SDO_LRS_TRIG_DEL,MDSYS,USER_SDO_LRS_METADATA,VIEW,INSTEAD OF,DELETE,ENABLED
MDSYS,SDO_LRS_TRIG_INS,MDSYS,USER_SDO_LRS_METADATA,VIEW,INSTEAD OF,INSERT,ENABLED
MDSYS,SDO_LRS_TRIG_UPD,MDSYS,USER_SDO_LRS_METADATA,VIEW,INSTEAD OF,UPDATE,ENABLED
MDSYS,SDO_NETWORK_CONS_DEL_TRIG,MDSYS,USER_SDO_NETWORK_CONSTRAINTS,VIEW,INSTEAD OF,DELETE,ENABLED
MDSYS,SDO_NETWORK_CONS_INS_TRIG,MDSYS,USER_SDO_NETWORK_CONSTRAINTS,VIEW,INSTEAD OF,INSERT,ENABLED
MDSYS,SDO_NETWORK_CONS_UPD_TRIG,MDSYS,USER_SDO_NETWORK_CONSTRAINTS,VIEW,INSTEAD OF,UPDATE,ENABLED
MDSYS,SDO_NETWORK_HIS_DEL_TRIG,MDSYS,USER_SDO_NETWORK_HISTORIES,VIEW,INSTEAD OF,DELETE,ENABLED
MDSYS,SDO_NETWORK_HIS_INS_TRIG,MDSYS,USER_SDO_NETWORK_HISTORIES,VIEW,INSTEAD OF,INSERT,ENABLED
MDSYS,SDO_NETWORK_HIS_UPD_TRIG,MDSYS,USER_SDO_NETWORK_HISTORIES,VIEW,INSTEAD OF,UPDATE,ENABLED
MDSYS,SDO_NETWORK_JAVA_DEL_TRIG,MDSYS,USER_SDO_NETWORK_JAVA_OBJECTS,VIEW,INSTEAD OF,DELETE,ENABLED
MDSYS,SDO_NETWORK_JAVA_INS_TRIG,MDSYS,USER_SDO_NETWORK_JAVA_OBJECTS,VIEW,INSTEAD OF,INSERT,ENABLED
MDSYS,SDO_NETWORK_JAVA_UPD_TRIG,MDSYS,USER_SDO_NETWORK_JAVA_OBJECTS,VIEW,INSTEAD OF,UPDATE,ENABLED
MDSYS,SDO_NETWORK_LOCKS_DEL_TRIG,MDSYS,USER_SDO_NETWORK_LOCKS_WM,VIEW,INSTEAD OF,DELETE,ENABLED
MDSYS,SDO_NETWORK_LOCKS_INS_TRIG,MDSYS,USER_SDO_NETWORK_LOCKS_WM,VIEW,INSTEAD OF,INSERT,ENABLED
MDSYS,SDO_NETWORK_LOCKS_UPD_TRIG,MDSYS,USER_SDO_NETWORK_LOCKS_WM,VIEW,INSTEAD OF,UPDATE,ENABLED
MDSYS,SDO_NETWORK_TRIG_DEL,MDSYS,USER_SDO_NETWORK_METADATA,VIEW,INSTEAD OF,DELETE,ENABLED
MDSYS,SDO_NETWORK_TRIG_INS,MDSYS,USER_SDO_NETWORK_METADATA,VIEW,INSTEAD OF,INSERT,ENABLED
MDSYS,SDO_NETWORK_TRIG_UPD,MDSYS,USER_SDO_NETWORK_METADATA,VIEW,INSTEAD OF,UPDATE,ENABLED
MDSYS,SDO_NETWORK_TIME_DEL_TRIG,MDSYS,USER_SDO_NETWORK_TIMESTAMPS,VIEW,INSTEAD OF,DELETE,ENABLED
MDSYS,SDO_NETWORK_TIME_INS_TRIG,MDSYS,USER_SDO_NETWORK_TIMESTAMPS,VIEW,INSTEAD OF,INSERT,ENABLED
MDSYS,SDO_NETWORK_TIME_UPD_TRIG,MDSYS,USER_SDO_NETWORK_TIMESTAMPS,VIEW,INSTEAD OF,UPDATE,ENABLED
MDSYS,SDO_NETWORK_UD_DEL_TRIG,MDSYS,USER_SDO_NETWORK_USER_DATA,VIEW,INSTEAD OF,DELETE,ENABLED
MDSYS,SDO_NETWORK_UD_INS_TRIG,MDSYS,USER_SDO_NETWORK_USER_DATA,VIEW,INSTEAD OF,INSERT,ENABLED
MDSYS,SDO_NETWORK_UD_UPD_TRIG,MDSYS,USER_SDO_NETWORK_USER_DATA,VIEW,INSTEAD OF,UPDATE,ENABLED
MDSYS,SDO_MODEL_FTLAYER_TRIG_DEL,MDSYS,USER_SDO_NFE_MODEL_FTLAYER_REL,VIEW,INSTEAD OF,DELETE,ENABLED
MDSYS,SDO_MODEL_FTLAYER_TRIG_INS,MDSYS,USER_SDO_NFE_MODEL_FTLAYER_REL,VIEW,INSTEAD OF,INSERT,ENABLED
MDSYS,SDO_MODEL_FTLAYER_TRIG_UPD,MDSYS,USER_SDO_NFE_MODEL_FTLAYER_REL,VIEW,INSTEAD OF,UPDATE,ENABLED
MDSYS,SDO_NFE_MODEL_TRIG_DEL,MDSYS,USER_SDO_NFE_MODEL_METADATA,VIEW,INSTEAD OF,DELETE,ENABLED
MDSYS,SDO_NFE_MODEL_TRIG_INS,MDSYS,USER_SDO_NFE_MODEL_METADATA,VIEW,INSTEAD OF,INSERT,ENABLED
MDSYS,SDO_NFE_MODEL_TRIG_UPD,MDSYS,USER_SDO_NFE_MODEL_METADATA,VIEW,INSTEAD OF,UPDATE,ENABLED
MDSYS,SDO_NFE_WORKSPACE_TRIG_DEL,MDSYS,USER_SDO_NFE_MODEL_WORKSPACE,VIEW,INSTEAD OF,DELETE,ENABLED
MDSYS,SDO_NFE_WORKSPACE_TRIG_INS,MDSYS,USER_SDO_NFE_MODEL_WORKSPACE,VIEW,INSTEAD OF,INSERT,ENABLED
MDSYS,SDO_NFE_WORKSPACE_TRIG_UPD,MDSYS,USER_SDO_NFE_MODEL_WORKSPACE,VIEW,INSTEAD OF,UPDATE,ENABLED
MDSYS,SDO_DROP_USER,SYS,,DATABASE,AFTER EVENT,DROP,ENABLED
MDSYS,SDO_NETWORK_DROP_USER,SYS,,DATABASE,AFTER EVENT,DROP,ENABLED
MDSYS,SDO_TOPO_DROP_FTBL,SYS,,DATABASE,BEFORE EVENT,DROP,DISABLED
SYS,DELETE_ENTRIES,SYS,,DATABASE,AFTER EVENT,DROP,ENABLED
SYS,LOGMNRGGC_TRIGGER,SYS,,DATABASE,BEFORE EVENT,DDL,DISABLED
SYS,OJDS$ROLE_TRIGGER$,SYS,,DATABASE,AFTER EVENT,DROP,ENABLED
SYS,SYSLSBY_EDS_DDL_TRIG,SYS,,DATABASE,AFTER EVENT,CREATE OR ALTER,DISABLED
SYS,XDB_PI_TRIG,SYS,,DATABASE,BEFORE EVENT,DROP OR TRUNCATE,ENABLED
WMSYS,NO_VM_DDL,SYS,,DATABASE,BEFORE EVENT,CREATE OR ALTER OR DROP OR TRUNCATE OR RENAME,DISABLED
WMSYS,NO_VM_DROP_A,SYS,,DATABASE,AFTER EVENT,DROP,DISABLED
WMSYS,WM$BCT_I_TRIG,WMSYS,WM$BATCH_COMPRESSIBLE_TABLES,VIEW,INSTEAD OF,INSERT,ENABLED
WMSYS,WM$CP_D_TRIG,WMSYS,WM$COLUMN_PROPS,VIEW,INSTEAD OF,DELETE,ENABLED
WMSYS,WM$CP_I_TRIG,WMSYS,WM$COLUMN_PROPS,VIEW,INSTEAD OF,INSERT,ENABLED
WMSYS,WM$CP_U_TRIG,WMSYS,WM$COLUMN_PROPS,VIEW,INSTEAD OF,UPDATE,ENABLED
WMSYS,WM$CC_I_TRIG,WMSYS,WM$CONS_COLUMNS,VIEW,INSTEAD OF,INSERT,ENABLED
WMSYS,WM$CT_I_TRIG,WMSYS,WM$CONSTRAINTS_TABLE,VIEW,INSTEAD OF,INSERT,ENABLED
WMSYS,WM$CT_U_TRIG,WMSYS,WM$CONSTRAINTS_TABLE,VIEW,INSTEAD OF,UPDATE,ENABLED
WMSYS,WM$EV_I_TRIG,WMSYS,WM$ENV_VARS,VIEW,INSTEAD OF,INSERT,ENABLED
WMSYS,WM$EI_I_TRIG,WMSYS,WM$EVENTS_INFO,VIEW,INSTEAD OF,INSERT,ENABLED
WMSYS,WM$EI_U_TRIG,WMSYS,WM$EVENTS_INFO,VIEW,INSTEAD OF,UPDATE,ENABLED
WMSYS,WM$HT_I_TRIG,WMSYS,WM$HINT_TABLE,VIEW,INSTEAD OF,INSERT,ENABLED
WMSYS,WM$LI_I_TRIG,WMSYS,WM$LOCKROWS_INFO,VIEW,INSTEAD OF,INSERT,ENABLED
WMSYS,WM$MT_I_TRIG,WMSYS,WM$MODIFIED_TABLES,VIEW,INSTEAD OF,INSERT,ENABLED
WMSYS,WM$MGWT_I_TRIG,WMSYS,WM$MP_GRAPH_WORKSPACES_TABLE,VIEW,INSTEAD OF,INSERT,ENABLED
WMSYS,WM$MPWT_I_TRIG,WMSYS,WM$MP_PARENT_WORKSPACES_TABLE,VIEW,INSTEAD OF,INSERT,ENABLED
WMSYS,WM$MW_I_TRIG,WMSYS,WM$MW_TABLE,VIEW,INSTEAD OF,INSERT,ENABLED
WMSYS,WM$NCT_I_TRIG,WMSYS,WM$NESTED_COLUMNS_TABLE,VIEW,INSTEAD OF,INSERT,ENABLED
WMSYS,WM$NT_I_TRIG,WMSYS,WM$NEXTVER_TABLE,VIEW,INSTEAD OF,INSERT,ENABLED
WMSYS,WM$RWT_I_TRIG,WMSYS,WM$RESOLVE_WORKSPACES_TABLE,VIEW,INSTEAD OF,INSERT,ENABLED
WMSYS,WM$RLT_I_TRIG,WMSYS,WM$RIC_LOCKING_TABLE,VIEW,INSTEAD OF,INSERT,ENABLED
WMSYS,WM$RT_D_TRIG,WMSYS,WM$RIC_TABLE,VIEW,INSTEAD OF,DELETE,ENABLED
WMSYS,WM$RT_I_TRIG,WMSYS,WM$RIC_TABLE,VIEW,INSTEAD OF,INSERT,ENABLED
WMSYS,WM$RTT_I_TRIG,WMSYS,WM$RIC_TRIGGERS_TABLE,VIEW,INSTEAD OF,INSERT,ENABLED
WMSYS,WM$SAV_I_TRIG,WMSYS,WM$SYSPARAM_ALL_VALUES,VIEW,INSTEAD OF,INSERT,ENABLED
WMSYS,WM$UDP_I_TRIG,WMSYS,WM$UDTRIG_DISPATCH_PROCS,VIEW,INSTEAD OF,INSERT,ENABLED
WMSYS,WM$UD_U_TRIG,WMSYS,WM$UDTRIG_INFO,VIEW,INSTEAD OF,UPDATE,ENABLED
WMSYS,WM$UI_I_TRIG,WMSYS,WM$UDTRIG_INFO,VIEW,INSTEAD OF,INSERT,ENABLED
WMSYS,WM$VTH_D_TRIG,WMSYS,WM$VERSIONED_TABLES$H,VIEW,INSTEAD OF,DELETE,ENABLED
WMSYS,WM$VTH_I_TRIG,WMSYS,WM$VERSIONED_TABLES$H,VIEW,INSTEAD OF,INSERT,ENABLED
WMSYS,WM$VTH_NT_D_TRIG,WMSYS,WM$VERSIONED_TABLES$H,VIEW,INSTEAD OF,DELETE,ENABLED
WMSYS,WM$VTH_NT_I_TRIG,WMSYS,WM$VERSIONED_TABLES$H,VIEW,INSTEAD OF,INSERT,ENABLED
WMSYS,WM$VTH_U_TRIG,WMSYS,WM$VERSIONED_TABLES$H,VIEW,INSTEAD OF,UPDATE,ENABLED
WMSYS,WM$VHT_I_TRIG,WMSYS,WM$VERSION_HIERARCHY_TABLE,VIEW,INSTEAD OF,INSERT,ENABLED
WMSYS,WM$VT_I_TRIG,WMSYS,WM$VERSION_TABLE,VIEW,INSTEAD OF,INSERT,ENABLED
WMSYS,WM$VET_I_TRIG,WMSYS,WM$VT_ERRORS_TABLE,VIEW,INSTEAD OF,INSERT,ENABLED
WMSYS,WM$VET_U_TRIG,WMSYS,WM$VT_ERRORS_TABLE,VIEW,INSTEAD OF,UPDATE,ENABLED
WMSYS,WM$WPT_D_TRIG,WMSYS,WM$WORKSPACE_PRIV_TABLE,VIEW,INSTEAD OF,DELETE,ENABLED
WMSYS,WM$WPT_I_TRIG,WMSYS,WM$WORKSPACE_PRIV_TABLE,VIEW,INSTEAD OF,INSERT,ENABLED
WMSYS,WM$WPT_U_TRIG,WMSYS,WM$WORKSPACE_PRIV_TABLE,VIEW,INSTEAD OF,UPDATE,ENABLED
WMSYS,WM$WST_I_TRIG,WMSYS,WM$WORKSPACE_SAVEPOINTS_TABLE,VIEW,INSTEAD OF,INSERT,ENABLED
WMSYS,WM$WT_D_TRIG,WMSYS,WM$WORKSPACES_TABLE$D,VIEW,INSTEAD OF,DELETE,ENABLED
WMSYS,WM$WT_I_TRIG,WMSYS,WM$WORKSPACES_TABLE$D,VIEW,INSTEAD OF,INSERT,ENABLED
WMSYS,WM$WT_U_TRIG,WMSYS,WM$WORKSPACES_TABLE$D,VIEW,INSTEAD OF,UPDATE,ENABLED
XDB,XDB_PV_TRIG,XDB,PATH_VIEW,VIEW,INSTEAD OF,INSERT OR UPDATE OR DELETE,ENABLED
XDB,XDB_RV_TRIG,XDB,RESOURCE_VIEW,VIEW,INSTEAD OF,INSERT OR UPDATE OR DELETE,ENABLED
XDB,XDB$ACL$xd,XDB,XDB$ACL,TABLE,AFTER EACH ROW,UPDATE OR DELETE,ENABLED
XDB,XDBCONFIG_VALIDATE,XDB,XDB$CONFIG,TABLE,BEFORE EACH ROW,INSERT OR UPDATE,ENABLED
XDB,XDB$CONFIG$xd,XDB,XDB$CONFIG,TABLE,AFTER EACH ROW,UPDATE OR DELETE,ENABLED
XDB,XDB$RESCONFIG$xd,XDB,XDB$RESCONFIG,TABLE,AFTER EACH ROW,UPDATE OR DELETE,ENABLED
XDB,XDB$STATS$xd,XDB,XDB$STATS,TABLE,AFTER EACH ROW,UPDATE OR DELETE,ENABLED
