ruta,clasificacion,componente,redirige_a,roles,linea
"*","publica","NotFound","","","905"
"/","publica","Navigate","/login","","904"
"/activos-ti/:assetCode","publica","TIAssetPublicLookupPage","","","236"
"/asistencia/marcar/:action","rol","AttendanceAction","","acp_comercial | admin_ti | backoffice_comercial | calidad | comercial | esp_app | esp_app_ext | financiero | finanzas | gerencia | gerencia_general | ing_servicio | ing_servicio_ext | jefe_calidad | jefe_comercial | jefe_de_operaciones | jefe_financiero | jefe_finanzas | jefe_logistica | jefe_operaciones | jefe_servicio | jefe_servicio_tecnico | jefe_tecnico | jefe_ti | logistica | operaciones | servicio_tecnico | talento_humano | tecnico | ti","288"
"/asistencia/mobile-shortcuts","rol","MobileShortcuts","","acp_comercial | admin_ti | backoffice_comercial | calidad | comercial | esp_app | esp_app_ext | financiero | finanzas | gerencia | gerencia_general | ing_servicio | ing_servicio_ext | jefe_calidad | jefe_comercial | jefe_de_operaciones | jefe_financiero | jefe_finanzas | jefe_logistica | jefe_operaciones | jefe_servicio | jefe_servicio_tecnico | jefe_tecnico | jefe_ti | logistica | operaciones | servicio_tecnico | talento_humano | tecnico | ti","287"
"/buzon-sugerencias","publica","SuggestionBoxPublicPage","","","238"
"/configuration","rol","ConfigurationPage","","acp_comercial | admin_ti | backoffice_comercial | calidad | comercial | esp_app | esp_app_ext | financiero | finanzas | gerencia | gerencia_general | ing_servicio | ing_servicio_ext | jefe_calidad | jefe_comercial | jefe_de_operaciones | jefe_financiero | jefe_finanzas | jefe_logistica | jefe_operaciones | jefe_servicio | jefe_servicio_tecnico | jefe_tecnico | jefe_ti | logistica | operaciones | servicio_tecnico | talento_humano | tecnico | ti","743"
"/cumpleanos/canje/:token","publica","BirthdayBenefitRedeemPage","","","234"
"/dashboard","rol","RoleRedirect","","acp_comercial | admin_ti | backoffice_comercial | calidad | comercial | esp_app | esp_app_ext | financiero | finanzas | gerencia | gerencia_general | ing_servicio | ing_servicio_ext | jefe_calidad | jefe_comercial | jefe_de_operaciones | jefe_financiero | jefe_finanzas | jefe_logistica | jefe_operaciones | jefe_servicio | jefe_servicio_tecnico | jefe_tecnico | jefe_ti | logistica | operaciones | servicio_tecnico | talento_humano | tecnico | ti","283"
"/dashboard/auditoria","rol","Auditoria","","acp_comercial | admin_ti | backoffice_comercial | calidad | comercial | esp_app | esp_app_ext | financiero | finanzas | gerencia | gerencia_general | ing_servicio | ing_servicio_ext | jefe_calidad | jefe_comercial | jefe_de_operaciones | jefe_financiero | jefe_finanzas | jefe_logistica | jefe_operaciones | jefe_servicio | jefe_servicio_tecnico | jefe_tecnico | jefe_ti | logistica | operaciones | servicio_tecnico | talento_humano | tecnico | ti  Y  gerencia | gerencia_general | gerente_general | ti","712"
"/dashboard/auditoria/preparacion","rol","AuditPrepPage","","acp_comercial | admin_ti | backoffice_comercial | calidad | comercial | esp_app | esp_app_ext | financiero | finanzas | gerencia | gerencia_general | ing_servicio | ing_servicio_ext | jefe_calidad | jefe_comercial | jefe_de_operaciones | jefe_financiero | jefe_finanzas | jefe_logistica | jefe_operaciones | jefe_servicio | jefe_servicio_tecnico | jefe_tecnico | jefe_ti | logistica | operaciones | servicio_tecnico | talento_humano | tecnico | ti  Y  admin_ti | calidad | comercial | financiero | finanzas | gerencia | gerencia_general | jefe_calidad | jefe_comercial | jefe_ti | operaciones | talento_humano | ti","736"
"/dashboard/backoffice/client-request/:id","rol","ClientRequestReview","","acp_comercial | admin_ti | backoffice_comercial | calidad | comercial | esp_app | esp_app_ext | financiero | finanzas | gerencia | gerencia_general | ing_servicio | ing_servicio_ext | jefe_calidad | jefe_comercial | jefe_de_operaciones | jefe_financiero | jefe_finanzas | jefe_logistica | jefe_operaciones | jefe_servicio | jefe_servicio_tecnico | jefe_tecnico | jefe_ti | logistica | operaciones | servicio_tecnico | talento_humano | tecnico | ti  Y  acp_comercial | backoffice_comercial | calidad | comercial | gerencia | jefe_calidad | jefe_comercial","785"
"/dashboard/backoffice/client-requests","rol","ClientRequests","","acp_comercial | admin_ti | backoffice_comercial | calidad | comercial | esp_app | esp_app_ext | financiero | finanzas | gerencia | gerencia_general | ing_servicio | ing_servicio_ext | jefe_calidad | jefe_comercial | jefe_de_operaciones | jefe_financiero | jefe_finanzas | jefe_logistica | jefe_operaciones | jefe_servicio | jefe_servicio_tecnico | jefe_tecnico | jefe_ti | logistica | operaciones | servicio_tecnico | talento_humano | tecnico | ti  Y  acp_comercial | backoffice_comercial | calidad | comercial | gerencia | jefe_calidad | jefe_comercial","784"
"/dashboard/backoffice/clientes","rol","ClientesPage","","acp_comercial | admin_ti | backoffice_comercial | calidad | comercial | esp_app | esp_app_ext | financiero | finanzas | gerencia | gerencia_general | ing_servicio | ing_servicio_ext | jefe_calidad | jefe_comercial | jefe_de_operaciones | jefe_financiero | jefe_finanzas | jefe_logistica | jefe_operaciones | jefe_servicio | jefe_servicio_tecnico | jefe_tecnico | jefe_ti | logistica | operaciones | servicio_tecnico | talento_humano | tecnico | ti  Y  acp_comercial | backoffice_comercial | calidad | comercial | gerencia | jefe_calidad | jefe_comercial","786"
"/dashboard/backoffice/private-purchases","rol","LegacyPrivatePurchaseRedirect","","acp_comercial | admin_ti | backoffice_comercial | calidad | comercial | esp_app | esp_app_ext | financiero | finanzas | gerencia | gerencia_general | ing_servicio | ing_servicio_ext | jefe_calidad | jefe_comercial | jefe_de_operaciones | jefe_financiero | jefe_finanzas | jefe_logistica | jefe_operaciones | jefe_servicio | jefe_servicio_tecnico | jefe_tecnico | jefe_ti | logistica | operaciones | servicio_tecnico | talento_humano | tecnico | ti  Y  acp_comercial | backoffice_comercial | calidad | comercial | gerencia | jefe_calidad | jefe_comercial  Y  acp_comercial | backoffice_comercial | comercial | gerencia | jefe_comercial","800"
"/dashboard/business-case","rol","BusinessCaseWorkspace","","acp_comercial | admin_ti | backoffice_comercial | calidad | comercial | esp_app | esp_app_ext | financiero | finanzas | gerencia | gerencia_general | ing_servicio | ing_servicio_ext | jefe_calidad | jefe_comercial | jefe_de_operaciones | jefe_financiero | jefe_finanzas | jefe_logistica | jefe_operaciones | jefe_servicio | jefe_servicio_tecnico | jefe_tecnico | jefe_ti | logistica | operaciones | servicio_tecnico | talento_humano | tecnico | ti  Y  acp_comercial | analista_comercial | asesor_comercial | backoffice | backoffice_comercial | comercial | esp_app | gerencia | gerencia_general | ing_servicio | jefe_comercial | jefe_de_comercial | jefe_de_operaciones | jefe_financiero | jefe_logistica | jefe_operaciones | jefe_servicio | jefe_servicio_tecnico | jefe_tecnico | jefe_ti | operaciones | servicio_tecnico","370"
"/dashboard/business-case/observabilidad","rol","BusinessCaseObservabilityDashboard","","acp_comercial | admin_ti | backoffice_comercial | calidad | comercial | esp_app | esp_app_ext | financiero | finanzas | gerencia | gerencia_general | ing_servicio | ing_servicio_ext | jefe_calidad | jefe_comercial | jefe_de_operaciones | jefe_financiero | jefe_finanzas | jefe_logistica | jefe_operaciones | jefe_servicio | jefe_servicio_tecnico | jefe_tecnico | jefe_ti | logistica | operaciones | servicio_tecnico | talento_humano | tecnico | ti  Y  admin | administrador | gerencia | gerencia_general | jefe_comercial | jefe_operaciones | jefe_tecnico","393"
"/dashboard/business-case/resumen","rol_estricto","BusinessCaseQualitySummary","","acp_comercial | admin_ti | backoffice_comercial | calidad | comercial | esp_app | esp_app_ext | financiero | finanzas | gerencia | gerencia_general | ing_servicio | ing_servicio_ext | jefe_calidad | jefe_comercial | jefe_de_operaciones | jefe_financiero | jefe_finanzas | jefe_logistica | jefe_operaciones | jefe_servicio | jefe_servicio_tecnico | jefe_tecnico | jefe_ti | logistica | operaciones | servicio_tecnico | talento_humano | tecnico | ti  Y  bc_quality_summary | jefe_calidad (estricto)","376"
"/dashboard/business-case/workspace","rol","BusinessCaseWorkspace","","acp_comercial | admin_ti | backoffice_comercial | calidad | comercial | esp_app | esp_app_ext | financiero | finanzas | gerencia | gerencia_general | ing_servicio | ing_servicio_ext | jefe_calidad | jefe_comercial | jefe_de_operaciones | jefe_financiero | jefe_finanzas | jefe_logistica | jefe_operaciones | jefe_servicio | jefe_servicio_tecnico | jefe_tecnico | jefe_ti | logistica | operaciones | servicio_tecnico | talento_humano | tecnico | ti  Y  acp_comercial | analista_comercial | asesor_comercial | backoffice | backoffice_comercial | comercial | esp_app | gerencia | gerencia_general | ing_servicio | jefe_comercial | jefe_de_comercial | jefe_de_operaciones | jefe_financiero | jefe_logistica | jefe_operaciones | jefe_servicio | jefe_servicio_tecnico | jefe_tecnico | jefe_ti | operaciones | servicio_tecnico","372"
"/dashboard/business-case/workspace/:id","rol","BusinessCaseWorkspace","","acp_comercial | admin_ti | backoffice_comercial | calidad | comercial | esp_app | esp_app_ext | financiero | finanzas | gerencia | gerencia_general | ing_servicio | ing_servicio_ext | jefe_calidad | jefe_comercial | jefe_de_operaciones | jefe_financiero | jefe_finanzas | jefe_logistica | jefe_operaciones | jefe_servicio | jefe_servicio_tecnico | jefe_tecnico | jefe_ti | logistica | operaciones | servicio_tecnico | talento_humano | tecnico | ti  Y  acp_comercial | analista_comercial | asesor_comercial | backoffice | backoffice_comercial | comercial | esp_app | gerencia | gerencia_general | ing_servicio | jefe_comercial | jefe_de_comercial | jefe_de_operaciones | jefe_financiero | jefe_logistica | jefe_operaciones | jefe_servicio | jefe_servicio_tecnico | jefe_tecnico | jefe_ti | operaciones | servicio_tecnico","373"
"/dashboard/buzon-sugerencias","rol","SuggestionBoxDashboardPage","","acp_comercial | admin_ti | backoffice_comercial | calidad | comercial | esp_app | esp_app_ext | financiero | finanzas | gerencia | gerencia_general | ing_servicio | ing_servicio_ext | jefe_calidad | jefe_comercial | jefe_de_operaciones | jefe_financiero | jefe_finanzas | jefe_logistica | jefe_operaciones | jefe_servicio | jefe_servicio_tecnico | jefe_tecnico | jefe_ti | logistica | operaciones | servicio_tecnico | talento_humano | tecnico | ti","574"
"/dashboard/calidad","rol","DashboardCalidad","","acp_comercial | admin_ti | backoffice_comercial | calidad | comercial | esp_app | esp_app_ext | financiero | finanzas | gerencia | gerencia_general | ing_servicio | ing_servicio_ext | jefe_calidad | jefe_comercial | jefe_de_operaciones | jefe_financiero | jefe_finanzas | jefe_logistica | jefe_operaciones | jefe_servicio | jefe_servicio_tecnico | jefe_tecnico | jefe_ti | logistica | operaciones | servicio_tecnico | talento_humano | tecnico | ti","546"
"/dashboard/calidad/areas","rol","CA0114Workspace","","acp_comercial | admin_ti | backoffice_comercial | calidad | comercial | esp_app | esp_app_ext | financiero | finanzas | gerencia | gerencia_general | ing_servicio | ing_servicio_ext | jefe_calidad | jefe_comercial | jefe_de_operaciones | jefe_financiero | jefe_finanzas | jefe_logistica | jefe_operaciones | jefe_servicio | jefe_servicio_tecnico | jefe_tecnico | jefe_ti | logistica | operaciones | servicio_tecnico | talento_humano | tecnico | ti","560"
"/dashboard/calidad/auditorias","rol","CA0115Workspace","","acp_comercial | admin_ti | backoffice_comercial | calidad | comercial | esp_app | esp_app_ext | financiero | finanzas | gerencia | gerencia_general | ing_servicio | ing_servicio_ext | jefe_calidad | jefe_comercial | jefe_de_operaciones | jefe_financiero | jefe_finanzas | jefe_logistica | jefe_operaciones | jefe_servicio | jefe_servicio_tecnico | jefe_tecnico | jefe_ti | logistica | operaciones | servicio_tecnico | talento_humano | tecnico | ti","561"
"/dashboard/calidad/buenas-practicas","rol","CA0103Workspace","","acp_comercial | admin_ti | backoffice_comercial | calidad | comercial | esp_app | esp_app_ext | financiero | finanzas | gerencia | gerencia_general | ing_servicio | ing_servicio_ext | jefe_calidad | jefe_comercial | jefe_de_operaciones | jefe_financiero | jefe_finanzas | jefe_logistica | jefe_operaciones | jefe_servicio | jefe_servicio_tecnico | jefe_tecnico | jefe_ti | logistica | operaciones | servicio_tecnico | talento_humano | tecnico | ti","549"
"/dashboard/calidad/capa","rol","CA0109Workspace","","acp_comercial | admin_ti | backoffice_comercial | calidad | comercial | esp_app | esp_app_ext | financiero | finanzas | gerencia | gerencia_general | ing_servicio | ing_servicio_ext | jefe_calidad | jefe_comercial | jefe_de_operaciones | jefe_financiero | jefe_finanzas | jefe_logistica | jefe_operaciones | jefe_servicio | jefe_servicio_tecnico | jefe_tecnico | jefe_ti | logistica | operaciones | servicio_tecnico | talento_humano | tecnico | ti","555"
"/dashboard/calidad/comunicaciones","rol","CA0113Workspace","","acp_comercial | admin_ti | backoffice_comercial | calidad | comercial | esp_app | esp_app_ext | financiero | finanzas | gerencia | gerencia_general | ing_servicio | ing_servicio_ext | jefe_calidad | jefe_comercial | jefe_de_operaciones | jefe_financiero | jefe_finanzas | jefe_logistica | jefe_operaciones | jefe_servicio | jefe_servicio_tecnico | jefe_tecnico | jefe_ti | logistica | operaciones | servicio_tecnico | talento_humano | tecnico | ti","559"
"/dashboard/calidad/documentos","rol","CA0105Workspace","","acp_comercial | admin_ti | backoffice_comercial | calidad | comercial | esp_app | esp_app_ext | financiero | finanzas | gerencia | gerencia_general | ing_servicio | ing_servicio_ext | jefe_calidad | jefe_comercial | jefe_de_operaciones | jefe_financiero | jefe_finanzas | jefe_logistica | jefe_operaciones | jefe_servicio | jefe_servicio_tecnico | jefe_tecnico | jefe_ti | logistica | operaciones | servicio_tecnico | talento_humano | tecnico | ti","551"
"/dashboard/calidad/documentos-rrhh","rol_estricto","QualityHrDocumentsPage","","acp_comercial | admin_ti | backoffice_comercial | calidad | comercial | esp_app | esp_app_ext | financiero | finanzas | gerencia | gerencia_general | ing_servicio | ing_servicio_ext | jefe_calidad | jefe_comercial | jefe_de_operaciones | jefe_financiero | jefe_finanzas | jefe_logistica | jefe_operaciones | jefe_servicio | jefe_servicio_tecnico | jefe_tecnico | jefe_ti | logistica | operaciones | servicio_tecnico | talento_humano | tecnico | ti  Y  jefe_calidad (estricto)","565"
"/dashboard/calidad/higiene","rol","CA0112Workspace","","acp_comercial | admin_ti | backoffice_comercial | calidad | comercial | esp_app | esp_app_ext | financiero | finanzas | gerencia | gerencia_general | ing_servicio | ing_servicio_ext | jefe_calidad | jefe_comercial | jefe_de_operaciones | jefe_financiero | jefe_finanzas | jefe_logistica | jefe_operaciones | jefe_servicio | jefe_servicio_tecnico | jefe_tecnico | jefe_ti | logistica | operaciones | servicio_tecnico | talento_humano | tecnico | ti","558"
"/dashboard/calidad/incidentes","rol","CA0111Workspace","","acp_comercial | admin_ti | backoffice_comercial | calidad | comercial | esp_app | esp_app_ext | financiero | finanzas | gerencia | gerencia_general | ing_servicio | ing_servicio_ext | jefe_calidad | jefe_comercial | jefe_de_operaciones | jefe_financiero | jefe_finanzas | jefe_logistica | jefe_operaciones | jefe_servicio | jefe_servicio_tecnico | jefe_tecnico | jefe_ti | logistica | operaciones | servicio_tecnico | talento_humano | tecnico | ti","557"
"/dashboard/calidad/limpieza","rol","CA0102Workspace","","acp_comercial | admin_ti | backoffice_comercial | calidad | comercial | esp_app | esp_app_ext | financiero | finanzas | gerencia | gerencia_general | ing_servicio | ing_servicio_ext | jefe_calidad | jefe_comercial | jefe_de_operaciones | jefe_financiero | jefe_finanzas | jefe_logistica | jefe_operaciones | jefe_servicio | jefe_servicio_tecnico | jefe_tecnico | jefe_ti | logistica | operaciones | servicio_tecnico | talento_humano | tecnico | ti","548"
"/dashboard/calidad/muestreo","rol","CA0116Workspace","","acp_comercial | admin_ti | backoffice_comercial | calidad | comercial | esp_app | esp_app_ext | financiero | finanzas | gerencia | gerencia_general | ing_servicio | ing_servicio_ext | jefe_calidad | jefe_comercial | jefe_de_operaciones | jefe_financiero | jefe_finanzas | jefe_logistica | jefe_operaciones | jefe_servicio | jefe_servicio_tecnico | jefe_tecnico | jefe_ti | logistica | operaciones | servicio_tecnico | talento_humano | tecnico | ti","562"
"/dashboard/calidad/plagas","rol","CA0104Workspace","","acp_comercial | admin_ti | backoffice_comercial | calidad | comercial | esp_app | esp_app_ext | financiero | finanzas | gerencia | gerencia_general | ing_servicio | ing_servicio_ext | jefe_calidad | jefe_comercial | jefe_de_operaciones | jefe_financiero | jefe_finanzas | jefe_logistica | jefe_operaciones | jefe_servicio | jefe_servicio_tecnico | jefe_tecnico | jefe_ti | logistica | operaciones | servicio_tecnico | talento_humano | tecnico | ti","550"
"/dashboard/calidad/quejas","rol","CA0107Workspace","","acp_comercial | admin_ti | backoffice_comercial | calidad | comercial | esp_app | esp_app_ext | financiero | finanzas | gerencia | gerencia_general | ing_servicio | ing_servicio_ext | jefe_calidad | jefe_comercial | jefe_de_operaciones | jefe_financiero | jefe_finanzas | jefe_logistica | jefe_operaciones | jefe_servicio | jefe_servicio_tecnico | jefe_tecnico | jefe_ti | logistica | operaciones | servicio_tecnico | talento_humano | tecnico | ti","553"
"/dashboard/calidad/recall","rol","CA0106Workspace","","acp_comercial | admin_ti | backoffice_comercial | calidad | comercial | esp_app | esp_app_ext | financiero | finanzas | gerencia | gerencia_general | ing_servicio | ing_servicio_ext | jefe_calidad | jefe_comercial | jefe_de_operaciones | jefe_financiero | jefe_finanzas | jefe_logistica | jefe_operaciones | jefe_servicio | jefe_servicio_tecnico | jefe_tecnico | jefe_ti | logistica | operaciones | servicio_tecnico | talento_humano | tecnico | ti","552"
"/dashboard/calidad/refrigerados","rol","CA0108Workspace","","acp_comercial | admin_ti | backoffice_comercial | calidad | comercial | esp_app | esp_app_ext | financiero | finanzas | gerencia | gerencia_general | ing_servicio | ing_servicio_ext | jefe_calidad | jefe_comercial | jefe_de_operaciones | jefe_financiero | jefe_finanzas | jefe_logistica | jefe_operaciones | jefe_servicio | jefe_servicio_tecnico | jefe_tecnico | jefe_ti | logistica | operaciones | servicio_tecnico | talento_humano | tecnico | ti","554"
"/dashboard/calidad/riesgos","rol","CA0110Workspace","","acp_comercial | admin_ti | backoffice_comercial | calidad | comercial | esp_app | esp_app_ext | financiero | finanzas | gerencia | gerencia_general | ing_servicio | ing_servicio_ext | jefe_calidad | jefe_comercial | jefe_de_operaciones | jefe_financiero | jefe_finanzas | jefe_logistica | jefe_operaciones | jefe_servicio | jefe_servicio_tecnico | jefe_tecnico | jefe_ti | logistica | operaciones | servicio_tecnico | talento_humano | tecnico | ti","556"
"/dashboard/calidad/tecnovigilancia","rol","CA0117Workspace","","acp_comercial | admin_ti | backoffice_comercial | calidad | comercial | esp_app | esp_app_ext | financiero | finanzas | gerencia | gerencia_general | ing_servicio | ing_servicio_ext | jefe_calidad | jefe_comercial | jefe_de_operaciones | jefe_financiero | jefe_finanzas | jefe_logistica | jefe_operaciones | jefe_servicio | jefe_servicio_tecnico | jefe_tecnico | jefe_ti | logistica | operaciones | servicio_tecnico | talento_humano | tecnico | ti","563"
"/dashboard/calidad/temperatura","rol","CA0101Workspace","","acp_comercial | admin_ti | backoffice_comercial | calidad | comercial | esp_app | esp_app_ext | financiero | finanzas | gerencia | gerencia_general | ing_servicio | ing_servicio_ext | jefe_calidad | jefe_comercial | jefe_de_operaciones | jefe_financiero | jefe_finanzas | jefe_logistica | jefe_operaciones | jefe_servicio | jefe_servicio_tecnico | jefe_tecnico | jefe_ti | logistica | operaciones | servicio_tecnico | talento_humano | tecnico | ti","547"
"/dashboard/capacitaciones","rol","CapacitacionesWorkspace","","acp_comercial | admin_ti | backoffice_comercial | calidad | comercial | esp_app | esp_app_ext | financiero | finanzas | gerencia | gerencia_general | ing_servicio | ing_servicio_ext | jefe_calidad | jefe_comercial | jefe_de_operaciones | jefe_financiero | jefe_finanzas | jefe_logistica | jefe_operaciones | jefe_servicio | jefe_servicio_tecnico | jefe_tecnico | jefe_ti | logistica | operaciones | servicio_tecnico | talento_humano | tecnico | ti","615"
"/dashboard/capacitaciones/:id","rol","CapacitacionDetailPage","","acp_comercial | admin_ti | backoffice_comercial | calidad | comercial | esp_app | esp_app_ext | financiero | finanzas | gerencia | gerencia_general | ing_servicio | ing_servicio_ext | jefe_calidad | jefe_comercial | jefe_de_operaciones | jefe_financiero | jefe_finanzas | jefe_logistica | jefe_operaciones | jefe_servicio | jefe_servicio_tecnico | jefe_tecnico | jefe_ti | logistica | operaciones | servicio_tecnico | talento_humano | tecnico | ti","616"
"/dashboard/clientes","rol","ClientesPage","","acp_comercial | admin_ti | backoffice_comercial | calidad | comercial | esp_app | esp_app_ext | financiero | finanzas | gerencia | gerencia_general | ing_servicio | ing_servicio_ext | jefe_calidad | jefe_comercial | jefe_de_operaciones | jefe_financiero | jefe_finanzas | jefe_logistica | jefe_operaciones | jefe_servicio | jefe_servicio_tecnico | jefe_tecnico | jefe_ti | logistica | operaciones | servicio_tecnico | talento_humano | tecnico | ti  Y  acp_comercial | admin | administrador | backoffice_comercial | comercial | gerencia | gerencia_general | jefe_comercial | jefe_de_operaciones | jefe_operaciones | operaciones | ti","595"
"/dashboard/collab/entregas","rol","CollabDeliveriesFinancieroPage","","acp_comercial | admin_ti | backoffice_comercial | calidad | comercial | esp_app | esp_app_ext | financiero | finanzas | gerencia | gerencia_general | ing_servicio | ing_servicio_ext | jefe_calidad | jefe_comercial | jefe_de_operaciones | jefe_financiero | jefe_finanzas | jefe_logistica | jefe_operaciones | jefe_servicio | jefe_servicio_tecnico | jefe_tecnico | jefe_ti | logistica | operaciones | servicio_tecnico | talento_humano | tecnico | ti  Y  financiero | jefe_financiero | jefe_servicio | jefe_tecnico | talento_humano","539"
"/dashboard/collab/resumen","rol","CollabDeliveriesGerenciaPage","","acp_comercial | admin_ti | backoffice_comercial | calidad | comercial | esp_app | esp_app_ext | financiero | finanzas | gerencia | gerencia_general | ing_servicio | ing_servicio_ext | jefe_calidad | jefe_comercial | jefe_de_operaciones | jefe_financiero | jefe_finanzas | jefe_logistica | jefe_operaciones | jefe_servicio | jefe_servicio_tecnico | jefe_tecnico | jefe_ti | logistica | operaciones | servicio_tecnico | talento_humano | tecnico | ti  Y  gerencia | gerencia_general","542"
"/dashboard/comercial","rol","DashboardComercial","","acp_comercial | admin_ti | backoffice_comercial | calidad | comercial | esp_app | esp_app_ext | financiero | finanzas | gerencia | gerencia_general | ing_servicio | ing_servicio_ext | jefe_calidad | jefe_comercial | jefe_de_operaciones | jefe_financiero | jefe_finanzas | jefe_logistica | jefe_operaciones | jefe_servicio | jefe_servicio_tecnico | jefe_tecnico | jefe_ti | logistica | operaciones | servicio_tecnico | talento_humano | tecnico | ti  Y  acp_comercial | backoffice_comercial | comercial | director | gerencia | gerencia_general | gerente_general | jefe_comercial","298"
"/dashboard/comercial/acp-compras","rol","LegacyPublicPurchaseRedirect","","acp_comercial | admin_ti | backoffice_comercial | calidad | comercial | esp_app | esp_app_ext | financiero | finanzas | gerencia | gerencia_general | ing_servicio | ing_servicio_ext | jefe_calidad | jefe_comercial | jefe_de_operaciones | jefe_financiero | jefe_finanzas | jefe_logistica | jefe_operaciones | jefe_servicio | jefe_servicio_tecnico | jefe_tecnico | jefe_ti | logistica | operaciones | servicio_tecnico | talento_humano | tecnico | ti  Y  acp_comercial","325"
"/dashboard/comercial/aprobaciones-planificacion","rol","AprobacionCronogramas","","acp_comercial | admin_ti | backoffice_comercial | calidad | comercial | esp_app | esp_app_ext | financiero | finanzas | gerencia | gerencia_general | ing_servicio | ing_servicio_ext | jefe_calidad | jefe_comercial | jefe_de_operaciones | jefe_financiero | jefe_finanzas | jefe_logistica | jefe_operaciones | jefe_servicio | jefe_servicio_tecnico | jefe_tecnico | jefe_ti | logistica | operaciones | servicio_tecnico | talento_humano | tecnico | ti  Y  admin | administrador | gerencia | gerencia_general | jefe_comercial","333"
"/dashboard/comercial/business-case","rol","BusinessCaseWorkspace","","acp_comercial | admin_ti | backoffice_comercial | calidad | comercial | esp_app | esp_app_ext | financiero | finanzas | gerencia | gerencia_general | ing_servicio | ing_servicio_ext | jefe_calidad | jefe_comercial | jefe_de_operaciones | jefe_financiero | jefe_finanzas | jefe_logistica | jefe_operaciones | jefe_servicio | jefe_servicio_tecnico | jefe_tecnico | jefe_ti | logistica | operaciones | servicio_tecnico | talento_humano | tecnico | ti  Y  acp_comercial | analista_comercial | asesor_comercial | backoffice | backoffice_comercial | comercial | esp_app | gerencia | gerencia_general | ing_servicio | jefe_comercial | jefe_de_comercial | jefe_de_operaciones | jefe_financiero | jefe_logistica | jefe_operaciones | jefe_servicio | jefe_servicio_tecnico | jefe_tecnico | jefe_ti | operaciones | servicio_tecnico","371"
"/dashboard/comercial/clientes","rol","ClientesPage","","acp_comercial | admin_ti | backoffice_comercial | calidad | comercial | esp_app | esp_app_ext | financiero | finanzas | gerencia | gerencia_general | ing_servicio | ing_servicio_ext | jefe_calidad | jefe_comercial | jefe_de_operaciones | jefe_financiero | jefe_finanzas | jefe_logistica | jefe_operaciones | jefe_servicio | jefe_servicio_tecnico | jefe_tecnico | jefe_ti | logistica | operaciones | servicio_tecnico | talento_humano | tecnico | ti  Y  comercial | gerencia | gerencia_general | jefe_comercial","311"
"/dashboard/comercial/delivery-ceilings","rol","DeliveryCeilingsPage","","acp_comercial | admin_ti | backoffice_comercial | calidad | comercial | esp_app | esp_app_ext | financiero | finanzas | gerencia | gerencia_general | ing_servicio | ing_servicio_ext | jefe_calidad | jefe_comercial | jefe_de_operaciones | jefe_financiero | jefe_finanzas | jefe_logistica | jefe_operaciones | jefe_servicio | jefe_servicio_tecnico | jefe_tecnico | jefe_ti | logistica | operaciones | servicio_tecnico | talento_humano | tecnico | ti  Y  comercial | gerencia | gerencia_general | jefe_comercial","316"
"/dashboard/comercial/equipment-purchases","rol","LegacyPublicPurchaseRedirect","","acp_comercial | admin_ti | backoffice_comercial | calidad | comercial | esp_app | esp_app_ext | financiero | finanzas | gerencia | gerencia_general | ing_servicio | ing_servicio_ext | jefe_calidad | jefe_comercial | jefe_de_operaciones | jefe_financiero | jefe_finanzas | jefe_logistica | jefe_operaciones | jefe_servicio | jefe_servicio_tecnico | jefe_tecnico | jefe_ti | logistica | operaciones | servicio_tecnico | talento_humano | tecnico | ti  Y  comercial | gerencia | gerencia_general | jefe_comercial","315"
"/dashboard/comercial/famsheets","rol","OpportunitiesPage","","acp_comercial | admin_ti | backoffice_comercial | calidad | comercial | esp_app | esp_app_ext | financiero | finanzas | gerencia | gerencia_general | ing_servicio | ing_servicio_ext | jefe_calidad | jefe_comercial | jefe_de_operaciones | jefe_financiero | jefe_finanzas | jefe_logistica | jefe_operaciones | jefe_servicio | jefe_servicio_tecnico | jefe_tecnico | jefe_ti | logistica | operaciones | servicio_tecnico | talento_humano | tecnico | ti  Y  comercial | gerencia | gerencia_general | jefe_comercial","317"
"/dashboard/comercial/famsheets/:id","rol","OpportunityWorkspace","","acp_comercial | admin_ti | backoffice_comercial | calidad | comercial | esp_app | esp_app_ext | financiero | finanzas | gerencia | gerencia_general | ing_servicio | ing_servicio_ext | jefe_calidad | jefe_comercial | jefe_de_operaciones | jefe_financiero | jefe_finanzas | jefe_logistica | jefe_operaciones | jefe_servicio | jefe_servicio_tecnico | jefe_tecnico | jefe_ti | logistica | operaciones | servicio_tecnico | talento_humano | tecnico | ti  Y  comercial | gerencia | gerencia_general | jefe_comercial","319"
"/dashboard/comercial/famsheets/dashboard","rol","FamSheetsDashboardPage","","acp_comercial | admin_ti | backoffice_comercial | calidad | comercial | esp_app | esp_app_ext | financiero | finanzas | gerencia | gerencia_general | ing_servicio | ing_servicio_ext | jefe_calidad | jefe_comercial | jefe_de_operaciones | jefe_financiero | jefe_finanzas | jefe_logistica | jefe_operaciones | jefe_servicio | jefe_servicio_tecnico | jefe_tecnico | jefe_ti | logistica | operaciones | servicio_tecnico | talento_humano | tecnico | ti  Y  comercial | gerencia | gerencia_general | jefe_comercial","318"
"/dashboard/comercial/new-client-request","rol","NewClientRequest","","acp_comercial | admin_ti | backoffice_comercial | calidad | comercial | esp_app | esp_app_ext | financiero | finanzas | gerencia | gerencia_general | ing_servicio | ing_servicio_ext | jefe_calidad | jefe_comercial | jefe_de_operaciones | jefe_financiero | jefe_finanzas | jefe_logistica | jefe_operaciones | jefe_servicio | jefe_servicio_tecnico | jefe_tecnico | jefe_ti | logistica | operaciones | servicio_tecnico | talento_humano | tecnico | ti  Y  comercial | gerencia | gerencia_general | jefe_comercial","314"
"/dashboard/comercial/opportunities","rol","Navigate","/dashboard/comercial/famsheets","acp_comercial | admin_ti | backoffice_comercial | calidad | comercial | esp_app | esp_app_ext | financiero | finanzas | gerencia | gerencia_general | ing_servicio | ing_servicio_ext | jefe_calidad | jefe_comercial | jefe_de_operaciones | jefe_financiero | jefe_finanzas | jefe_logistica | jefe_operaciones | jefe_servicio | jefe_servicio_tecnico | jefe_tecnico | jefe_ti | logistica | operaciones | servicio_tecnico | talento_humano | tecnico | ti  Y  comercial | gerencia | gerencia_general | jefe_comercial","320"
"/dashboard/comercial/opportunities/:id","rol","OpportunityWorkspace","","acp_comercial | admin_ti | backoffice_comercial | calidad | comercial | esp_app | esp_app_ext | financiero | finanzas | gerencia | gerencia_general | ing_servicio | ing_servicio_ext | jefe_calidad | jefe_comercial | jefe_de_operaciones | jefe_financiero | jefe_finanzas | jefe_logistica | jefe_operaciones | jefe_servicio | jefe_servicio_tecnico | jefe_tecnico | jefe_ti | logistica | operaciones | servicio_tecnico | talento_humano | tecnico | ti  Y  comercial | gerencia | gerencia_general | jefe_comercial","321"
"/dashboard/comercial/planificacion","rol","PlanificacionMensual","","acp_comercial | admin_ti | backoffice_comercial | calidad | comercial | esp_app | esp_app_ext | financiero | finanzas | gerencia | gerencia_general | ing_servicio | ing_servicio_ext | jefe_calidad | jefe_comercial | jefe_de_operaciones | jefe_financiero | jefe_finanzas | jefe_logistica | jefe_operaciones | jefe_servicio | jefe_servicio_tecnico | jefe_tecnico | jefe_ti | logistica | operaciones | servicio_tecnico | talento_humano | tecnico | ti  Y  comercial | gerencia | gerencia_general | jefe_comercial","312"
"/dashboard/comercial/plantilla-bc","rol_estricto","BusinessCaseTemplatePage","","acp_comercial | admin_ti | backoffice_comercial | calidad | comercial | esp_app | esp_app_ext | financiero | finanzas | gerencia | gerencia_general | ing_servicio | ing_servicio_ext | jefe_calidad | jefe_comercial | jefe_de_operaciones | jefe_financiero | jefe_finanzas | jefe_logistica | jefe_operaciones | jefe_servicio | jefe_servicio_tecnico | jefe_tecnico | jefe_ti | logistica | operaciones | servicio_tecnico | talento_humano | tecnico | ti  Y  jefe_comercial (estricto)","329"
"/dashboard/comercial/solicitudes","rol","SolicitudesPage","","acp_comercial | admin_ti | backoffice_comercial | calidad | comercial | esp_app | esp_app_ext | financiero | finanzas | gerencia | gerencia_general | ing_servicio | ing_servicio_ext | jefe_calidad | jefe_comercial | jefe_de_operaciones | jefe_financiero | jefe_finanzas | jefe_logistica | jefe_operaciones | jefe_servicio | jefe_servicio_tecnico | jefe_tecnico | jefe_ti | logistica | operaciones | servicio_tecnico | talento_humano | tecnico | ti  Y  comercial | gerencia | gerencia_general | jefe_comercial","309"
"/dashboard/crm-fam","rol","CrmDashboardPage","","acp_comercial | admin_ti | backoffice_comercial | calidad | comercial | esp_app | esp_app_ext | financiero | finanzas | gerencia | gerencia_general | ing_servicio | ing_servicio_ext | jefe_calidad | jefe_comercial | jefe_de_operaciones | jefe_financiero | jefe_finanzas | jefe_logistica | jefe_operaciones | jefe_servicio | jefe_servicio_tecnico | jefe_tecnico | jefe_ti | logistica | operaciones | servicio_tecnico | talento_humano | tecnico | ti  Y  acp_comercial | analista_comercial | asesor_comercial | backoffice | backoffice_comercial | comercial | director | gerencia | gerencia_general | gerente | gerente_general | jefe_comercial | jefe_de_comercial | jefe_de_ti | jefe_ti","819"
"/dashboard/crm-fam/accounts","rol","AccountsPage","","acp_comercial | admin_ti | backoffice_comercial | calidad | comercial | esp_app | esp_app_ext | financiero | finanzas | gerencia | gerencia_general | ing_servicio | ing_servicio_ext | jefe_calidad | jefe_comercial | jefe_de_operaciones | jefe_financiero | jefe_finanzas | jefe_logistica | jefe_operaciones | jefe_servicio | jefe_servicio_tecnico | jefe_tecnico | jefe_ti | logistica | operaciones | servicio_tecnico | talento_humano | tecnico | ti  Y  acp_comercial | analista_comercial | asesor_comercial | backoffice | backoffice_comercial | comercial | director | gerencia | gerencia_general | gerente | gerente_general | jefe_comercial | jefe_de_comercial | jefe_de_ti | jefe_ti","820"
"/dashboard/crm-fam/accounts/:id","rol","AccountDetailPage","","acp_comercial | admin_ti | backoffice_comercial | calidad | comercial | esp_app | esp_app_ext | financiero | finanzas | gerencia | gerencia_general | ing_servicio | ing_servicio_ext | jefe_calidad | jefe_comercial | jefe_de_operaciones | jefe_financiero | jefe_finanzas | jefe_logistica | jefe_operaciones | jefe_servicio | jefe_servicio_tecnico | jefe_tecnico | jefe_ti | logistica | operaciones | servicio_tecnico | talento_humano | tecnico | ti  Y  acp_comercial | analista_comercial | asesor_comercial | backoffice | backoffice_comercial | comercial | director | gerencia | gerencia_general | gerente | gerente_general | jefe_comercial | jefe_de_comercial | jefe_de_ti | jefe_ti","821"
"/dashboard/crm-fam/activities","rol","CrmActivitiesPage","","acp_comercial | admin_ti | backoffice_comercial | calidad | comercial | esp_app | esp_app_ext | financiero | finanzas | gerencia | gerencia_general | ing_servicio | ing_servicio_ext | jefe_calidad | jefe_comercial | jefe_de_operaciones | jefe_financiero | jefe_finanzas | jefe_logistica | jefe_operaciones | jefe_servicio | jefe_servicio_tecnico | jefe_tecnico | jefe_ti | logistica | operaciones | servicio_tecnico | talento_humano | tecnico | ti  Y  acp_comercial | analista_comercial | asesor_comercial | backoffice | backoffice_comercial | comercial | director | gerencia | gerencia_general | gerente | gerente_general | jefe_comercial | jefe_de_comercial | jefe_de_ti | jefe_ti","827"
"/dashboard/crm-fam/contacts","rol","ContactsPage","","acp_comercial | admin_ti | backoffice_comercial | calidad | comercial | esp_app | esp_app_ext | financiero | finanzas | gerencia | gerencia_general | ing_servicio | ing_servicio_ext | jefe_calidad | jefe_comercial | jefe_de_operaciones | jefe_financiero | jefe_finanzas | jefe_logistica | jefe_operaciones | jefe_servicio | jefe_servicio_tecnico | jefe_tecnico | jefe_ti | logistica | operaciones | servicio_tecnico | talento_humano | tecnico | ti  Y  acp_comercial | analista_comercial | asesor_comercial | backoffice | backoffice_comercial | comercial | director | gerencia | gerencia_general | gerente | gerente_general | jefe_comercial | jefe_de_comercial | jefe_de_ti | jefe_ti","822"
"/dashboard/crm-fam/leads","rol","LeadsPage","","acp_comercial | admin_ti | backoffice_comercial | calidad | comercial | esp_app | esp_app_ext | financiero | finanzas | gerencia | gerencia_general | ing_servicio | ing_servicio_ext | jefe_calidad | jefe_comercial | jefe_de_operaciones | jefe_financiero | jefe_finanzas | jefe_logistica | jefe_operaciones | jefe_servicio | jefe_servicio_tecnico | jefe_tecnico | jefe_ti | logistica | operaciones | servicio_tecnico | talento_humano | tecnico | ti  Y  acp_comercial | analista_comercial | asesor_comercial | backoffice | backoffice_comercial | comercial | director | gerencia | gerencia_general | gerente | gerente_general | jefe_comercial | jefe_de_comercial | jefe_de_ti | jefe_ti","823"
"/dashboard/crm-fam/opportunities","rol","CrmOpportunitiesPage","","acp_comercial | admin_ti | backoffice_comercial | calidad | comercial | esp_app | esp_app_ext | financiero | finanzas | gerencia | gerencia_general | ing_servicio | ing_servicio_ext | jefe_calidad | jefe_comercial | jefe_de_operaciones | jefe_financiero | jefe_finanzas | jefe_logistica | jefe_operaciones | jefe_servicio | jefe_servicio_tecnico | jefe_tecnico | jefe_ti | logistica | operaciones | servicio_tecnico | talento_humano | tecnico | ti  Y  acp_comercial | analista_comercial | asesor_comercial | backoffice | backoffice_comercial | comercial | director | gerencia | gerencia_general | gerente | gerente_general | jefe_comercial | jefe_de_comercial | jefe_de_ti | jefe_ti","824"
"/dashboard/crm-fam/opportunities/:id","rol","OpportunityDetailPage","","acp_comercial | admin_ti | backoffice_comercial | calidad | comercial | esp_app | esp_app_ext | financiero | finanzas | gerencia | gerencia_general | ing_servicio | ing_servicio_ext | jefe_calidad | jefe_comercial | jefe_de_operaciones | jefe_financiero | jefe_finanzas | jefe_logistica | jefe_operaciones | jefe_servicio | jefe_servicio_tecnico | jefe_tecnico | jefe_ti | logistica | operaciones | servicio_tecnico | talento_humano | tecnico | ti  Y  acp_comercial | analista_comercial | asesor_comercial | backoffice | backoffice_comercial | comercial | director | gerencia | gerencia_general | gerente | gerente_general | jefe_comercial | jefe_de_comercial | jefe_de_ti | jefe_ti","825"
"/dashboard/crm-fam/opportunities/:opportunityId/blue-sheet","rol","BlueSheetPage","","acp_comercial | admin_ti | backoffice_comercial | calidad | comercial | esp_app | esp_app_ext | financiero | finanzas | gerencia | gerencia_general | ing_servicio | ing_servicio_ext | jefe_calidad | jefe_comercial | jefe_de_operaciones | jefe_financiero | jefe_finanzas | jefe_logistica | jefe_operaciones | jefe_servicio | jefe_servicio_tecnico | jefe_tecnico | jefe_ti | logistica | operaciones | servicio_tecnico | talento_humano | tecnico | ti  Y  acp_comercial | analista_comercial | asesor_comercial | backoffice | backoffice_comercial | comercial | director | gerencia | gerencia_general | gerente | gerente_general | jefe_comercial | jefe_de_comercial | jefe_de_ti | jefe_ti","826"
"/dashboard/crm-fam/reports","rol","CrmReportsPage","","acp_comercial | admin_ti | backoffice_comercial | calidad | comercial | esp_app | esp_app_ext | financiero | finanzas | gerencia | gerencia_general | ing_servicio | ing_servicio_ext | jefe_calidad | jefe_comercial | jefe_de_operaciones | jefe_financiero | jefe_finanzas | jefe_logistica | jefe_operaciones | jefe_servicio | jefe_servicio_tecnico | jefe_tecnico | jefe_ti | logistica | operaciones | servicio_tecnico | talento_humano | tecnico | ti  Y  acp_comercial | analista_comercial | asesor_comercial | backoffice | backoffice_comercial | comercial | director | gerencia | gerencia_general | gerente | gerente_general | jefe_comercial | jefe_de_comercial | jefe_de_ti | jefe_ti","828"
"/dashboard/crm-fam/settings","rol","CrmSettingsPage","","acp_comercial | admin_ti | backoffice_comercial | calidad | comercial | esp_app | esp_app_ext | financiero | finanzas | gerencia | gerencia_general | ing_servicio | ing_servicio_ext | jefe_calidad | jefe_comercial | jefe_de_operaciones | jefe_financiero | jefe_finanzas | jefe_logistica | jefe_operaciones | jefe_servicio | jefe_servicio_tecnico | jefe_tecnico | jefe_ti | logistica | operaciones | servicio_tecnico | talento_humano | tecnico | ti  Y  acp_comercial | analista_comercial | asesor_comercial | backoffice | backoffice_comercial | comercial | director | gerencia | gerencia_general | gerente | gerente_general | jefe_comercial | jefe_de_comercial | jefe_de_ti | jefe_ti","829"
"/dashboard/equipos","rol","EquipmentWorkspace","","acp_comercial | admin_ti | backoffice_comercial | calidad | comercial | esp_app | esp_app_ext | financiero | finanzas | gerencia | gerencia_general | ing_servicio | ing_servicio_ext | jefe_calidad | jefe_comercial | jefe_de_operaciones | jefe_financiero | jefe_finanzas | jefe_logistica | jefe_operaciones | jefe_servicio | jefe_servicio_tecnico | jefe_tecnico | jefe_ti | logistica | operaciones | servicio_tecnico | talento_humano | tecnico | ti  Y  acp_comercial | admin | admin_ti | administrador | backoffice_comercial | comercial | esp_app | gerencia | gerencia_general | ing_servicio | jefe_comercial | jefe_logistica | jefe_operaciones | jefe_servicio | jefe_servicio_tecnico | jefe_tecnico | logistica | operaciones | servicio_tecnico | tecnico | ti","449"
"/dashboard/equipos/activos","rol","EquipmentWorkspace","","acp_comercial | admin_ti | backoffice_comercial | calidad | comercial | esp_app | esp_app_ext | financiero | finanzas | gerencia | gerencia_general | ing_servicio | ing_servicio_ext | jefe_calidad | jefe_comercial | jefe_de_operaciones | jefe_financiero | jefe_finanzas | jefe_logistica | jefe_operaciones | jefe_servicio | jefe_servicio_tecnico | jefe_tecnico | jefe_ti | logistica | operaciones | servicio_tecnico | talento_humano | tecnico | ti  Y  acp_comercial | admin | admin_ti | administrador | backoffice_comercial | comercial | esp_app | gerencia | gerencia_general | ing_servicio | jefe_comercial | jefe_logistica | jefe_operaciones | jefe_servicio | jefe_servicio_tecnico | jefe_tecnico | logistica | operaciones | servicio_tecnico | tecnico | ti","450"
"/dashboard/ext","rol_estricto","ExtUserDashboard","","acp_comercial | admin_ti | backoffice_comercial | calidad | comercial | esp_app | esp_app_ext | financiero | finanzas | gerencia | gerencia_general | ing_servicio | ing_servicio_ext | jefe_calidad | jefe_comercial | jefe_de_operaciones | jefe_financiero | jefe_finanzas | jefe_logistica | jefe_operaciones | jefe_servicio | jefe_servicio_tecnico | jefe_tecnico | jefe_ti | logistica | operaciones | servicio_tecnico | talento_humano | tecnico | ti  Y  esp_app_ext | ing_servicio_ext (estricto)","403"
"/dashboard/famdays","rol","FamDaysPage","","acp_comercial | admin_ti | backoffice_comercial | calidad | comercial | esp_app | esp_app_ext | financiero | finanzas | gerencia | gerencia_general | ing_servicio | ing_servicio_ext | jefe_calidad | jefe_comercial | jefe_de_operaciones | jefe_financiero | jefe_finanzas | jefe_logistica | jefe_operaciones | jefe_servicio | jefe_servicio_tecnico | jefe_tecnico | jefe_ti | logistica | operaciones | servicio_tecnico | talento_humano | tecnico | ti","753"
"/dashboard/finanzas","rol","DashboardFinanzas","","acp_comercial | admin_ti | backoffice_comercial | calidad | comercial | esp_app | esp_app_ext | financiero | finanzas | gerencia | gerencia_general | ing_servicio | ing_servicio_ext | jefe_calidad | jefe_comercial | jefe_de_operaciones | jefe_financiero | jefe_finanzas | jefe_logistica | jefe_operaciones | jefe_servicio | jefe_servicio_tecnico | jefe_tecnico | jefe_ti | logistica | operaciones | servicio_tecnico | talento_humano | tecnico | ti","296"
"/dashboard/finanzas/viaticos","rol","ViaticosWorkspace","","acp_comercial | admin_ti | backoffice_comercial | calidad | comercial | esp_app | esp_app_ext | financiero | finanzas | gerencia | gerencia_general | ing_servicio | ing_servicio_ext | jefe_calidad | jefe_comercial | jefe_de_operaciones | jefe_financiero | jefe_finanzas | jefe_logistica | jefe_operaciones | jefe_servicio | jefe_servicio_tecnico | jefe_tecnico | jefe_ti | logistica | operaciones | servicio_tecnico | talento_humano | tecnico | ti  Y  acp_comercial | backoffice_comercial | comercial | esp_app | esp_app_ext | financiero | finanzas | gerencia | gerencia_general | ing_servicio | ing_servicio_ext | jefe_comercial | jefe_financiero | jefe_finanzas | jefe_servicio | jefe_servicio_tecnico | jefe_talento_humano | jefe_tecnico | jefe_ti | servicio_tecnico | talento_humano | tecnico | ti","706"
"/dashboard/gerencia","rol","DashboardGerencia","","acp_comercial | admin_ti | backoffice_comercial | calidad | comercial | esp_app | esp_app_ext | financiero | finanzas | gerencia | gerencia_general | ing_servicio | ing_servicio_ext | jefe_calidad | jefe_comercial | jefe_de_operaciones | jefe_financiero | jefe_finanzas | jefe_logistica | jefe_operaciones | jefe_servicio | jefe_servicio_tecnico | jefe_tecnico | jefe_ti | logistica | operaciones | servicio_tecnico | talento_humano | tecnico | ti","293"
"/dashboard/gerencia/aprobaciones-contratos","rol","PurchasesAlbumPage","","acp_comercial | admin_ti | backoffice_comercial | calidad | comercial | esp_app | esp_app_ext | financiero | finanzas | gerencia | gerencia_general | ing_servicio | ing_servicio_ext | jefe_calidad | jefe_comercial | jefe_de_operaciones | jefe_financiero | jefe_finanzas | jefe_logistica | jefe_operaciones | jefe_servicio | jefe_servicio_tecnico | jefe_tecnico | jefe_ti | logistica | operaciones | servicio_tecnico | talento_humano | tecnico | ti","294"
"/dashboard/gerencia/compras-album","rol","PurchasesAlbumPage","","acp_comercial | admin_ti | backoffice_comercial | calidad | comercial | esp_app | esp_app_ext | financiero | finanzas | gerencia | gerencia_general | ing_servicio | ing_servicio_ext | jefe_calidad | jefe_comercial | jefe_de_operaciones | jefe_financiero | jefe_finanzas | jefe_logistica | jefe_operaciones | jefe_servicio | jefe_servicio_tecnico | jefe_tecnico | jefe_ti | logistica | operaciones | servicio_tecnico | talento_humano | tecnico | ti","295"
"/dashboard/kickoff","rol","KickoffPage","","acp_comercial | admin_ti | backoffice_comercial | calidad | comercial | esp_app | esp_app_ext | financiero | finanzas | gerencia | gerencia_general | ing_servicio | ing_servicio_ext | jefe_calidad | jefe_comercial | jefe_de_operaciones | jefe_financiero | jefe_finanzas | jefe_logistica | jefe_operaciones | jefe_servicio | jefe_servicio_tecnico | jefe_tecnico | jefe_ti | logistica | operaciones | servicio_tecnico | talento_humano | tecnico | ti","750"
"/dashboard/kickoff/presentacion/:presentationId","rol","KickoffPresentationPage","","acp_comercial | admin_ti | backoffice_comercial | calidad | comercial | esp_app | esp_app_ext | financiero | finanzas | gerencia | gerencia_general | ing_servicio | ing_servicio_ext | jefe_calidad | jefe_comercial | jefe_de_operaciones | jefe_financiero | jefe_finanzas | jefe_logistica | jefe_operaciones | jefe_servicio | jefe_servicio_tecnico | jefe_tecnico | jefe_ti | logistica | operaciones | servicio_tecnico | talento_humano | tecnico | ti","751"
"/dashboard/kickoff/sala/:presentationId","rol","KickoffQuestionRoomPage","","acp_comercial | admin_ti | backoffice_comercial | calidad | comercial | esp_app | esp_app_ext | financiero | finanzas | gerencia | gerencia_general | ing_servicio | ing_servicio_ext | jefe_calidad | jefe_comercial | jefe_de_operaciones | jefe_financiero | jefe_finanzas | jefe_logistica | jefe_operaciones | jefe_servicio | jefe_servicio_tecnico | jefe_tecnico | jefe_ti | logistica | operaciones | servicio_tecnico | talento_humano | tecnico | ti","752"
"/dashboard/links-interes","rol","LinksInteres","","acp_comercial | admin_ti | backoffice_comercial | calidad | comercial | esp_app | esp_app_ext | financiero | finanzas | gerencia | gerencia_general | ing_servicio | ing_servicio_ext | jefe_calidad | jefe_comercial | jefe_de_operaciones | jefe_financiero | jefe_finanzas | jefe_logistica | jefe_operaciones | jefe_servicio | jefe_servicio_tecnico | jefe_tecnico | jefe_ti | logistica | operaciones | servicio_tecnico | talento_humano | tecnico | ti","598"
"/dashboard/logistica","rol","DashboardLogistica","","acp_comercial | admin_ti | backoffice_comercial | calidad | comercial | esp_app | esp_app_ext | financiero | finanzas | gerencia | gerencia_general | ing_servicio | ing_servicio_ext | jefe_calidad | jefe_comercial | jefe_de_operaciones | jefe_financiero | jefe_finanzas | jefe_logistica | jefe_operaciones | jefe_servicio | jefe_servicio_tecnico | jefe_tecnico | jefe_ti | logistica | operaciones | servicio_tecnico | talento_humano | tecnico | ti","545"
"/dashboard/logistica/private-purchases","rol","LegacyPrivatePurchaseRedirect","","acp_comercial | admin_ti | backoffice_comercial | calidad | comercial | esp_app | esp_app_ext | financiero | finanzas | gerencia | gerencia_general | ing_servicio | ing_servicio_ext | jefe_calidad | jefe_comercial | jefe_de_operaciones | jefe_financiero | jefe_finanzas | jefe_logistica | jefe_operaciones | jefe_servicio | jefe_servicio_tecnico | jefe_tecnico | jefe_ti | logistica | operaciones | servicio_tecnico | talento_humano | tecnico | ti  Y  jefe_logistica","608"
"/dashboard/mi-perfil","rol","(expresion)","","acp_comercial | admin_ti | backoffice_comercial | calidad | comercial | esp_app | esp_app_ext | financiero | finanzas | gerencia | gerencia_general | ing_servicio | ing_servicio_ext | jefe_calidad | jefe_comercial | jefe_de_operaciones | jefe_financiero | jefe_finanzas | jefe_logistica | jefe_operaciones | jefe_servicio | jefe_servicio_tecnico | jefe_tecnico | jefe_ti | logistica | operaciones | servicio_tecnico | talento_humano | tecnico | ti","745"
"/dashboard/mi-perfil","publica","profileModalElement","","","909"
"/dashboard/notificaciones","rol","AllNotificationsPage","","acp_comercial | admin_ti | backoffice_comercial | calidad | comercial | esp_app | esp_app_ext | financiero | finanzas | gerencia | gerencia_general | ing_servicio | ing_servicio_ext | jefe_calidad | jefe_comercial | jefe_de_operaciones | jefe_financiero | jefe_finanzas | jefe_logistica | jefe_operaciones | jefe_servicio | jefe_servicio_tecnico | jefe_tecnico | jefe_ti | logistica | operaciones | servicio_tecnico | talento_humano | tecnico | ti","746"
"/dashboard/operaciones","rol","DashboardOperaciones","","acp_comercial | admin_ti | backoffice_comercial | calidad | comercial | esp_app | esp_app_ext | financiero | finanzas | gerencia | gerencia_general | ing_servicio | ing_servicio_ext | jefe_calidad | jefe_comercial | jefe_de_operaciones | jefe_financiero | jefe_finanzas | jefe_logistica | jefe_operaciones | jefe_servicio | jefe_servicio_tecnico | jefe_tecnico | jefe_ti | logistica | operaciones | servicio_tecnico | talento_humano | tecnico | ti","544"
"/dashboard/operaciones/clientes","rol","ClientesPage","","acp_comercial | admin_ti | backoffice_comercial | calidad | comercial | esp_app | esp_app_ext | financiero | finanzas | gerencia | gerencia_general | ing_servicio | ing_servicio_ext | jefe_calidad | jefe_comercial | jefe_de_operaciones | jefe_financiero | jefe_finanzas | jefe_logistica | jefe_operaciones | jefe_servicio | jefe_servicio_tecnico | jefe_tecnico | jefe_ti | logistica | operaciones | servicio_tecnico | talento_humano | tecnico | ti  Y  jefe_de_operaciones | jefe_operaciones","602"
"/dashboard/operaciones/determinaciones","rol","DeterminationsCatalog","","acp_comercial | admin_ti | backoffice_comercial | calidad | comercial | esp_app | esp_app_ext | financiero | finanzas | gerencia | gerencia_general | ing_servicio | ing_servicio_ext | jefe_calidad | jefe_comercial | jefe_de_operaciones | jefe_financiero | jefe_finanzas | jefe_logistica | jefe_operaciones | jefe_servicio | jefe_servicio_tecnico | jefe_tecnico | jefe_ti | logistica | operaciones | servicio_tecnico | talento_humano | tecnico | ti","597"
"/dashboard/operaciones/private-purchases","rol","LegacyPrivatePurchaseRedirect","","acp_comercial | admin_ti | backoffice_comercial | calidad | comercial | esp_app | esp_app_ext | financiero | finanzas | gerencia | gerencia_general | ing_servicio | ing_servicio_ext | jefe_calidad | jefe_comercial | jefe_de_operaciones | jefe_financiero | jefe_finanzas | jefe_logistica | jefe_operaciones | jefe_servicio | jefe_servicio_tecnico | jefe_tecnico | jefe_ti | logistica | operaciones | servicio_tecnico | talento_humano | tecnico | ti  Y  jefe_de_operaciones | jefe_operaciones","603"
"/dashboard/pasante","rol_estricto","PasanteDashboard","","acp_comercial | admin_ti | backoffice_comercial | calidad | comercial | esp_app | esp_app_ext | financiero | finanzas | gerencia | gerencia_general | ing_servicio | ing_servicio_ext | jefe_calidad | jefe_comercial | jefe_de_operaciones | jefe_financiero | jefe_finanzas | jefe_logistica | jefe_operaciones | jefe_servicio | jefe_servicio_tecnico | jefe_tecnico | jefe_ti | logistica | operaciones | servicio_tecnico | talento_humano | tecnico | ti  Y  pasante (estricto)","408"
"/dashboard/purchases/workspace","rol","PurchasesWorkspace","","acp_comercial | admin_ti | backoffice_comercial | calidad | comercial | esp_app | esp_app_ext | financiero | finanzas | gerencia | gerencia_general | ing_servicio | ing_servicio_ext | jefe_calidad | jefe_comercial | jefe_de_operaciones | jefe_financiero | jefe_finanzas | jefe_logistica | jefe_operaciones | jefe_servicio | jefe_servicio_tecnico | jefe_tecnico | jefe_ti | logistica | operaciones | servicio_tecnico | talento_humano | tecnico | ti  Y  acp_comercial | backoffice_comercial | comercial | gerencia | gerencia_general | ing_servicio | jefe_comercial | jefe_logistica | jefe_operaciones | jefe_servicio | jefe_servicio_tecnico | jefe_tecnico | logistica | operaciones | tecnico","857"
"/dashboard/servicio-tecnico","rol","DashboardServicio","","acp_comercial | admin_ti | backoffice_comercial | calidad | comercial | esp_app | esp_app_ext | financiero | finanzas | gerencia | gerencia_general | ing_servicio | ing_servicio_ext | jefe_calidad | jefe_comercial | jefe_de_operaciones | jefe_financiero | jefe_finanzas | jefe_logistica | jefe_operaciones | jefe_servicio | jefe_servicio_tecnico | jefe_tecnico | jefe_ti | logistica | operaciones | servicio_tecnico | talento_humano | tecnico | ti","411"
"/dashboard/servicio-tecnico/aplicaciones","rol","ServicioAplicaciones","","acp_comercial | admin_ti | backoffice_comercial | calidad | comercial | esp_app | esp_app_ext | financiero | finanzas | gerencia | gerencia_general | ing_servicio | ing_servicio_ext | jefe_calidad | jefe_comercial | jefe_de_operaciones | jefe_financiero | jefe_finanzas | jefe_logistica | jefe_operaciones | jefe_servicio | jefe_servicio_tecnico | jefe_tecnico | jefe_ti | logistica | operaciones | servicio_tecnico | talento_humano | tecnico | ti","454"
"/dashboard/servicio-tecnico/asistencia","rol","ServicioAsistencia","","acp_comercial | admin_ti | backoffice_comercial | calidad | comercial | esp_app | esp_app_ext | financiero | finanzas | gerencia | gerencia_general | ing_servicio | ing_servicio_ext | jefe_calidad | jefe_comercial | jefe_de_operaciones | jefe_financiero | jefe_finanzas | jefe_logistica | jefe_operaciones | jefe_servicio | jefe_servicio_tecnico | jefe_tecnico | jefe_ti | logistica | operaciones | servicio_tecnico | talento_humano | tecnico | ti","456"
"/dashboard/servicio-tecnico/capacitaciones","rol","ServicioCapacitaciones","","acp_comercial | admin_ti | backoffice_comercial | calidad | comercial | esp_app | esp_app_ext | financiero | finanzas | gerencia | gerencia_general | ing_servicio | ing_servicio_ext | jefe_calidad | jefe_comercial | jefe_de_operaciones | jefe_financiero | jefe_finanzas | jefe_logistica | jefe_operaciones | jefe_servicio | jefe_servicio_tecnico | jefe_tecnico | jefe_ti | logistica | operaciones | servicio_tecnico | talento_humano | tecnico | ti","418"
"/dashboard/servicio-tecnico/casos-externos","rol","ServicioExternalCasesWorkspace","","acp_comercial | admin_ti | backoffice_comercial | calidad | comercial | esp_app | esp_app_ext | financiero | finanzas | gerencia | gerencia_general | ing_servicio | ing_servicio_ext | jefe_calidad | jefe_comercial | jefe_de_operaciones | jefe_financiero | jefe_finanzas | jefe_logistica | jefe_operaciones | jefe_servicio | jefe_servicio_tecnico | jefe_tecnico | jefe_ti | logistica | operaciones | servicio_tecnico | talento_humano | tecnico | ti  Y  admin_ti | esp_app | gerencia | gerencia_general | ing_servicio | jefe_servicio | jefe_servicio_tecnico | jefe_tecnico | jefe_ti | servicio_tecnico | tecnico | ti","484"
"/dashboard/servicio-tecnico/correctivos","rol","ServicioMantenimientos","","acp_comercial | admin_ti | backoffice_comercial | calidad | comercial | esp_app | esp_app_ext | financiero | finanzas | gerencia | gerencia_general | ing_servicio | ing_servicio_ext | jefe_calidad | jefe_comercial | jefe_de_operaciones | jefe_financiero | jefe_finanzas | jefe_logistica | jefe_operaciones | jefe_servicio | jefe_servicio_tecnico | jefe_tecnico | jefe_ti | logistica | operaciones | servicio_tecnico | talento_humano | tecnico | ti","414"
"/dashboard/servicio-tecnico/cronograma","rol","ServicioDisponibilidad","","acp_comercial | admin_ti | backoffice_comercial | calidad | comercial | esp_app | esp_app_ext | financiero | finanzas | gerencia | gerencia_general | ing_servicio | ing_servicio_ext | jefe_calidad | jefe_comercial | jefe_de_operaciones | jefe_financiero | jefe_finanzas | jefe_logistica | jefe_operaciones | jefe_servicio | jefe_servicio_tecnico | jefe_tecnico | jefe_ti | logistica | operaciones | servicio_tecnico | talento_humano | tecnico | ti","412"
"/dashboard/servicio-tecnico/desinfeccion","rol","ServicioDesinfeccion","","acp_comercial | admin_ti | backoffice_comercial | calidad | comercial | esp_app | esp_app_ext | financiero | finanzas | gerencia | gerencia_general | ing_servicio | ing_servicio_ext | jefe_calidad | jefe_comercial | jefe_de_operaciones | jefe_financiero | jefe_finanzas | jefe_logistica | jefe_operaciones | jefe_servicio | jefe_servicio_tecnico | jefe_tecnico | jefe_ti | logistica | operaciones | servicio_tecnico | talento_humano | tecnico | ti","455"
"/dashboard/servicio-tecnico/disponibilidad","rol","ServicioDisponibilidad","","acp_comercial | admin_ti | backoffice_comercial | calidad | comercial | esp_app | esp_app_ext | financiero | finanzas | gerencia | gerencia_general | ing_servicio | ing_servicio_ext | jefe_calidad | jefe_comercial | jefe_de_operaciones | jefe_financiero | jefe_finanzas | jefe_logistica | jefe_operaciones | jefe_servicio | jefe_servicio_tecnico | jefe_tecnico | jefe_ti | logistica | operaciones | servicio_tecnico | talento_humano | tecnico | ti","417"
"/dashboard/servicio-tecnico/entregas-privadas","rol","Navigate","/dashboard/purchases/workspace?tab=private","acp_comercial | admin_ti | backoffice_comercial | calidad | comercial | esp_app | esp_app_ext | financiero | finanzas | gerencia | gerencia_general | ing_servicio | ing_servicio_ext | jefe_calidad | jefe_comercial | jefe_de_operaciones | jefe_financiero | jefe_finanzas | jefe_logistica | jefe_operaciones | jefe_servicio | jefe_servicio_tecnico | jefe_tecnico | jefe_ti | logistica | operaciones | servicio_tecnico | talento_humano | tecnico | ti  Y  ing_servicio | jefe_servicio | jefe_servicio_tecnico | jefe_tecnico | tecnico","490"
"/dashboard/servicio-tecnico/equipos","rol","ServicioEquipos","","acp_comercial | admin_ti | backoffice_comercial | calidad | comercial | esp_app | esp_app_ext | financiero | finanzas | gerencia | gerencia_general | ing_servicio | ing_servicio_ext | jefe_calidad | jefe_comercial | jefe_de_operaciones | jefe_financiero | jefe_finanzas | jefe_logistica | jefe_operaciones | jefe_servicio | jefe_servicio_tecnico | jefe_tecnico | jefe_ti | logistica | operaciones | servicio_tecnico | talento_humano | tecnico | ti","419"
"/dashboard/servicio-tecnico/inspecciones","rol","Navigate","/dashboard/servicio-tecnico/solicitudes","acp_comercial | admin_ti | backoffice_comercial | calidad | comercial | esp_app | esp_app_ext | financiero | finanzas | gerencia | gerencia_general | ing_servicio | ing_servicio_ext | jefe_calidad | jefe_comercial | jefe_de_operaciones | jefe_financiero | jefe_finanzas | jefe_logistica | jefe_operaciones | jefe_servicio | jefe_servicio_tecnico | jefe_tecnico | jefe_ti | logistica | operaciones | servicio_tecnico | talento_humano | tecnico | ti","413"
"/dashboard/servicio-tecnico/mantenimientos","rol","ServicioMantenimientos","","acp_comercial | admin_ti | backoffice_comercial | calidad | comercial | esp_app | esp_app_ext | financiero | finanzas | gerencia | gerencia_general | ing_servicio | ing_servicio_ext | jefe_calidad | jefe_comercial | jefe_de_operaciones | jefe_financiero | jefe_finanzas | jefe_logistica | jefe_operaciones | jefe_servicio | jefe_servicio_tecnico | jefe_tecnico | jefe_ti | logistica | operaciones | servicio_tecnico | talento_humano | tecnico | ti","415"
"/dashboard/servicio-tecnico/retiros","rol","Navigate","/dashboard/servicio-tecnico/solicitudes","acp_comercial | admin_ti | backoffice_comercial | calidad | comercial | esp_app | esp_app_ext | financiero | finanzas | gerencia | gerencia_general | ing_servicio | ing_servicio_ext | jefe_calidad | jefe_comercial | jefe_de_operaciones | jefe_financiero | jefe_finanzas | jefe_logistica | jefe_operaciones | jefe_servicio | jefe_servicio_tecnico | jefe_tecnico | jefe_ti | logistica | operaciones | servicio_tecnico | talento_humano | tecnico | ti  Y  esp_app | ing_servicio | jefe_servicio | jefe_servicio_tecnico | jefe_tecnico | servicio_tecnico | tecnico","462"
"/dashboard/servicio-tecnico/solicitudes","rol","ServicioSolicitudes","","acp_comercial | admin_ti | backoffice_comercial | calidad | comercial | esp_app | esp_app_ext | financiero | finanzas | gerencia | gerencia_general | ing_servicio | ing_servicio_ext | jefe_calidad | jefe_comercial | jefe_de_operaciones | jefe_financiero | jefe_finanzas | jefe_logistica | jefe_operaciones | jefe_servicio | jefe_servicio_tecnico | jefe_tecnico | jefe_ti | logistica | operaciones | servicio_tecnico | talento_humano | tecnico | ti","416"
"/dashboard/servicio-tecnico/verificacion","rol","ServicioVerificacionEquipos","","acp_comercial | admin_ti | backoffice_comercial | calidad | comercial | esp_app | esp_app_ext | financiero | finanzas | gerencia | gerencia_general | ing_servicio | ing_servicio_ext | jefe_calidad | jefe_comercial | jefe_de_operaciones | jefe_financiero | jefe_finanzas | jefe_logistica | jefe_operaciones | jefe_servicio | jefe_servicio_tecnico | jefe_tecnico | jefe_ti | logistica | operaciones | servicio_tecnico | talento_humano | tecnico | ti","457"
"/dashboard/servicio-tecnico/workspace-procedimiento","rol","Navigate","/dashboard/purchases/workspace?tab=public&subtab=tecnica","acp_comercial | admin_ti | backoffice_comercial | calidad | comercial | esp_app | esp_app_ext | financiero | finanzas | gerencia | gerencia_general | ing_servicio | ing_servicio_ext | jefe_calidad | jefe_comercial | jefe_de_operaciones | jefe_financiero | jefe_finanzas | jefe_logistica | jefe_operaciones | jefe_servicio | jefe_servicio_tecnico | jefe_tecnico | jefe_ti | logistica | operaciones | servicio_tecnico | talento_humano | tecnico | ti  Y  esp_app | ing_servicio | jefe_servicio | jefe_servicio_tecnico | jefe_tecnico | servicio_tecnico | tecnico","461"
"/dashboard/signatures","rol","Navigate","/dashboard/signatures/inbox","acp_comercial | admin_ti | backoffice_comercial | calidad | comercial | esp_app | esp_app_ext | financiero | finanzas | gerencia | gerencia_general | ing_servicio | ing_servicio_ext | jefe_calidad | jefe_comercial | jefe_de_operaciones | jefe_financiero | jefe_finanzas | jefe_logistica | jefe_operaciones | jefe_servicio | jefe_servicio_tecnico | jefe_tecnico | jefe_ti | logistica | operaciones | servicio_tecnico | talento_humano | tecnico | ti","760"
"/dashboard/signatures/:documentId/sign","rol","DocumentSigner","","acp_comercial | admin_ti | backoffice_comercial | calidad | comercial | esp_app | esp_app_ext | financiero | finanzas | gerencia | gerencia_general | ing_servicio | ing_servicio_ext | jefe_calidad | jefe_comercial | jefe_de_operaciones | jefe_financiero | jefe_finanzas | jefe_logistica | jefe_operaciones | jefe_servicio | jefe_servicio_tecnico | jefe_tecnico | jefe_ti | logistica | operaciones | servicio_tecnico | talento_humano | tecnico | ti","765"
"/dashboard/signatures/all","rol","SignatureDashboard","","acp_comercial | admin_ti | backoffice_comercial | calidad | comercial | esp_app | esp_app_ext | financiero | finanzas | gerencia | gerencia_general | ing_servicio | ing_servicio_ext | jefe_calidad | jefe_comercial | jefe_de_operaciones | jefe_financiero | jefe_finanzas | jefe_logistica | jefe_operaciones | jefe_servicio | jefe_servicio_tecnico | jefe_tecnico | jefe_ti | logistica | operaciones | servicio_tecnico | talento_humano | tecnico | ti","764"
"/dashboard/signatures/completed","rol","SignatureDashboard","","acp_comercial | admin_ti | backoffice_comercial | calidad | comercial | esp_app | esp_app_ext | financiero | finanzas | gerencia | gerencia_general | ing_servicio | ing_servicio_ext | jefe_calidad | jefe_comercial | jefe_de_operaciones | jefe_financiero | jefe_finanzas | jefe_logistica | jefe_operaciones | jefe_servicio | jefe_servicio_tecnico | jefe_tecnico | jefe_ti | logistica | operaciones | servicio_tecnico | talento_humano | tecnico | ti","763"
"/dashboard/signatures/created","rol","SignatureDashboard","","acp_comercial | admin_ti | backoffice_comercial | calidad | comercial | esp_app | esp_app_ext | financiero | finanzas | gerencia | gerencia_general | ing_servicio | ing_servicio_ext | jefe_calidad | jefe_comercial | jefe_de_operaciones | jefe_financiero | jefe_finanzas | jefe_logistica | jefe_operaciones | jefe_servicio | jefe_servicio_tecnico | jefe_tecnico | jefe_ti | logistica | operaciones | servicio_tecnico | talento_humano | tecnico | ti","762"
"/dashboard/signatures/inbox","rol","SignatureDashboard","","acp_comercial | admin_ti | backoffice_comercial | calidad | comercial | esp_app | esp_app_ext | financiero | finanzas | gerencia | gerencia_general | ing_servicio | ing_servicio_ext | jefe_calidad | jefe_comercial | jefe_de_operaciones | jefe_financiero | jefe_finanzas | jefe_logistica | jefe_operaciones | jefe_servicio | jefe_servicio_tecnico | jefe_tecnico | jefe_ti | logistica | operaciones | servicio_tecnico | talento_humano | tecnico | ti","761"
"/dashboard/signatures/workflows/:workflowId","rol","SignatureWorkflowDetailPage","","acp_comercial | admin_ti | backoffice_comercial | calidad | comercial | esp_app | esp_app_ext | financiero | finanzas | gerencia | gerencia_general | ing_servicio | ing_servicio_ext | jefe_calidad | jefe_comercial | jefe_de_operaciones | jefe_financiero | jefe_finanzas | jefe_logistica | jefe_operaciones | jefe_servicio | jefe_servicio_tecnico | jefe_tecnico | jefe_ti | logistica | operaciones | servicio_tecnico | talento_humano | tecnico | ti","766"
"/dashboard/talento-humano","rol_estricto","DashboardTalento","","acp_comercial | admin_ti | backoffice_comercial | calidad | comercial | esp_app | esp_app_ext | financiero | finanzas | gerencia | gerencia_general | ing_servicio | ing_servicio_ext | jefe_calidad | jefe_comercial | jefe_de_operaciones | jefe_financiero | jefe_finanzas | jefe_logistica | jefe_operaciones | jefe_servicio | jefe_servicio_tecnico | jefe_tecnico | jefe_ti | logistica | operaciones | servicio_tecnico | talento_humano | tecnico | ti  Y  admin_ti | jefe_talento_humano | jefe_ti | talento_humano | ti (estricto)","500"
"/dashboard/talento-humano/asistencia-reportes","rol","AsistenciaReportes","","acp_comercial | admin_ti | backoffice_comercial | calidad | comercial | esp_app | esp_app_ext | financiero | finanzas | gerencia | gerencia_general | ing_servicio | ing_servicio_ext | jefe_calidad | jefe_comercial | jefe_de_operaciones | jefe_financiero | jefe_finanzas | jefe_logistica | jefe_operaciones | jefe_servicio | jefe_servicio_tecnico | jefe_tecnico | jefe_ti | logistica | operaciones | servicio_tecnico | talento_humano | tecnico | ti  Y  admin | administrador | analista_talento_humano | asistente_talento_humano | auxiliar_talento_humano | director | financiero | finanzas | gerencia | gerencia_general | gerente_general | jefe_de_talento_humano | jefe_financiero | jefe_finanzas | jefe_talento_humano | rh | rrhh | talento_humano","670"
"/dashboard/talento-humano/colaboradores","rol","CollaboratorCommandCenter","","acp_comercial | admin_ti | backoffice_comercial | calidad | comercial | esp_app | esp_app_ext | financiero | finanzas | gerencia | gerencia_general | ing_servicio | ing_servicio_ext | jefe_calidad | jefe_comercial | jefe_de_operaciones | jefe_financiero | jefe_finanzas | jefe_logistica | jefe_operaciones | jefe_servicio | jefe_servicio_tecnico | jefe_tecnico | jefe_ti | logistica | operaciones | servicio_tecnico | talento_humano | tecnico | ti","627"
"/dashboard/talento-humano/colaboradores/:id","rol","CollaboratorCommandCenter","","acp_comercial | admin_ti | backoffice_comercial | calidad | comercial | esp_app | esp_app_ext | financiero | finanzas | gerencia | gerencia_general | ing_servicio | ing_servicio_ext | jefe_calidad | jefe_comercial | jefe_de_operaciones | jefe_financiero | jefe_finanzas | jefe_logistica | jefe_operaciones | jefe_servicio | jefe_servicio_tecnico | jefe_tecnico | jefe_ti | logistica | operaciones | servicio_tecnico | talento_humano | tecnico | ti","628"
"/dashboard/talento-humano/command-center","rol","CollaboratorCommandCenter","","acp_comercial | admin_ti | backoffice_comercial | calidad | comercial | esp_app | esp_app_ext | financiero | finanzas | gerencia | gerencia_general | ing_servicio | ing_servicio_ext | jefe_calidad | jefe_comercial | jefe_de_operaciones | jefe_financiero | jefe_finanzas | jefe_logistica | jefe_operaciones | jefe_servicio | jefe_servicio_tecnico | jefe_tecnico | jefe_ti | logistica | operaciones | servicio_tecnico | talento_humano | tecnico | ti","624"
"/dashboard/talento-humano/command-center/:kind","rol","CollaboratorCommandCenter","","acp_comercial | admin_ti | backoffice_comercial | calidad | comercial | esp_app | esp_app_ext | financiero | finanzas | gerencia | gerencia_general | ing_servicio | ing_servicio_ext | jefe_calidad | jefe_comercial | jefe_de_operaciones | jefe_financiero | jefe_finanzas | jefe_logistica | jefe_operaciones | jefe_servicio | jefe_servicio_tecnico | jefe_tecnico | jefe_ti | logistica | operaciones | servicio_tecnico | talento_humano | tecnico | ti","625"
"/dashboard/talento-humano/command-center/:kind/:id","rol","CollaboratorCommandCenter","","acp_comercial | admin_ti | backoffice_comercial | calidad | comercial | esp_app | esp_app_ext | financiero | finanzas | gerencia | gerencia_general | ing_servicio | ing_servicio_ext | jefe_calidad | jefe_comercial | jefe_de_operaciones | jefe_financiero | jefe_finanzas | jefe_logistica | jefe_operaciones | jefe_servicio | jefe_servicio_tecnico | jefe_tecnico | jefe_ti | logistica | operaciones | servicio_tecnico | talento_humano | tecnico | ti","626"
"/dashboard/talento-humano/departamentos","rol_estricto","PeopleAdminHub","","acp_comercial | admin_ti | backoffice_comercial | calidad | comercial | esp_app | esp_app_ext | financiero | finanzas | gerencia | gerencia_general | ing_servicio | ing_servicio_ext | jefe_calidad | jefe_comercial | jefe_de_operaciones | jefe_financiero | jefe_finanzas | jefe_logistica | jefe_operaciones | jefe_servicio | jefe_servicio_tecnico | jefe_tecnico | jefe_ti | logistica | operaciones | servicio_tecnico | talento_humano | tecnico | ti  Y  jefe_ti | ti (estricto)","632"
"/dashboard/talento-humano/gestion","rol_estricto","PeopleAdminHub","","acp_comercial | admin_ti | backoffice_comercial | calidad | comercial | esp_app | esp_app_ext | financiero | finanzas | gerencia | gerencia_general | ing_servicio | ing_servicio_ext | jefe_calidad | jefe_comercial | jefe_de_operaciones | jefe_financiero | jefe_finanzas | jefe_logistica | jefe_operaciones | jefe_servicio | jefe_servicio_tecnico | jefe_tecnico | jefe_ti | logistica | operaciones | servicio_tecnico | talento_humano | tecnico | ti  Y  jefe_ti | ti (estricto)","630"
"/dashboard/talento-humano/permisos","rol","PermisosPage","","acp_comercial | admin_ti | backoffice_comercial | calidad | comercial | esp_app | esp_app_ext | financiero | finanzas | gerencia | gerencia_general | ing_servicio | ing_servicio_ext | jefe_calidad | jefe_comercial | jefe_de_operaciones | jefe_financiero | jefe_finanzas | jefe_logistica | jefe_operaciones | jefe_servicio | jefe_servicio_tecnico | jefe_tecnico | jefe_ti | logistica | operaciones | servicio_tecnico | talento_humano | tecnico | ti","708"
"/dashboard/talento-humano/pruebas-tecnicas","rol","TechnicalTestResponsiblePage","","acp_comercial | admin_ti | backoffice_comercial | calidad | comercial | esp_app | esp_app_ext | financiero | finanzas | gerencia | gerencia_general | ing_servicio | ing_servicio_ext | jefe_calidad | jefe_comercial | jefe_de_operaciones | jefe_financiero | jefe_finanzas | jefe_logistica | jefe_operaciones | jefe_servicio | jefe_servicio_tecnico | jefe_tecnico | jefe_ti | logistica | operaciones | servicio_tecnico | talento_humano | tecnico | ti","612"
"/dashboard/talento-humano/reporte-documentacion","rol","DocumentosReportePage","","acp_comercial | admin_ti | backoffice_comercial | calidad | comercial | esp_app | esp_app_ext | financiero | finanzas | gerencia | gerencia_general | ing_servicio | ing_servicio_ext | jefe_calidad | jefe_comercial | jefe_de_operaciones | jefe_financiero | jefe_finanzas | jefe_logistica | jefe_operaciones | jefe_servicio | jefe_servicio_tecnico | jefe_tecnico | jefe_ti | logistica | operaciones | servicio_tecnico | talento_humano | tecnico | ti  Y  gerencia_general | talento_humano","622"
"/dashboard/talento-humano/solicitudes","rol","CollaboratorCommandCenter","","acp_comercial | admin_ti | backoffice_comercial | calidad | comercial | esp_app | esp_app_ext | financiero | finanzas | gerencia | gerencia_general | ing_servicio | ing_servicio_ext | jefe_calidad | jefe_comercial | jefe_de_operaciones | jefe_financiero | jefe_finanzas | jefe_logistica | jefe_operaciones | jefe_servicio | jefe_servicio_tecnico | jefe_tecnico | jefe_ti | logistica | operaciones | servicio_tecnico | talento_humano | tecnico | ti","634"
"/dashboard/talento-humano/usuarios","rol_estricto","PeopleAdminHub","","acp_comercial | admin_ti | backoffice_comercial | calidad | comercial | esp_app | esp_app_ext | financiero | finanzas | gerencia | gerencia_general | ing_servicio | ing_servicio_ext | jefe_calidad | jefe_comercial | jefe_de_operaciones | jefe_financiero | jefe_finanzas | jefe_logistica | jefe_operaciones | jefe_servicio | jefe_servicio_tecnico | jefe_tecnico | jefe_ti | logistica | operaciones | servicio_tecnico | talento_humano | tecnico | ti  Y  jefe_ti | ti (estricto)","631"
"/dashboard/talento-humano/workspace-personal","rol","CollaboratorCommandCenter","","acp_comercial | admin_ti | backoffice_comercial | calidad | comercial | esp_app | esp_app_ext | financiero | finanzas | gerencia | gerencia_general | ing_servicio | ing_servicio_ext | jefe_calidad | jefe_comercial | jefe_de_operaciones | jefe_financiero | jefe_finanzas | jefe_logistica | jefe_operaciones | jefe_servicio | jefe_servicio_tecnico | jefe_tecnico | jefe_ti | logistica | operaciones | servicio_tecnico | talento_humano | tecnico | ti  Y  admin | gerencia | gerencia_general | talento_humano","641"
"/dashboard/talento-humano/workspace-personal/:id","rol","CollaboratorCommandCenter","","acp_comercial | admin_ti | backoffice_comercial | calidad | comercial | esp_app | esp_app_ext | financiero | finanzas | gerencia | gerencia_general | ing_servicio | ing_servicio_ext | jefe_calidad | jefe_comercial | jefe_de_operaciones | jefe_financiero | jefe_finanzas | jefe_logistica | jefe_operaciones | jefe_servicio | jefe_servicio_tecnico | jefe_tecnico | jefe_ti | logistica | operaciones | servicio_tecnico | talento_humano | tecnico | ti  Y  admin | gerencia | gerencia_general | talento_humano","642"
"/dashboard/ti","rol","DashboardTI","","acp_comercial | admin_ti | backoffice_comercial | calidad | comercial | esp_app | esp_app_ext | financiero | finanzas | gerencia | gerencia_general | ing_servicio | ing_servicio_ext | jefe_calidad | jefe_comercial | jefe_de_operaciones | jefe_financiero | jefe_finanzas | jefe_logistica | jefe_operaciones | jefe_servicio | jefe_servicio_tecnico | jefe_tecnico | jefe_ti | logistica | operaciones | servicio_tecnico | talento_humano | tecnico | ti  Y  admin_ti | jefe_ti | ti","503"
"/dashboard/ti/actas","rol","TIActasPage","","acp_comercial | admin_ti | backoffice_comercial | calidad | comercial | esp_app | esp_app_ext | financiero | finanzas | gerencia | gerencia_general | ing_servicio | ing_servicio_ext | jefe_calidad | jefe_comercial | jefe_de_operaciones | jefe_financiero | jefe_finanzas | jefe_logistica | jefe_operaciones | jefe_servicio | jefe_servicio_tecnico | jefe_tecnico | jefe_ti | logistica | operaciones | servicio_tecnico | talento_humano | tecnico | ti  Y  admin_ti | contador | financiero | finanzas | gerencia | gerencia_general | jefe_financiero | jefe_finanzas | jefe_ti | ti","518"
"/dashboard/ti/activos","rol","TIAssetsFinancieroPage","","acp_comercial | admin_ti | backoffice_comercial | calidad | comercial | esp_app | esp_app_ext | financiero | finanzas | gerencia | gerencia_general | ing_servicio | ing_servicio_ext | jefe_calidad | jefe_comercial | jefe_de_operaciones | jefe_financiero | jefe_finanzas | jefe_logistica | jefe_operaciones | jefe_servicio | jefe_servicio_tecnico | jefe_tecnico | jefe_ti | logistica | operaciones | servicio_tecnico | talento_humano | tecnico | ti  Y  admin_ti | contador | financiero | finanzas | gerencia | gerencia_general | jefe_financiero | jefe_finanzas | jefe_ti | ti","536"
"/dashboard/ti/casos-externos","rol","ServicioExternalCasesWorkspace","","acp_comercial | admin_ti | backoffice_comercial | calidad | comercial | esp_app | esp_app_ext | financiero | finanzas | gerencia | gerencia_general | ing_servicio | ing_servicio_ext | jefe_calidad | jefe_comercial | jefe_de_operaciones | jefe_financiero | jefe_finanzas | jefe_logistica | jefe_operaciones | jefe_servicio | jefe_servicio_tecnico | jefe_tecnico | jefe_ti | logistica | operaciones | servicio_tecnico | talento_humano | tecnico | ti  Y  admin_ti | esp_app | gerencia | gerencia_general | ing_servicio | jefe_servicio | jefe_servicio_tecnico | jefe_tecnico | jefe_ti | servicio_tecnico | tecnico | ti","485"
"/dashboard/ti/dispositivos","rol","TIDeviceManagementPage","","acp_comercial | admin_ti | backoffice_comercial | calidad | comercial | esp_app | esp_app_ext | financiero | finanzas | gerencia | gerencia_general | ing_servicio | ing_servicio_ext | jefe_calidad | jefe_comercial | jefe_de_operaciones | jefe_financiero | jefe_finanzas | jefe_logistica | jefe_operaciones | jefe_servicio | jefe_servicio_tecnico | jefe_tecnico | jefe_ti | logistica | operaciones | servicio_tecnico | talento_humano | tecnico | ti  Y  admin_ti | jefe_ti | ti","505"
"/dashboard/ti/mantenimientos","rol","Navigate","/dashboard/ti/dispositivos","acp_comercial | admin_ti | backoffice_comercial | calidad | comercial | esp_app | esp_app_ext | financiero | finanzas | gerencia | gerencia_general | ing_servicio | ing_servicio_ext | jefe_calidad | jefe_comercial | jefe_de_operaciones | jefe_financiero | jefe_finanzas | jefe_logistica | jefe_operaciones | jefe_servicio | jefe_servicio_tecnico | jefe_tecnico | jefe_ti | logistica | operaciones | servicio_tecnico | talento_humano | tecnico | ti  Y  admin_ti | jefe_ti | ti","506"
"/dashboard/ti/modulos","rol","TIModuleAccessPage","","acp_comercial | admin_ti | backoffice_comercial | calidad | comercial | esp_app | esp_app_ext | financiero | finanzas | gerencia | gerencia_general | ing_servicio | ing_servicio_ext | jefe_calidad | jefe_comercial | jefe_de_operaciones | jefe_financiero | jefe_finanzas | jefe_logistica | jefe_operaciones | jefe_servicio | jefe_servicio_tecnico | jefe_tecnico | jefe_ti | logistica | operaciones | servicio_tecnico | talento_humano | tecnico | ti  Y  admin_ti | jefe_ti","521"
"/dashboard/ti/modulos/*","rol","TIModuleAccessPage","","acp_comercial | admin_ti | backoffice_comercial | calidad | comercial | esp_app | esp_app_ext | financiero | finanzas | gerencia | gerencia_general | ing_servicio | ing_servicio_ext | jefe_calidad | jefe_comercial | jefe_de_operaciones | jefe_financiero | jefe_finanzas | jefe_logistica | jefe_operaciones | jefe_servicio | jefe_servicio_tecnico | jefe_tecnico | jefe_ti | logistica | operaciones | servicio_tecnico | talento_humano | tecnico | ti  Y  admin_ti | jefe_ti","522"
"/dashboard/ti/shortcut-token","rol","TIShortcutTokenPage","","acp_comercial | admin_ti | backoffice_comercial | calidad | comercial | esp_app | esp_app_ext | financiero | finanzas | gerencia | gerencia_general | ing_servicio | ing_servicio_ext | jefe_calidad | jefe_comercial | jefe_de_operaciones | jefe_financiero | jefe_finanzas | jefe_logistica | jefe_operaciones | jefe_servicio | jefe_servicio_tecnico | jefe_tecnico | jefe_ti | logistica | operaciones | servicio_tecnico | talento_humano | tecnico | ti  Y  admin_ti | jefe_ti | ti","507"
"/dashboard/ti/workspace","rol","TicketsWorkspace","","acp_comercial | admin_ti | backoffice_comercial | calidad | comercial | esp_app | esp_app_ext | financiero | finanzas | gerencia | gerencia_general | ing_servicio | ing_servicio_ext | jefe_calidad | jefe_comercial | jefe_de_operaciones | jefe_financiero | jefe_finanzas | jefe_logistica | jefe_operaciones | jefe_servicio | jefe_servicio_tecnico | jefe_tecnico | jefe_ti | logistica | operaciones | servicio_tecnico | talento_humano | tecnico | ti  Y  admin_ti | jefe_ti | ti","504"
"/dashboard/ti/workspace/reportes","rol_estricto","TicketsReports","","acp_comercial | admin_ti | backoffice_comercial | calidad | comercial | esp_app | esp_app_ext | financiero | finanzas | gerencia | gerencia_general | ing_servicio | ing_servicio_ext | jefe_calidad | jefe_comercial | jefe_de_operaciones | jefe_financiero | jefe_finanzas | jefe_logistica | jefe_operaciones | jefe_servicio | jefe_servicio_tecnico | jefe_tecnico | jefe_ti | logistica | operaciones | servicio_tecnico | talento_humano | tecnico | ti  Y  jefe_ti (estricto)","528"
"/dashboard/ti/workspace/reportes/kpis/:id/editar","rol_estricto","TicketKpiForm","","acp_comercial | admin_ti | backoffice_comercial | calidad | comercial | esp_app | esp_app_ext | financiero | finanzas | gerencia | gerencia_general | ing_servicio | ing_servicio_ext | jefe_calidad | jefe_comercial | jefe_de_operaciones | jefe_financiero | jefe_finanzas | jefe_logistica | jefe_operaciones | jefe_servicio | jefe_servicio_tecnico | jefe_tecnico | jefe_ti | logistica | operaciones | servicio_tecnico | talento_humano | tecnico | ti  Y  jefe_ti (estricto)","530"
"/dashboard/ti/workspace/reportes/kpis/nuevo","rol_estricto","TicketKpiForm","","acp_comercial | admin_ti | backoffice_comercial | calidad | comercial | esp_app | esp_app_ext | financiero | finanzas | gerencia | gerencia_general | ing_servicio | ing_servicio_ext | jefe_calidad | jefe_comercial | jefe_de_operaciones | jefe_financiero | jefe_finanzas | jefe_logistica | jefe_operaciones | jefe_servicio | jefe_servicio_tecnico | jefe_tecnico | jefe_ti | logistica | operaciones | servicio_tecnico | talento_humano | tecnico | ti  Y  jefe_ti (estricto)","529"
"/dashboard/work-management","rol","WorkManagementPage","","acp_comercial | admin_ti | backoffice_comercial | calidad | comercial | esp_app | esp_app_ext | financiero | finanzas | gerencia | gerencia_general | ing_servicio | ing_servicio_ext | jefe_calidad | jefe_comercial | jefe_de_operaciones | jefe_financiero | jefe_finanzas | jefe_logistica | jefe_operaciones | jefe_servicio | jefe_servicio_tecnico | jefe_tecnico | jefe_ti | logistica | operaciones | servicio_tecnico | talento_humano | tecnico | ti  Y  acp_comercial | admin | administrador | analista_comercial | asesor_comercial | backoffice | backoffice_comercial | comercial | director | esp_app | gerencia | gerencia_general | gerente | gerente_general | ing_servicio | jefe_comercial | jefe_de_ti | jefe_logistica | jefe_operaciones | jefe_servicio | jefe_servicio_tecnico | jefe_tecnico | jefe_ti | logistica | operaciones | tecnico","894"
"/dashboard/work-management/projects/:projectId","rol","WorkManagementPage","","acp_comercial | admin_ti | backoffice_comercial | calidad | comercial | esp_app | esp_app_ext | financiero | finanzas | gerencia | gerencia_general | ing_servicio | ing_servicio_ext | jefe_calidad | jefe_comercial | jefe_de_operaciones | jefe_financiero | jefe_finanzas | jefe_logistica | jefe_operaciones | jefe_servicio | jefe_servicio_tecnico | jefe_tecnico | jefe_ti | logistica | operaciones | servicio_tecnico | talento_humano | tecnico | ti  Y  acp_comercial | admin | administrador | analista_comercial | asesor_comercial | backoffice | backoffice_comercial | comercial | director | esp_app | gerencia | gerencia_general | gerente | gerente_general | ing_servicio | jefe_comercial | jefe_de_ti | jefe_logistica | jefe_operaciones | jefe_servicio | jefe_servicio_tecnico | jefe_tecnico | jefe_ti | logistica | operaciones | tecnico","895"
"/documents","rol","DocumentsPage","","acp_comercial | admin_ti | backoffice_comercial | calidad | comercial | esp_app | esp_app_ext | financiero | finanzas | gerencia | gerencia_general | ing_servicio | ing_servicio_ext | jefe_calidad | jefe_comercial | jefe_de_operaciones | jefe_financiero | jefe_finanzas | jefe_logistica | jefe_operaciones | jefe_servicio | jefe_servicio_tecnico | jefe_tecnico | jefe_ti | logistica | operaciones | servicio_tecnico | talento_humano | tecnico | ti","742"
"/famdays/sala/:token","publica","FamDaysQREntryPage","","","233"
"/gmail-context","rol","GmailContextPage","","acp_comercial | admin_ti | backoffice_comercial | calidad | comercial | esp_app | esp_app_ext | financiero | finanzas | gerencia | gerencia_general | ing_servicio | ing_servicio_ext | jefe_calidad | jefe_comercial | jefe_de_operaciones | jefe_financiero | jefe_finanzas | jefe_logistica | jefe_operaciones | jefe_servicio | jefe_servicio_tecnico | jefe_tecnico | jefe_ti | logistica | operaciones | servicio_tecnico | talento_humano | tecnico | ti","744"
"/kickoff/sala/:token","publica","KickoffQREntryPage","","","232"
"/login","publica","Login","","","222"
"/login/callback","publica","LoginCallback","","","223"
"/mantenimientos","rol","MantenimientosPage","","acp_comercial | admin_ti | backoffice_comercial | calidad | comercial | esp_app | esp_app_ext | financiero | finanzas | gerencia | gerencia_general | ing_servicio | ing_servicio_ext | jefe_calidad | jefe_comercial | jefe_de_operaciones | jefe_financiero | jefe_finanzas | jefe_logistica | jefe_operaciones | jefe_servicio | jefe_servicio_tecnico | jefe_tecnico | jefe_ti | logistica | operaciones | servicio_tecnico | talento_humano | tecnico | ti","741"
"/mobile-shortcuts","rol","MobileShortcuts","","acp_comercial | admin_ti | backoffice_comercial | calidad | comercial | esp_app | esp_app_ext | financiero | finanzas | gerencia | gerencia_general | ing_servicio | ing_servicio_ext | jefe_calidad | jefe_comercial | jefe_de_operaciones | jefe_financiero | jefe_finanzas | jefe_logistica | jefe_operaciones | jefe_servicio | jefe_servicio_tecnico | jefe_tecnico | jefe_ti | logistica | operaciones | servicio_tecnico | talento_humano | tecnico | ti","286"
"/predicciones/mundial-2026","publica","WorldCup2026PortalPage","","","226"
"/registro-en-proceso","publica","RolePending","","","225"
"/requests","rol","RequestsPage","","acp_comercial | admin_ti | backoffice_comercial | calidad | comercial | esp_app | esp_app_ext | financiero | finanzas | gerencia | gerencia_general | ing_servicio | ing_servicio_ext | jefe_calidad | jefe_comercial | jefe_de_operaciones | jefe_financiero | jefe_finanzas | jefe_logistica | jefe_operaciones | jefe_servicio | jefe_servicio_tecnico | jefe_tecnico | jefe_ti | logistica | operaciones | servicio_tecnico | talento_humano | tecnico | ti","740"
"/unauthorized","publica","Unauthorized","","","224"
"/verificar/:token","publica","DocumentVerification","","","229"
"/verificar/famsign/:token","publica","SignatureWorkflowVerificationPage","","","230"
