OWNER,TABLE_NAME,COLUMN_ID,COLUMN_NAME,DATA_TYPE,DATA_LENGTH,DATA_PRECISION,DATA_SCALE,NULLABLE
SYSTEM,VEN_VENTAS,1,OFCN_COMPANIA,VARCHAR2,10,,,N
SYSTEM,VEN_VENTAS,2,DESCUENTO,NUMBER,22,8,2,Y
SYSTEM,VEN_VENTAS,3,IMPRESO,VARCHAR2,1,,,N
SYSTEM,VEN_VENTAS,4,ESPECIAL,VARCHAR2,1,,,N
SYSTEM,VEN_VENTAS,5,FECHDESP,DATE,7,,,Y
SYSTEM,VEN_VENTAS,6,DESPACHO,VARCHAR2,1,,,N
SYSTEM,VEN_VENTAS,7,OFCN_OFICINA,VARCHAR2,3,,,N
SYSTEM,VEN_VENTAS,8,SERIE,VARCHAR2,6,,,N
SYSTEM,VEN_VENTAS,9,NUMERO,NUMBER,22,10,0,N
SYSTEM,VEN_VENTAS,10,FECHA,DATE,7,,,N
SYSTEM,VEN_VENTAS,11,TASAIVA,NUMBER,22,7,4,N
SYSTEM,VEN_VENTAS,12,TASAICE,NUMBER,22,7,4,Y
SYSTEM,VEN_VENTAS,13,BASEIVA0,NUMBER,22,16,2,N
SYSTEM,VEN_VENTAS,14,REFER,VARCHAR2,30,,,Y
SYSTEM,VEN_VENTAS,15,OBS,VARCHAR2,1000,,,Y
SYSTEM,VEN_VENTAS,16,FECHVALI,DATE,7,,,Y
SYSTEM,VEN_VENTAS,17,ANEXO,VARCHAR2,1,,,N
SYSTEM,VEN_VENTAS,18,FECHVCTO,DATE,7,,,Y
SYSTEM,VEN_VENTAS,19,FECHCANC,DATE,7,,,Y
SYSTEM,VEN_VENTAS,20,IMPSERVI,VARCHAR2,1,,,N
SYSTEM,VEN_VENTAS,21,VALIMPSERVI,NUMBER,22,16,2,Y
SYSTEM,VEN_VENTAS,22,BASEIVA,NUMBER,22,16,2,N
SYSTEM,VEN_VENTAS,23,TOTAL,NUMBER,22,16,2,Y
SYSTEM,VEN_VENTAS,24,NUMEAUTO,VARCHAR2,15,,,Y
SYSTEM,VEN_VENTAS,25,EGEN_ESTADO,VARCHAR2,2,,,N
SYSTEM,VEN_VENTAS,26,FRPG_FORMPAGO,VARCHAR2,2,,,N
SYSTEM,VEN_VENTAS,27,GRPS_COMPANIA,VARCHAR2,10,,,N
SYSTEM,VEN_VENTAS,28,GRPS_IDCLIENTE,NUMBER,22,10,0,N
SYSTEM,VEN_VENTAS,29,GRPS_LSPR_ID,NUMBER,22,10,0,N
SYSTEM,VEN_VENTAS,30,VNDR_COMPANIA,VARCHAR2,10,,,N
SYSTEM,VEN_VENTAS,31,VNDR_OFICINA,VARCHAR2,3,,,N
SYSTEM,VEN_VENTAS,32,VNDR_CODIGO,VARCHAR2,10,,,N
SYSTEM,VEN_VENTAS,33,INCN_COMPANIA,VARCHAR2,10,,,Y
SYSTEM,VEN_VENTAS,34,INCN_PRODUCTO,VARCHAR2,3,,,Y
SYSTEM,VEN_VENTAS,35,INCN_TIPODOCU,VARCHAR2,2,,,Y
SYSTEM,VEN_VENTAS,36,INCN_CODITRAN,VARCHAR2,10,,,Y
SYSTEM,VEN_VENTAS,37,MONE_MONEDA,VARCHAR2,5,,,N
SYSTEM,VEN_VENTAS,38,PRPG_CODIPERI,VARCHAR2,2,,,N
SYSTEM,VEN_VENTAS,39,SCTR_SECUTRAN,VARCHAR2,2,,,N
SYSTEM,VEN_VENTAS,40,TPCM_TIPOCOMP,VARCHAR2,10,,,N
SYSTEM,VEN_VENTAS,41,PRFM_PRFM_ID,NUMBER,22,10,0,Y
SYSTEM,VEN_VENTAS,42,ASTO_COMPANIA,VARCHAR2,10,,,Y
SYSTEM,VEN_VENTAS,43,ASTO_NUMEDIAR,NUMBER,22,10,0,Y
SYSTEM,VEN_VENTAS,44,VNTA_COMPANIA,VARCHAR2,10,,,Y
SYSTEM,VEN_VENTAS,45,VNTA_OFICINA,VARCHAR2,3,,,Y
SYSTEM,VEN_VENTAS,46,VNTA_NUMERO,NUMBER,22,10,0,Y
SYSTEM,VEN_VENTAS,47,VNTA_SERIE,VARCHAR2,6,,,Y
SYSTEM,VEN_VENTAS,48,FECHCREA,DATE,7,,,N
SYSTEM,VEN_VENTAS,49,USUACREA,VARCHAR2,20,,,N
SYSTEM,VEN_VENTAS,50,FECHACTU,DATE,7,,,Y
SYSTEM,VEN_VENTAS,51,USUACTUA,VARCHAR2,20,,,Y
SYSTEM,VEN_VENTAS,52,FECHPROC,DATE,7,,,Y
SYSTEM,VEN_VENTAS,53,VALDESC,NUMBER,22,16,6,N
SYSTEM,VEN_VENTAS,54,VNTA_TIPOCOMP,VARCHAR2,2,,,Y
SYSTEM,VEN_VENTAS,55,FLETE,VARCHAR2,1,,,N
SYSTEM,VEN_VENTAS,56,ORTB_COMPANIA,VARCHAR2,10,,,Y
SYSTEM,VEN_VENTAS,57,ORTB_OFICINA,VARCHAR2,3,,,Y
SYSTEM,VEN_VENTAS,58,ORTB_ORDEN,NUMBER,22,10,0,Y
SYSTEM,VEN_VENTAS,59,SECUCLIE,NUMBER,22,10,0,Y
SYSTEM,VEN_VENTAS,60,EMAIL,VARCHAR2,1,,,Y
SYSTEM,VEN_VENTAS,61,FENVIO,DATE,7,,,Y
SYSTEM,VEN_VENTAS,62,FECHFUTU,DATE,7,,,Y
SYSTEM,VEN_VENTAS,63,DIDE_DIDE_ID,NUMBER,22,10,0,Y
SYSTEM,VEN_VENTAS,64,TPAG_CODIGO,VARCHAR2,10,,,Y
SYSTEM,VEN_VENTAS,65,NUMEAUTOSRI,VARCHAR2,200,,,Y
SYSTEM,VEN_VENTAS,66,CLAVACCESRI,VARCHAR2,200,,,Y
SYSTEM,VEN_VENTAS,67,FECHAUTOSRI,VARCHAR2,40,,,Y
SYSTEM,VEN_VENTAS,68,ESTDAUTOSRI,VARCHAR2,20,,,Y
SYSTEM,VEN_VENTAS,69,NUMBER1,NUMBER,22,,,Y
SYSTEM,VEN_VENTAS,70,NUMBER2,NUMBER,22,,,Y
SYSTEM,VEN_VENTAS,71,NUMBER3,NUMBER,22,,,Y
SYSTEM,VEN_VENTAS,72,NUMBER4,NUMBER,22,,,Y
SYSTEM,VEN_VENTAS,73,NUMBER5,NUMBER,22,,,Y
SYSTEM,VEN_VENTAS,74,VCHAR1,VARCHAR2,500,,,Y
SYSTEM,VEN_VENTAS,75,VCHAR2,VARCHAR2,500,,,Y
SYSTEM,VEN_VENTAS,76,VCHAR3,VARCHAR2,500,,,Y
SYSTEM,VEN_VENTAS,77,VCHAR4,VARCHAR2,500,,,Y
SYSTEM,VEN_VENTAS,78,VCHAR5,VARCHAR2,500,,,Y
SYSTEM,VEN_VENTAS,79,ORTR_ORTR_ID,NUMBER,22,10,0,Y
SYSTEM,VEN_VENTAS,80,VALOCOMP,NUMBER,22,16,2,Y
SYSTEM,VEN_VENTAS,81,BASEICE,NUMBER,22,16,2,Y
SYSTEM,VEN_VENTAS,82,VALORICE,NUMBER,22,16,2,Y
SYSTEM,VEN_VENTAS,83,LTPR_CODIGO,VARCHAR2,10,,,Y
SYSTEM,VEN_VENTAS,84,UNNE_CODIGO,VARCHAR2,20,,,Y
SYSTEM,VEN_VENTAS,85,ENTRPARC,VARCHAR2,1,,,N
SYSTEM,VEN_VENTAS,86,NUMEDIARAN,NUMBER,22,10,0,Y
SYSTEM,VEN_VENTAS,87,NUMEDIARPR,NUMBER,22,10,0,Y
SYSTEM,VEN_VENTAS,88,VALORIVA,NUMBER,22,18,2,Y
SYSTEM,VEN_VENTAS,89,BASENOIVA,NUMBER,22,16,2,N
SYSTEM,VEN_VENTAS,90,BASEEXIVA,NUMBER,22,16,2,N
SYSTEM,VEN_VENTAS,91,IRBPNR,NUMBER,22,16,2,Y
SYSTEM,VEN_VENTAS,92,NUMECONT,VARCHAR2,50,,,Y
