OWNER,OBJECT_TYPE,OBJECT_NAME,STATUS,CREATED,LAST_DDL_TIME
SYSTEM,FUNCTION,CF_ESTCTAPROFORMULA,INVALID,2026-03-31 19:19:35,2026-03-31 19:22:11
SYSTEM,FUNCTION,F_CONSUMO_MINIMO,INVALID,2026-03-31 19:19:35,2026-03-31 19:22:11
SYSTEM,FUNCTION,F_CREARNCFACTURADIFERIDA,INVALID,2026-03-31 19:19:35,2026-03-31 19:22:11
SYSTEM,FUNCTION,F_DESENCRIPTA,INVALID,2026-03-31 19:19:35,2026-03-31 19:22:11
SYSTEM,FUNCTION,F_DETAMOVI_VS_DETALOTE,INVALID,2026-03-31 19:19:35,2026-03-31 19:22:11
SYSTEM,FUNCTION,F_ENCRIPTA,INVALID,2026-03-31 19:19:35,2026-03-31 19:22:11
SYSTEM,FUNCTION,SIGUIENTEINSTANCIA,INVALID,2026-03-31 19:19:35,2026-03-31 19:22:11
SYSTEM,PACKAGE,CG$AFJ_ACTIFIJO,INVALID,2026-03-31 19:19:35,2026-03-31 19:22:13
SYSTEM,PACKAGE,CG$ALM_ARCHGRND,INVALID,2026-03-31 19:19:36,2026-03-31 19:22:17
SYSTEM,PACKAGE,CG$ALM_ARTICULOS,INVALID,2026-03-31 19:19:36,2026-03-31 19:22:17
SYSTEM,PACKAGE,CG$ALM_UNIDNEGO,INVALID,2026-03-31 19:19:41,2026-03-31 19:22:32
SYSTEM,PACKAGE,CG$CLI_CLIENTE,INVALID,2026-03-31 19:19:44,2026-03-31 19:22:40
SYSTEM,PACKAGE,CG$CLI_DOCUINT,INVALID,2026-03-31 19:19:45,2026-03-31 19:22:43
SYSTEM,PACKAGE,CG$CLI_DOCULOBS,INVALID,2026-03-31 19:19:45,2026-03-31 19:22:44
SYSTEM,PACKAGE,CG$CLI_NATURALES,INVALID,2026-03-31 19:19:46,2026-03-31 19:22:47
SYSTEM,PACKAGE,CG$CNT_ANEXOXML,INVALID,2026-03-31 19:19:49,2026-03-31 19:22:56
SYSTEM,PACKAGE,CG$COM_COMPRAS,INVALID,2026-03-31 19:19:52,2026-03-31 19:23:07
SYSTEM,PACKAGE,CG$ECT_DECLARACION,INVALID,2026-03-31 19:19:55,2026-03-31 19:23:16
SYSTEM,PACKAGE,CG$GEN_COMPANIA,INVALID,2026-03-31 19:19:56,2026-03-31 19:23:19
SYSTEM,PACKAGE,CG$GEN_OFICINA,INVALID,2026-03-31 19:19:57,2026-03-31 19:23:23
SYSTEM,PACKAGE,CG$GEN_PROVEEDOR,INVALID,2026-03-31 19:19:58,2026-03-31 19:23:26
SYSTEM,PACKAGE,CG$IMP_REGISANI,INVALID,2026-03-31 19:20:02,2026-03-31 19:23:37
SYSTEM,PACKAGE,CG$INF_NODO,INVALID,2026-03-31 19:20:02,2026-03-31 19:23:39
SYSTEM,PACKAGE,CG$ORT_ORDETRAB,INVALID,2026-03-31 19:20:03,2026-03-31 19:23:41
SYSTEM,PACKAGE,CG$RHH_EMPLEADO,INVALID,2026-03-31 19:20:09,2026-03-31 19:24:02
SYSTEM,PACKAGE,CG$TLL_FOTORDEN,INVALID,2026-03-31 19:20:16,2026-03-31 19:24:23
SYSTEM,PACKAGE,CG$VEN_LSTAPREC,INVALID,2026-03-31 19:20:19,2026-03-31 19:24:32
SYSTEM,PACKAGE,PKGBODEGADATOSDWH,INVALID,2026-03-31 19:20:27,2026-03-31 19:24:57
SYSTEM,PACKAGE,PKGCOMPLEMENTOS,INVALID,2026-03-31 19:20:22,2026-03-31 20:06:04
SYSTEM,PACKAGE,PKGENERAL,INVALID,2026-03-31 19:20:22,2026-03-31 19:24:42
SYSTEM,PACKAGE,PKGENERAL_BAK,INVALID,2026-03-31 19:20:23,2026-03-31 19:24:42
SYSTEM,PACKAGE,PKGINTEGRACION,INVALID,2026-03-31 19:20:25,2026-03-31 19:24:49
SYSTEM,PACKAGE BODY,CG$AFJ_ACTIFIJO,INVALID,2026-03-31 19:21:49,2026-03-31 19:22:13
SYSTEM,PACKAGE BODY,CG$ALM_ARCHGRND,INVALID,2026-03-31 19:21:51,2026-03-31 19:22:17
SYSTEM,PACKAGE BODY,CG$ALM_ARTICULOS,INVALID,2026-03-31 19:21:51,2026-03-31 19:22:17
SYSTEM,PACKAGE BODY,CG$ALM_DETAMOVI,INVALID,2026-03-31 19:21:54,2026-03-31 19:22:22
SYSTEM,PACKAGE BODY,CG$ALM_UNIDNEGO,INVALID,2026-03-31 19:21:38,2026-03-31 19:22:32
SYSTEM,PACKAGE BODY,CG$CLI_CLIENTE,INVALID,2026-03-31 19:21:43,2026-03-31 19:22:40
SYSTEM,PACKAGE BODY,CG$CLI_DOCUINT,INVALID,2026-03-31 19:21:45,2026-03-31 19:22:44
SYSTEM,PACKAGE BODY,CG$CLI_DOCULOBS,INVALID,2026-03-31 19:21:45,2026-03-31 19:22:44
SYSTEM,PACKAGE BODY,CG$CLI_NATURALES,INVALID,2026-03-31 19:21:47,2026-03-31 19:22:47
SYSTEM,PACKAGE BODY,CG$CNT_ANEXOXML,INVALID,2026-03-31 19:21:33,2026-03-31 19:22:56
SYSTEM,PACKAGE BODY,CG$CNT_ASIENTO,INVALID,2026-03-31 19:21:33,2026-03-31 19:22:57
SYSTEM,PACKAGE BODY,CG$COM_COMPRAS,INVALID,2026-03-31 19:21:19,2026-03-31 19:23:07
SYSTEM,PACKAGE BODY,CG$ECT_DECLARACION,INVALID,2026-03-31 19:21:24,2026-03-31 19:23:16
SYSTEM,PACKAGE BODY,CG$GEN_COMPANIA,INVALID,2026-03-31 19:21:26,2026-03-31 19:23:19
SYSTEM,PACKAGE BODY,CG$GEN_OFICINA,INVALID,2026-03-31 19:21:28,2026-03-31 19:23:23
SYSTEM,PACKAGE BODY,CG$GEN_PROVEEDOR,INVALID,2026-03-31 19:21:10,2026-03-31 19:23:26
SYSTEM,PACKAGE BODY,CG$GEN_PROVESRI,INVALID,2026-03-31 19:21:10,2026-03-31 19:23:26
SYSTEM,PACKAGE BODY,CG$IMP_REGISANI,INVALID,2026-03-31 19:21:17,2026-03-31 19:23:37
SYSTEM,PACKAGE BODY,CG$INF_NODO,INVALID,2026-03-31 19:20:57,2026-03-31 19:23:39
SYSTEM,PACKAGE BODY,CG$ORT_ORDETRAB,INVALID,2026-03-31 19:20:58,2026-03-31 19:23:41
SYSTEM,PACKAGE BODY,CG$RHH_EMPLEADO,INVALID,2026-03-31 19:20:50,2026-03-31 19:24:02
SYSTEM,PACKAGE BODY,CG$TLL_FOTORDEN,INVALID,2026-03-31 19:20:44,2026-03-31 19:24:23
SYSTEM,PACKAGE BODY,CG$VEN_LSTAPREC,INVALID,2026-03-31 19:20:30,2026-03-31 19:24:32
SYSTEM,PACKAGE BODY,PKCONTEXTO,INVALID,2026-03-31 19:20:36,2026-03-31 19:24:42
SYSTEM,PACKAGE BODY,PKGBODEGADATOSDWH,INVALID,2026-03-31 19:22:09,2026-03-31 19:24:57
SYSTEM,PACKAGE BODY,PKGCOMPLEMENTOS,INVALID,2026-03-31 19:20:37,2026-03-31 19:24:42
SYSTEM,PACKAGE BODY,PKGENERAL,INVALID,2026-03-31 19:20:37,2026-03-31 19:24:42
SYSTEM,PACKAGE BODY,PKGENERAL_BAK,INVALID,2026-03-31 19:20:37,2026-03-31 19:24:43
SYSTEM,PACKAGE BODY,PKGINTEGRACION,INVALID,2026-03-31 19:22:05,2026-03-31 19:24:49
SYSTEM,PACKAGE BODY,PKGWEBSERVICES,INVALID,2026-03-31 19:22:05,2026-03-31 19:24:49
SYSTEM,PROCEDURE,ACTUALIZAR_COSTOS,INVALID,2026-03-31 19:19:33,2026-03-31 19:22:10
SYSTEM,PROCEDURE,F_COSTO_PROMEDIO,INVALID,2026-03-31 19:19:34,2026-03-31 19:22:10
SYSTEM,PROCEDURE,FINEJEC,INVALID,2026-03-31 19:19:34,2026-03-31 19:22:10
SYSTEM,PROCEDURE,INICEJEC,INVALID,2026-03-31 19:19:34,2026-03-31 19:22:10
SYSTEM,PROCEDURE,INICIO,INVALID,2026-03-31 19:19:34,2026-03-31 19:22:10
SYSTEM,PROCEDURE,P_ACTUALIZA,INVALID,2026-03-31 19:19:34,2026-03-31 19:22:10
SYSTEM,PROCEDURE,P_ACTUALIZA_IA,INVALID,2026-03-31 19:19:34,2026-03-31 19:22:11
SYSTEM,PROCEDURE,P_ACTUALIZA_LISTA_PRECIOS,INVALID,2026-03-31 19:19:34,2026-03-31 19:22:11
SYSTEM,PROCEDURE,P_ACTUALIZARFACTDIFE,INVALID,2026-03-31 19:19:35,2026-03-31 19:22:11
SYSTEM,PROCEDURE,P_CAMBIAR_IVA,INVALID,2026-03-31 19:19:35,2026-03-31 19:22:11
SYSTEM,PROCEDURE,P_CARGA,INVALID,2026-03-31 19:19:34,2026-03-31 19:22:11
SYSTEM,PROCEDURE,P_CLI_CLIENTE,INVALID,2026-03-31 19:19:34,2026-03-31 19:22:11
SYSTEM,PROCEDURE,P_COB_OTRODEBI,INVALID,2026-03-31 19:19:34,2026-03-31 19:22:11
SYSTEM,PROCEDURE,P_CREAR_ATS,INVALID,2026-03-31 19:19:34,2026-03-31 19:22:11
SYSTEM,PROCEDURE,P_CREAR_LOTES,INVALID,2026-03-31 19:19:34,2026-03-31 19:22:11
SYSTEM,PROCEDURE,P_CTASBALA,INVALID,2026-03-31 19:19:35,2026-03-31 19:22:11
SYSTEM,PROCEDURE,P_CTAS_TOTALES,INVALID,2026-03-31 19:19:34,2026-03-31 19:22:11
SYSTEM,PROCEDURE,P_DEPRECIA,INVALID,2026-03-31 19:19:35,2026-03-31 19:22:11
SYSTEM,PROCEDURE,P_DEPRECIACION,INVALID,2026-03-31 19:19:34,2026-03-31 19:22:10
SYSTEM,PROCEDURE,P_DEPRECIACION_NIIFS,INVALID,2026-03-31 19:19:34,2026-03-31 19:22:10
SYSTEM,PROCEDURE,P_ELIMINAR_BODEDATO,INVALID,2026-03-31 19:19:35,2026-03-31 22:00:02
SYSTEM,PROCEDURE,P_ELIMINAR_BODEDATO_BK,INVALID,2026-03-31 19:19:35,2026-03-31 19:22:11
SYSTEM,PROCEDURE,P_ENVIAR_ZIP,INVALID,2026-03-31 19:19:34,2026-03-31 19:22:10
SYSTEM,PROCEDURE,P_FACTURA_XML,INVALID,2026-03-31 19:19:34,2026-03-31 19:22:10
SYSTEM,PROCEDURE,P_GENERAR_XML,INVALID,2026-03-31 19:19:35,2026-03-31 19:22:11
SYSTEM,PROCEDURE,P_KARDEX,INVALID,2026-03-31 19:19:34,2026-03-31 19:22:10
SYSTEM,PROCEDURE,P_LOTES_INI,INVALID,2026-03-31 19:19:35,2026-03-31 19:22:11
SYSTEM,PROCEDURE,P_LOTES_VENCIDOS,INVALID,2026-03-31 19:19:34,2026-03-31 19:22:10
SYSTEM,PROCEDURE,P_LOTES_VENCIDOS_RESP,INVALID,2026-03-31 19:19:35,2026-03-31 19:22:11
SYSTEM,PROCEDURE,P_NOTAS_PEDIDOIS,INVALID,2026-03-31 19:19:35,2026-03-31 19:22:11
SYSTEM,PROCEDURE,P_PAG_OTRSCTAS,INVALID,2026-03-31 19:19:34,2026-03-31 19:22:10
SYSTEM,PROCEDURE,P_POBLAR_PRECIOS,INVALID,2026-03-31 19:19:34,2026-03-31 19:22:10
SYSTEM,PROCEDURE,P_RECALCULO_COSTOS,INVALID,2026-03-31 19:19:35,2026-03-31 19:22:11
SYSTEM,PROCEDURE,PRUEBA,INVALID,2026-03-31 19:19:34,2026-03-31 19:22:10
SYSTEM,PROCEDURE,PRUEBA_ENSA,INVALID,2026-03-31 19:19:34,2026-03-31 19:22:10
SYSTEM,PROCEDURE,PRUEBA_VTS,INVALID,2026-03-31 19:19:34,2026-03-31 19:22:10
SYSTEM,PROCEDURE,PRUEBA_VTS_BK,INVALID,2026-03-31 19:19:34,2026-03-31 19:22:10
SYSTEM,PROCEDURE,P_VENTAS_DIFERIDAS_CANTIDAD,INVALID,2026-03-31 19:19:35,2026-03-31 19:22:11
SYSTEM,TRIGGER,GRPSEGCON,INVALID,2026-03-31 19:27:07,2026-03-31 19:27:07
SYSTEM,TRIGGER,POBLARIDCLT,INVALID,2026-03-31 19:25:10,2026-03-31 19:25:10
SYSTEM,TRIGGER,TRG_AFJ_CLASACTI,INVALID,2026-03-31 19:25:55,2026-03-31 19:25:55
SYSTEM,TRIGGER,TRG_AFJ_DEPRECIA,INVALID,2026-03-31 19:25:55,2026-03-31 19:25:55
SYSTEM,TRIGGER,TRG_AFJ_ESTADO,INVALID,2026-03-31 19:25:55,2026-03-31 19:25:55
SYSTEM,TRIGGER,TRG_ALM_COMPONENTE,INVALID,2026-03-31 19:25:59,2026-03-31 19:25:59
SYSTEM,TRIGGER,TRG_ALM_DECAMPRES,INVALID,2026-03-31 19:25:55,2026-03-31 19:25:56
SYSTEM,TRIGGER,TRG_ALM_UBICACION,INVALID,2026-03-31 19:26:04,2026-03-31 19:26:04
SYSTEM,TRIGGER,TRG_BAN_CTABANCARIA,INVALID,2026-03-31 19:26:04,2026-03-31 19:26:04
SYSTEM,TRIGGER,TRG_BAN_DEPOTRAN,INVALID,2026-03-31 19:26:04,2026-03-31 19:26:04
SYSTEM,TRIGGER,TRG_CAJ_DENOMINA,INVALID,2026-03-31 19:26:04,2026-03-31 19:26:04
SYSTEM,TRIGGER,TRG_CAJ_EFECTIVO,INVALID,2026-03-31 19:26:04,2026-03-31 19:26:04
SYSTEM,TRIGGER,TRG_CAJ_PRORROGA,INVALID,2026-03-31 19:26:04,2026-03-31 19:26:04
SYSTEM,TRIGGER,TRG_CAJ_RESPCAJA,INVALID,2026-03-31 19:26:04,2026-03-31 19:26:04
SYSTEM,TRIGGER,TRG_CLI_LINECRED,INVALID,2026-03-31 19:26:04,2026-03-31 19:26:04
SYSTEM,TRIGGER,TRG_CLI_OTROACTIVO,INVALID,2026-03-31 19:26:04,2026-03-31 19:26:04
SYSTEM,TRIGGER,TRG_CLI_TIPOCALI,INVALID,2026-03-31 19:26:04,2026-03-31 19:26:04
SYSTEM,TRIGGER,TRG_CNT_ASIENTO,INVALID,2026-03-31 19:26:04,2026-03-31 19:26:04
SYSTEM,TRIGGER,TRG_CNT_CATALOGO,INVALID,2026-03-31 19:26:05,2026-03-31 19:26:05
SYSTEM,TRIGGER,TRG_CNT_DETASIENTO,INVALID,2026-03-31 19:26:04,2026-03-31 19:26:04
SYSTEM,TRIGGER,TRG_CNT_INTECONT,INVALID,2026-03-31 19:26:04,2026-03-31 19:26:04
SYSTEM,TRIGGER,TRG_CNT_RETENCION,INVALID,2026-03-31 19:26:04,2026-03-31 19:26:04
SYSTEM,TRIGGER,TRG_COB_CRUCEANT,INVALID,2026-03-31 19:26:05,2026-03-31 19:26:05
SYSTEM,TRIGGER,TRG_COB_DETADEBI,INVALID,2026-03-31 19:26:05,2026-03-31 19:26:05
SYSTEM,TRIGGER,TRG_COM_DEBIENSERV,INVALID,2026-03-31 19:26:39,2026-03-31 19:26:39
SYSTEM,TRIGGER,TRG_COM_PLANPAGO,INVALID,2026-03-31 19:26:12,2026-03-31 19:26:12
SYSTEM,TRIGGER,TRG_CST_COSTADIC,INVALID,2026-03-31 19:26:12,2026-03-31 19:26:12
SYSTEM,TRIGGER,TRG_CST_DETARECT,INVALID,2026-03-31 19:26:12,2026-03-31 19:26:12
SYSTEM,TRIGGER,TRG_CST_RECETA,INVALID,2026-03-31 19:26:12,2026-03-31 19:26:12
SYSTEM,TRIGGER,TRG_GEN_CENTCOST,INVALID,2026-03-31 19:25:23,2026-03-31 19:25:23
SYSTEM,TRIGGER,TRG_GEN_COLAIMPR,INVALID,2026-03-31 19:25:23,2026-03-31 19:25:23
SYSTEM,TRIGGER,TRG_GEN_PARAMETRO,INVALID,2026-03-31 19:25:29,2026-03-31 19:25:29
SYSTEM,TRIGGER,TRG_GEN_PNTOEMIS,INVALID,2026-03-31 19:25:29,2026-03-31 19:25:29
SYSTEM,TRIGGER,TRG_GEN_PORCCENT,INVALID,2026-03-31 19:26:41,2026-03-31 19:26:41
SYSTEM,TRIGGER,TRG_GEN_PROCESOS,INVALID,2026-03-31 19:26:41,2026-03-31 19:26:41
SYSTEM,TRIGGER,TRG_GEN_SECVARIOS,INVALID,2026-03-31 19:26:41,2026-03-31 19:26:41
SYSTEM,TRIGGER,TRG_PAG_CLASPROV,INVALID,2026-03-31 19:26:41,2026-03-31 19:26:41
SYSTEM,TRIGGER,TRG_PAG_CRUCEANT,INVALID,2026-03-31 19:26:42,2026-03-31 19:26:42
SYSTEM,TRIGGER,TRG_PAG_DETAPAGO,INVALID,2026-03-31 19:26:51,2026-03-31 19:26:51
SYSTEM,TRIGGER,TRG_PAG_OTRSCTAS,INVALID,2026-03-31 19:26:42,2026-03-31 19:26:42
SYSTEM,TRIGGER,TRG_RHH_ADICIONALES,INVALID,2026-03-31 19:26:42,2026-03-31 19:26:42
SYSTEM,TRIGGER,TRG_RHH_ALCACOMI,INVALID,2026-03-31 19:26:42,2026-03-31 19:26:42
SYSTEM,TRIGGER,TRG_RHH_CREDITOS,INVALID,2026-03-31 19:26:42,2026-03-31 19:26:42
SYSTEM,TRIGGER,TRG_RHH_CTABANEM,INVALID,2026-03-31 19:26:42,2026-03-31 19:26:42
SYSTEM,TRIGGER,TRG_RHH_DEPARTAM,INVALID,2026-03-31 19:26:42,2026-03-31 19:26:42
SYSTEM,TRIGGER,TRG_RHH_GASTPERS,INVALID,2026-03-31 19:26:51,2026-03-31 19:26:51
SYSTEM,TRIGGER,TRG_RHH_IMPUESTOS,INVALID,2026-03-31 19:26:51,2026-03-31 19:26:51
SYSTEM,TRIGGER,TRG_RHH_PERIODOS,INVALID,2026-03-31 19:26:42,2026-03-31 19:26:42
SYSTEM,TRIGGER,TRG_RHH_PROVICION,INVALID,2026-03-31 19:26:42,2026-03-31 19:26:42
SYSTEM,TRIGGER,TRG_RHH_REGASIST,INVALID,2026-03-31 19:26:42,2026-03-31 19:26:42
SYSTEM,TRIGGER,TRG_RHH_REMUNERA,INVALID,2026-03-31 19:26:42,2026-03-31 19:26:42
SYSTEM,TRIGGER,TRG_RHH_RESPINEG,INVALID,2026-03-31 19:26:42,2026-03-31 19:26:42
SYSTEM,TRIGGER,TRG_RHH_ROLPAG,INVALID,2026-03-31 19:25:24,2026-03-31 19:25:24
SYSTEM,TRIGGER,TRG_RHH_SALABASIC,INVALID,2026-03-31 19:25:24,2026-03-31 19:25:24
SYSTEM,TRIGGER,TRG_RHH_SALARIOS,INVALID,2026-03-31 19:25:24,2026-03-31 19:25:24
SYSTEM,TRIGGER,TRG_RHH_SALARIOS_FECHINGR,INVALID,2026-03-31 19:25:08,2026-03-31 19:25:08
SYSTEM,TRIGGER,TRG_RHH_VENCIMIEN,INVALID,2026-03-31 19:25:24,2026-03-31 19:25:24
SYSTEM,TRIGGER,TRGROL,INVALID,2026-03-31 19:26:39,2026-03-31 19:26:39
SYSTEM,TRIGGER,TRGSALE,INVALID,2026-03-31 19:27:07,2026-03-31 19:27:07
SYSTEM,TRIGGER,TRG_SEG_ACCEFORM,INVALID,2026-03-31 19:25:24,2026-03-31 19:25:24
SYSTEM,TRIGGER,TRG_SEG_APLICACION,INVALID,2026-03-31 19:25:38,2026-03-31 19:25:38
SYSTEM,TRIGGER,TRG_SEG_IMPRESORAS,INVALID,2026-03-31 19:25:56,2026-03-31 19:25:56
SYSTEM,TRIGGER,TRG_SEG_MENSAJE,INVALID,2026-03-31 19:25:56,2026-03-31 19:25:56
SYSTEM,TRIGGER,TRG_SEG_USUARIO,INVALID,2026-03-31 19:25:56,2026-03-31 19:25:56
SYSTEM,TRIGGER,TRG_VEN_ALCANCE,INVALID,2026-03-31 19:25:56,2026-03-31 19:25:56
SYSTEM,TRIGGER,TRG_VEN_DETAFLET,INVALID,2026-03-31 19:25:38,2026-03-31 19:25:38
SYSTEM,TRIGGER,TRG_VEN_DETARTPR,INVALID,2026-03-31 19:25:56,2026-03-31 19:25:56
SYSTEM,TRIGGER,TRG_VEN_EXPORTAC,INVALID,2026-03-31 19:25:56,2026-03-31 19:25:56
SYSTEM,TRIGGER,TRG_VEN_FLUJSERV,INVALID,2026-03-31 19:25:56,2026-03-31 19:25:56
SYSTEM,TRIGGER,TRG_VEN_NOTADEBI,INVALID,2026-03-31 19:25:56,2026-03-31 19:25:56
SYSTEM,TRIGGER,TRG_VEN_PRESUVEN,INVALID,2026-03-31 19:25:56,2026-03-31 19:25:56
SYSTEM,TRIGGER,TRG_VEN_RANGCOMI,INVALID,2026-03-31 19:25:56,2026-03-31 19:25:56
SYSTEM,TRIGGER,TRG_VEN_TIPOLISTA,INVALID,2026-03-31 19:25:56,2026-03-31 19:25:57
SYSTEM,TRIGGER,TRG_VEN_VENTPERD,INVALID,2026-03-31 19:25:38,2026-03-31 19:25:38
SYSTEM,TRIGGER,TRG_VEN_ZONAS,INVALID,2026-03-31 19:25:57,2026-03-31 19:25:57
SYSTEM,VIEW,VW_AFJ_ACTIVOFIJO,INVALID,2026-03-31 19:19:31,2026-03-31 20:08:43
SYSTEM,VIEW,VW_AFJ_CABECERA_AMORTIZACION,INVALID,2026-03-31 19:19:31,2026-03-31 20:08:43
SYSTEM,VIEW,VW_AFJ_CABECERA_MEMORANDO,INVALID,2026-03-31 19:19:31,2026-03-31 20:08:43
SYSTEM,VIEW,VW_AFJ_DEPRECIACION,INVALID,2026-03-31 19:19:31,2026-03-31 20:08:43
SYSTEM,VIEW,VW_AFJ_DETALLE_MEMORANDO,INVALID,2026-03-31 19:19:32,2026-03-31 20:08:43
SYSTEM,VIEW,VW_AFJ_DETALLE_POLIZA,INVALID,2026-03-31 19:19:31,2026-03-31 20:08:43
SYSTEM,VIEW,VW_ALM_CONMOVIARTI,INVALID,2026-03-31 19:19:32,2026-03-31 20:08:43
SYSTEM,VIEW,VW_ALM_CONMOVILOTE,INVALID,2026-03-31 19:19:32,2026-03-31 20:08:43
SYSTEM,VIEW,VW_ALM_DIARGENE,INVALID,2026-03-31 19:19:32,2026-03-31 20:08:43
SYSTEM,VIEW,VW_ALM_EXISLOTE,INVALID,2026-03-31 19:19:33,2026-03-31 20:08:43
SYSTEM,VIEW,VW_ALM_STOCK_LOTES,INVALID,2026-03-31 19:19:33,2026-03-31 20:08:43
SYSTEM,VIEW,VW_ARTICULOS_DIFERIDOS,INVALID,2026-03-31 19:19:32,2026-03-31 20:08:43
SYSTEM,VIEW,VW_BAN_TRANSACCIONBANCARIA,INVALID,2026-03-31 19:19:31,2026-03-31 20:08:43
SYSTEM,VIEW,VW_CABECERA_DIARIO,INVALID,2026-03-31 19:19:31,2026-03-31 20:08:43
SYSTEM,VIEW,VW_CABECERA_FACTURACOMPRAS,INVALID,2026-03-31 19:19:31,2026-03-31 20:08:43
SYSTEM,VIEW,VW_CABECERA_FACTURAVENTAS,INVALID,2026-03-31 19:19:31,2026-03-31 20:08:43
SYSTEM,VIEW,VW_CABECERA_RETENCION,INVALID,2026-03-31 19:19:31,2026-03-31 20:08:44
SYSTEM,VIEW,VW_CABECERA_TRANSFERENCIAS,INVALID,2026-03-31 19:19:31,2026-03-31 20:08:44
SYSTEM,VIEW,VW_CAJ_CHEQUES,INVALID,2026-03-31 19:19:31,2026-03-31 20:08:44
SYSTEM,VIEW,VW_CAJ_REPOSICIONCAJACHICA,INVALID,2026-03-31 19:19:33,2026-03-31 20:08:44
SYSTEM,VIEW,VW_CAJ_RESPONSABLECAJA,INVALID,2026-03-31 19:19:31,2026-03-31 20:08:44
SYSTEM,VIEW,VW_CAJ_TRANSACCIONCAJA,INVALID,2026-03-31 19:19:31,2026-03-31 20:08:44
SYSTEM,VIEW,VW_CLIENTE_NP_WEB,INVALID,2026-03-31 19:19:31,2026-03-31 20:08:44
SYSTEM,VIEW,VW_CLI_RUTEROVISITA,INVALID,2026-03-31 19:19:31,2026-03-31 20:08:44
SYSTEM,VIEW,VW_CNT_CUENTA,INVALID,2026-03-31 19:19:31,2026-03-31 20:08:44
SYSTEM,VIEW,VW_CNT_DETALLE_MAYORGENERAL,INVALID,2026-03-31 19:19:31,2026-03-31 20:08:44
SYSTEM,VIEW,VW_CNT_MAYOGENE,INVALID,2026-03-31 19:19:32,2026-03-31 20:08:44
SYSTEM,VIEW,VW_CNT_MAYOR_GENERAL,INVALID,2026-03-31 19:19:32,2026-03-31 20:08:44
SYSTEM,VIEW,VW_COM_CABECERA_ANTICIPO,INVALID,2026-03-31 19:19:33,2026-03-31 20:08:44
SYSTEM,VIEW,VW_COM_CABECERA_NOTASCREDITO,INVALID,2026-03-31 19:19:31,2026-03-31 20:08:44
SYSTEM,VIEW,VW_COM_CABECERA_OTRASCUENTAS,INVALID,2026-03-31 19:19:31,2026-03-31 20:08:44
SYSTEM,VIEW,VW_COM_CABECERA_PLANPAGO,INVALID,2026-03-31 19:19:31,2026-03-31 20:08:44
SYSTEM,VIEW,VW_COM_CABECERA_PROVEEDOR,INVALID,2026-03-31 19:19:31,2026-03-31 20:08:44
SYSTEM,VIEW,VW_COM_COMPRAS_R,INVALID,2026-03-31 19:19:32,2026-03-31 20:08:44
SYSTEM,VIEW,VW_COM_DETALLE_ANTICIPO,INVALID,2026-03-31 19:19:31,2026-03-31 20:08:44
SYSTEM,VIEW,VW_COM_DETALLECOMPRAXML,INVALID,2026-03-31 19:19:31,2026-03-31 20:08:44
SYSTEM,VIEW,VW_COM_DETALLE_PLANPAGO,INVALID,2026-03-31 19:19:33,2026-03-31 20:08:44
SYSTEM,VIEW,VW_COM_FACTURACOMPRASXML,INVALID,2026-03-31 19:19:31,2026-03-31 20:08:44
SYSTEM,VIEW,VW_COM_RETENCION,INVALID,2026-03-31 19:19:31,2026-03-31 20:08:44
SYSTEM,VIEW,VW_COSTO_PROCESO_ART,INVALID,2026-03-31 19:19:31,2026-03-31 20:08:44
SYSTEM,VIEW,VW_DESCUENTO,INVALID,2026-03-31 19:19:31,2026-03-31 20:08:44
SYSTEM,VIEW,VW_DETALLE_DIARIO,INVALID,2026-03-31 19:19:31,2026-03-31 20:08:44
SYSTEM,VIEW,VW_DETALLE_FACTURACOMPRA,INVALID,2026-03-31 19:19:31,2026-03-31 20:08:45
SYSTEM,VIEW,VW_DETALLE_FACTURAVENTAS,INVALID,2026-03-31 19:19:31,2026-03-31 20:08:45
SYSTEM,VIEW,VW_DETALLE_MOVIMIENTO,INVALID,2026-03-31 19:19:31,2026-03-31 20:08:45
SYSTEM,VIEW,VW_DETALLE_RETENCION,INVALID,2026-03-31 19:19:31,2026-03-31 20:08:45
SYSTEM,VIEW,VW_DETALLE_TRANSFERECIA,INVALID,2026-03-31 19:19:31,2026-03-31 20:08:45
SYSTEM,VIEW,VW_DEVOLUCION,INVALID,2026-03-31 19:19:31,2026-03-31 20:08:45
SYSTEM,VIEW,VW_DWH_ARTICULO,INVALID,2026-03-31 19:19:32,2026-03-31 20:08:45
SYSTEM,VIEW,VW_DWH_CLIENTES,INVALID,2026-03-31 19:19:32,2026-03-31 20:08:45
SYSTEM,VIEW,VW_DWH_CVENDZONA,INVALID,2026-03-31 19:19:33,2026-03-31 20:08:45
SYSTEM,VIEW,VW_DWH_LINEAS,INVALID,2026-03-31 19:19:32,2026-03-31 20:08:45
SYSTEM,VIEW,VW_DWH_SUBLINEAS,INVALID,2026-03-31 19:19:32,2026-03-31 20:08:45
SYSTEM,VIEW,VW_DWH_UNIDNEGO,INVALID,2026-03-31 19:19:32,2026-03-31 20:08:45
SYSTEM,VIEW,VW_DWH_VENDZONA,INVALID,2026-03-31 19:19:32,2026-03-31 20:08:45
SYSTEM,VIEW,VW_EGRESO_EMPLEADOS,INVALID,2026-03-31 19:19:32,2026-03-31 20:08:45
SYSTEM,VIEW,VW_EXAMPLE,INVALID,2026-03-31 19:19:32,2026-03-31 20:08:45
SYSTEM,VIEW,VW_EXIST_ART,INVALID,2026-03-31 19:19:32,2026-03-31 20:08:45
SYSTEM,VIEW,VW_EXIST_LOTE,INVALID,2026-03-31 19:19:31,2026-03-31 20:08:45
SYSTEM,VIEW,VW_EXIST_LOTE_ANT,INVALID,2026-03-31 19:19:32,2026-03-31 20:08:45
SYSTEM,VIEW,VW_EXIST_LOTE_WEB,INVALID,2026-03-31 19:19:32,2026-03-31 20:08:45
SYSTEM,VIEW,VW_GEN_PROCESOS,INVALID,2026-03-31 19:19:32,2026-03-31 20:08:45
SYSTEM,VIEW,VW_GUIAREMISION,INVALID,2026-03-31 19:19:31,2026-03-31 20:08:45
SYSTEM,VIEW,VW_GUIAREMISION_TR,INVALID,2026-03-31 19:19:31,2026-03-31 20:08:45
SYSTEM,VIEW,VW_GUIAREMISION_VN,INVALID,2026-03-31 19:19:31,2026-03-31 20:08:45
SYSTEM,VIEW,VW_IMP_CABECERA_NOTAPEDIDO,INVALID,2026-03-31 19:19:31,2026-03-31 20:08:45
SYSTEM,VIEW,VW_IMP_CABECERA_REGSANITARIO,INVALID,2026-03-31 19:19:31,2026-03-31 20:08:45
SYSTEM,VIEW,VW_IMP_DETALLE_NOTAPEDIDO,INVALID,2026-03-31 19:19:32,2026-03-31 20:08:45
SYSTEM,VIEW,VW_IMP_DETALLE_REGSANITARIO,INVALID,2026-03-31 19:19:32,2026-03-31 20:08:45
SYSTEM,VIEW,VW_IMP_IMPORACION,INVALID,2026-03-31 19:19:32,2026-03-31 20:08:45
SYSTEM,VIEW,VW_IMP_PRELIQUIDACION_GASTOS,INVALID,2026-03-31 19:19:32,2026-03-31 20:08:45
SYSTEM,VIEW,VW_INV_ARTICULO,INVALID,2026-03-31 19:19:32,2026-03-31 20:08:45
SYSTEM,VIEW,VW_INV_ARTICULOS,INVALID,2026-03-31 19:19:32,2026-03-31 20:08:46
SYSTEM,VIEW,VW_INV_CABECERA_CAMBIOPRES,INVALID,2026-03-31 19:19:32,2026-03-31 20:08:46
SYSTEM,VIEW,VW_INV_CABECERA_COSTOADIC,INVALID,2026-03-31 19:19:32,2026-03-31 20:08:46
SYSTEM,VIEW,VW_INV_CABECERA_ENTRADA,INVALID,2026-03-31 19:19:32,2026-03-31 20:08:46
SYSTEM,VIEW,VW_INV_CABECERA_IMPORTAC,INVALID,2026-03-31 19:19:32,2026-03-31 20:08:46
SYSTEM,VIEW,VW_INV_CABECERA_ORDENPROD,INVALID,2026-03-31 19:19:32,2026-03-31 20:08:46
SYSTEM,VIEW,VW_INV_CABECERA_RECETA,INVALID,2026-03-31 19:19:32,2026-03-31 20:08:46
SYSTEM,VIEW,VW_INV_CABECERA_REQBODEGA,INVALID,2026-03-31 19:19:32,2026-03-31 20:08:46
SYSTEM,VIEW,VW_INV_CABECERA_TRANSBODEGA,INVALID,2026-03-31 19:19:32,2026-03-31 20:08:46
SYSTEM,VIEW,VW_INV_DETALLE_CAMBIOPRES,INVALID,2026-03-31 19:19:32,2026-03-31 20:08:46
SYSTEM,VIEW,VW_INV_DETALLE_ENTRADASALIDA,INVALID,2026-03-31 19:19:32,2026-03-31 20:08:46
SYSTEM,VIEW,VW_INV_DETALLE_IMPORTACION,INVALID,2026-03-31 19:19:32,2026-03-31 20:08:46
SYSTEM,VIEW,VW_INV_DETALLE_MOVIMIENTO,INVALID,2026-03-31 19:19:32,2026-03-31 20:08:46
SYSTEM,VIEW,VW_INV_DETALLE_RECETA,INVALID,2026-03-31 19:19:32,2026-03-31 20:08:46
SYSTEM,VIEW,VW_INV_DETALLE_REQBODEGA,INVALID,2026-03-31 19:19:32,2026-03-31 20:08:46
SYSTEM,VIEW,VW_LOTE,INVALID,2026-03-31 19:19:32,2026-03-31 20:08:46
SYSTEM,VIEW,VW_NOTASDEBITO,INVALID,2026-03-31 19:19:31,2026-03-31 20:08:46
SYSTEM,VIEW,VW_OFICINA,INVALID,2026-03-31 19:19:31,2026-03-31 20:08:46
SYSTEM,VIEW,VW_OFICINA_REPORTES_DEP,INVALID,2026-03-31 19:19:32,2026-03-31 20:08:46
SYSTEM,VIEW,VW_RECIBO_COBRO_D,INVALID,2026-03-31 19:19:33,2026-03-31 20:08:46
SYSTEM,VIEW,VW_RECIBO_COBRO_R,INVALID,2026-03-31 19:19:32,2026-03-31 20:08:46
SYSTEM,VIEW,VW_RETENCION,INVALID,2026-03-31 19:19:31,2026-03-31 20:08:46
SYSTEM,VIEW,VW_RHH_ANTICIPOEMPLEADOS,INVALID,2026-03-31 19:19:33,2026-03-31 20:08:46
SYSTEM,VIEW,VW_RHH_CABECERA_CREDITOS,INVALID,2026-03-31 19:19:32,2026-03-31 20:08:46
SYSTEM,VIEW,VW_RHH_CABECERA_EMPLEADO,INVALID,2026-03-31 19:19:32,2026-03-31 20:08:46
SYSTEM,VIEW,VW_RHH_CABECERA_HORASEXTRAS,INVALID,2026-03-31 19:19:33,2026-03-31 20:08:46
SYSTEM,VIEW,VW_RHH_CABECERA_LIQUIDACION,INVALID,2026-03-31 19:19:33,2026-03-31 20:08:46
SYSTEM,VIEW,VW_RHH_CABECERA_PROVISION,INVALID,2026-03-31 19:19:32,2026-03-31 20:08:47
SYSTEM,VIEW,VW_RHH_CABECERA_SALIDAPERS,INVALID,2026-03-31 19:19:33,2026-03-31 20:08:47
SYSTEM,VIEW,VW_RHH_DETALLE_HORASEXTRAS,INVALID,2026-03-31 19:19:33,2026-03-31 20:08:46
SYSTEM,VIEW,VW_RHH_DETALLE_LIQUIDACION,INVALID,2026-03-31 19:19:33,2026-03-31 20:08:47
SYSTEM,VIEW,VW_RHH_DETALLE_VACACIONES,INVALID,2026-03-31 19:19:32,2026-03-31 20:08:47
SYSTEM,VIEW,VW_RHH_DETALLE_VCTO,INVALID,2026-03-31 19:19:32,2026-03-31 20:08:47
SYSTEM,VIEW,VW_RHH_GASTOSPERSONAL,INVALID,2026-03-31 19:19:32,2026-03-31 20:08:47
SYSTEM,VIEW,VW_RHH_INGRESOEGRESO,INVALID,2026-03-31 19:19:33,2026-03-31 20:08:47
SYSTEM,VIEW,VW_RHH_LIQUIDACIONEMPLEADOS,INVALID,2026-03-31 19:19:33,2026-03-31 20:08:47
SYSTEM,VIEW,VW_RHH_ROLDEPAGOS,INVALID,2026-03-31 19:19:33,2026-03-31 20:08:47
SYSTEM,VIEW,VW_UNIDADES_NEGOCIO,INVALID,2026-03-31 19:19:32,2026-03-31 20:08:47
SYSTEM,VIEW,VW_VEN_CABECERA_ANTICIPO,INVALID,2026-03-31 19:19:33,2026-03-31 20:08:47
SYSTEM,VIEW,VW_VEN_CABECERA_CHEQUES,INVALID,2026-03-31 19:19:32,2026-03-31 20:08:47
SYSTEM,VIEW,VW_VEN_CABECERA_CLIENTE,INVALID,2026-03-31 19:19:32,2026-03-31 20:08:47
SYSTEM,VIEW,VW_VEN_CABECERA_NOTASCREDITO,INVALID,2026-03-31 19:19:32,2026-03-31 20:08:47
SYSTEM,VIEW,VW_VEN_CABECERA_OTROSDEBITOS,INVALID,2026-03-31 19:19:32,2026-03-31 20:08:47
SYSTEM,VIEW,VW_VEN_CABECERA_PLANCOBRO,INVALID,2026-03-31 19:19:32,2026-03-31 20:08:47
SYSTEM,VIEW,VW_VEN_CABECERA_PROFORMA,INVALID,2026-03-31 19:19:32,2026-03-31 20:08:47
SYSTEM,VIEW,VW_VEN_CABECERA_SOLICITUDCRED,INVALID,2026-03-31 19:19:32,2026-03-31 20:08:47
SYSTEM,VIEW,VW_VENDEDOR_COBROS,INVALID,2026-03-31 19:19:32,2026-03-31 20:08:47
SYSTEM,VIEW,VW_VENDEDORES_REPORTES,INVALID,2026-03-31 19:19:32,2026-03-31 20:08:47
SYSTEM,VIEW,VW_VEN_DETALLE_ANTICIPO,INVALID,2026-03-31 19:19:32,2026-03-31 20:08:47
SYSTEM,VIEW,VW_VEN_DETALLE_OTROSDEBITOS,INVALID,2026-03-31 19:19:33,2026-03-31 20:08:47
SYSTEM,VIEW,VW_VEN_DETALLE_PLANCOBRO,INVALID,2026-03-31 19:19:32,2026-03-31 20:08:47
SYSTEM,VIEW,VW_VEN_DETALLE_PROFORMA,INVALID,2026-03-31 19:19:32,2026-03-31 20:08:47
SYSTEM,VIEW,VW_VEN_DETALLE_SOLICITUDCRED,INVALID,2026-03-31 19:19:33,2026-03-31 20:08:48
SYSTEM,VIEW,VW_VEN_LISTAPRECIO,INVALID,2026-03-31 19:19:32,2026-03-31 20:08:48
SYSTEM,VIEW,VW_VEN_NOTASCREDITO,INVALID,2026-03-31 19:19:32,2026-03-31 20:08:48
SYSTEM,VIEW,VW_VEN_PRESUPUESTOVENTA,INVALID,2026-03-31 19:19:32,2026-03-31 20:08:48
SYSTEM,VIEW,VW_VEN_RUTEROVISITA,INVALID,2026-03-31 19:19:32,2026-03-31 20:08:48
SYSTEM,VIEW,VW_VENTAS,INVALID,2026-03-31 19:19:31,2026-03-31 20:08:47
SYSTEM,VIEW,VW_VENTAS_AFJ,INVALID,2026-03-31 19:19:31,2026-03-31 20:08:47
SYSTEM,VIEW,VW_VEN_VENDEDORCOBRADOR,INVALID,2026-03-31 19:19:32,2026-03-31 20:08:48
SYSTEM,VIEW,VW_VEN_VENTASPERDIDAS,INVALID,2026-03-31 19:19:32,2026-03-31 20:08:48
SYSTEM,VIEW,VW_VEN_VENTAS_R,INVALID,2026-03-31 19:19:32,2026-03-31 20:08:48
SYSTEM,VIEW,VW_VEN_ZONAS,INVALID,2026-03-31 19:19:32,2026-03-31 20:08:48
