OWNER,TABLE_NAME,TABLESPACE_NAME,NUM_ROWS,BLOCKS,LAST_ANALYZED
SYSTEM,ADM_DETAUTOR,SYSTEM,0,0,2026-03-31 19:13:17
SYSTEM,AFJ_AFDETMOV,SYSTEM,0,0,2026-03-31 19:13:18
SYSTEM,AFJ_DETALLE,SYSTEM,7,5,2026-03-31 19:13:23
SYSTEM,ALM_DETABASC,SYSTEM,0,0,2026-03-31 19:13:29
SYSTEM,ALM_DETADESP,SYSTEM,7415,244,2026-03-31 19:13:30
SYSTEM,ALM_DETALOTE,SYSTEM,55535,622,2026-03-31 19:13:31
SYSTEM,ALM_DETAMOVI,SYSTEM,77963,2782,2026-03-31 19:13:35
SYSTEM,ALM_DETAMOVI_BK,SYSTEM,6615,202,2026-03-31 19:13:37
SYSTEM,ALM_DETAPLAN,SYSTEM,0,0,2026-03-31 19:13:38
SYSTEM,ALM_DETAPROY,SYSTEM,0,0,2026-03-31 19:13:38
SYSTEM,ALM_DETAREQU,SYSTEM,40,5,2026-03-31 19:13:38
SYSTEM,ALM_DETARTLL,SYSTEM,0,60,2026-03-31 19:13:39
SYSTEM,ALM_DETATOFI,SYSTEM,0,0,2026-03-31 19:13:39
SYSTEM,ALM_PROYPROD,SYSTEM,0,0,2026-03-31 19:13:46
SYSTEM,ALM_TMPDETALOTE,SYSTEM,12392,118,2026-03-31 19:13:48
SYSTEM,ALM_TMPDETAMOVI,SYSTEM,31121,1000,2026-03-31 19:13:49
SYSTEM,AUX_CLIENTE,SYSTEM,1358,250,2026-03-31 19:13:55
SYSTEM,AUX_INVENTARIO,SYSTEM,957,39,2026-03-31 19:13:55
SYSTEM,AUX_INVENTARIO_OB,SYSTEM,130,5,2026-03-31 19:13:56
SYSTEM,AUX_SALDO_CLIENTE,SYSTEM,620,5,2026-03-31 19:13:57
SYSTEM,AUX_VENTAS,SYSTEM,0,5,2026-03-31 19:13:57
SYSTEM,AUX_VENTASFAMP,SYSTEM,33465,1438,2026-03-31 19:13:58
SYSTEM,BAK_ALM_DETALOTEJUL2023,SYSTEM,17347,179,2026-03-31 19:13:58
SYSTEM,BAK_ALM_DETALOTE_2182023_951AM,SYSTEM,19022,195,2026-03-31 19:13:58
SYSTEM,BAK_ALM_DETAMOVI_16112022,SYSTEM,4733,146,2026-03-31 19:13:59
SYSTEM,BAK_ALM_DETAMOVI_2182023_951AM,SYSTEM,20365,680,2026-03-31 19:14:00
SYSTEM,BAK_ALM_TMPDETALOTE21082023,SYSTEM,4396,47,2026-03-31 19:14:01
SYSTEM,BAK_AUX_VENTASFAMP,SYSTEM,32188,789,2026-03-31 19:14:03
SYSTEM,CLI_ACTIVCLIEN,SYSTEM,0,0,2026-03-31 19:14:13
SYSTEM,CLI_DETAINGEGR,SYSTEM,10,5,2026-03-31 19:14:17
SYSTEM,CLI_DETALINE,SYSTEM,0,5,2026-03-31 19:14:17
SYSTEM,CLI_DETAVISITA,SYSTEM,0,0,2026-03-31 19:14:17
SYSTEM,CLIENTE_AUX,SYSTEM,1961,13,2026-03-31 19:14:13
SYSTEM,CLI_PROPICLIEN,SYSTEM,4,5,2026-03-31 19:14:25
SYSTEM,CNT_DETASIENTO,SYSTEM,155399,2014,2026-03-31 19:14:42
SYSTEM,CNT_DETIPIMP,SYSTEM,12,5,2026-03-31 19:14:43
SYSTEM,COB_DETACHEQ,SYSTEM,0,0,2026-03-31 19:14:50
SYSTEM,COB_DETACOBRO,SYSTEM,12058,376,2026-03-31 19:14:51
SYSTEM,COB_DETADEBI,SYSTEM,0,5,2026-03-31 19:14:51
SYSTEM,COM_DETACOMP,SYSTEM,0,0,2026-03-31 19:14:55
SYSTEM,COM_DETASOLI,SYSTEM,0,0,2026-03-31 19:14:56
SYSTEM,COM_DETORDCP,SYSTEM,0,0,2026-03-31 19:14:56
SYSTEM,COM_PLANPAGO,SYSTEM,10249,376,2026-03-31 19:14:58
SYSTEM,COM_TMPCOMPRAS,SYSTEM,9895,622,2026-03-31 19:15:00
SYSTEM,CST_DETARECT,SYSTEM,0,5,2026-03-31 19:15:02
SYSTEM,CST_DETCENCS,SYSTEM,0,0,2026-03-31 19:15:03
SYSTEM,CST_ORDEPROD,SYSTEM,0,28,2026-03-31 19:15:03
SYSTEM,CST_PRODUCCN,SYSTEM,0,0,2026-03-31 19:15:04
SYSTEM,CST_SIMUDETA,SYSTEM,0,0,2026-03-31 19:15:05
SYSTEM,CST_VARIPROD,SYSTEM,0,0,2026-03-31 19:15:06
SYSTEM,DWH_VENTAS,SYSTEM,27115,2386,2026-03-31 19:15:09
SYSTEM,DWH_VENTAS_081124,SYSTEM,15109,1318,2026-03-31 19:15:10
SYSTEM,ECL_DETAFORMU,SYSTEM,789,13,2026-03-31 19:15:12
SYSTEM,ECT_DETADECLA,SYSTEM,0,0,2026-03-31 19:15:13
SYSTEM,GEN_FORMPAGO,SYSTEM,36,5,2026-03-31 19:15:18
SYSTEM,GEN_PERIPAGO,SYSTEM,14,5,2026-03-31 19:15:21
SYSTEM,GEN_PRODUCTOS,SYSTEM,24,5,2026-03-31 19:17:28
SYSTEM,GEN_TIPOPAGO,SYSTEM,2,5,2026-03-31 19:17:34
SYSTEM,IMP_DENOTAPEDI,SYSTEM,0,0,2026-03-31 19:17:37
SYSTEM,IMP_NOTAPEDI,SYSTEM,0,0,2026-03-31 19:17:40
SYSTEM,INF_DETAEQUI,SYSTEM,0,0,2026-03-31 19:17:43
SYSTEM,PAG_DETAPAGO,SYSTEM,9994,244,2026-03-31 19:17:48
SYSTEM,PRT_DETASIENTO,SYSTEM,0,0,2026-03-31 19:17:54
SYSTEM,PRT_DETASOLI,SYSTEM,0,0,2026-03-31 19:17:54
SYSTEM,PRT_DETIPCAU,SYSTEM,0,0,2026-03-31 19:17:55
SYSTEM,PRT_SIMUDETA,SYSTEM,0,0,2026-03-31 19:18:00
SYSTEM,RHH_DETAPRES,SYSTEM,0,0,2026-03-31 19:18:10
SYSTEM,RHH_DETAVENC,SYSTEM,0,0,2026-03-31 19:18:10
SYSTEM,RHH_PAGOVACA,SYSTEM,0,5,2026-03-31 19:18:16
SYSTEM,RHH_PRODUCTOS,SYSTEM,0,0,2026-03-31 19:18:18
SYSTEM,SEG_PRODUCTO,SYSTEM,0,0,2026-03-31 19:18:31
SYSTEM,SEG_PRODUSUA,SYSTEM,0,5,2026-03-31 19:18:31
SYSTEM,SRI_DETALOGF,SYSTEM,231700,2638,2026-03-31 19:18:50
SYSTEM,SRI_LOGFACTU,SYSTEM,47408,3022,2026-03-31 19:18:51
SYSTEM,SRV_INDETEOB,SYSTEM,0,0,2026-03-31 19:18:53
SYSTEM,SRV_SEPRVDET,SYSTEM,0,0,2026-03-31 19:18:55
SYSTEM,TLL_DETAORDEN,SYSTEM,0,0,2026-03-31 19:18:57
SYSTEM,TLL_DETAREQUI,SYSTEM,0,0,2026-03-31 19:18:57
SYSTEM,TLL_ORDENTRC,SYSTEM,0,0,2026-03-31 19:18:58
SYSTEM,TLL_ORDETRAB,SYSTEM,0,0,2026-03-31 19:18:58
SYSTEM,TMP_DETAREQU,SYSTEM,0,0,2026-03-31 19:19:00
SYSTEM,VEN_DETAFACT,SYSTEM,0,0,2026-03-31 19:19:08
SYSTEM,VEN_DETAFLET,SYSTEM,148,5,2026-03-31 19:19:08
SYSTEM,VEN_DETAPROD,SYSTEM,2502,58,2026-03-31 19:19:09
SYSTEM,VEN_DETAPROF,SYSTEM,36051,874,2026-03-31 19:19:11
SYSTEM,VEN_DETARTPR,SYSTEM,0,0,2026-03-31 19:19:11
SYSTEM,VEN_GRPOVENT,SYSTEM,0,0,2026-03-31 19:19:13
SYSTEM,VEN_PLANPAGO,SYSTEM,0,0,2026-03-31 19:19:19
SYSTEM,VEN_TMPRETDETA,SYSTEM,0,0,2026-03-31 19:19:28
SYSTEM,VEN_VENTAS,SYSTEM,7851,470,2026-03-31 19:28:02
SYSTEM,VEN_VENTPERD,SYSTEM,0,5,2026-03-31 19:19:30
