OWNER,CONSTRAINT_NAME,CONSTRAINT_TYPE,TABLE_NAME,STATUS,R_OWNER,R_CONSTRAINT_NAME,DELETE_RULE,SEARCH_CONDITION_VC
SYSTEM,DTAU_AUTO_FK,R,ADM_DETAUTOR,ENABLED,SYSTEM,AUTO_PK,NO ACTION,
SYSTEM,DTAU_PK,P,ADM_DETAUTOR,ENABLED,,,,
SYSTEM,SYS_C008369,C,ADM_DETAUTOR,ENABLED,,,,"""AUTO_AUTO_ID"" IS NOT NULL"
SYSTEM,SYS_C008370,C,ADM_DETAUTOR,ENABLED,,,,"""DTAU_ID"" IS NOT NULL"
SYSTEM,SYS_C008371,C,ADM_DETAUTOR,ENABLED,,,,"""FECHCREA"" IS NOT NULL"
SYSTEM,SYS_C008372,C,ADM_DETAUTOR,ENABLED,,,,"""USUACREA"" IS NOT NULL"
SYSTEM,AFDM_AFRQ_FK,R,AFJ_AFDETMOV,ENABLED,SYSTEM,AFRQ_PK,NO ACTION,
SYSTEM,AFDM_INRN_FK,R,AFJ_AFDETMOV,ENABLED,SYSTEM,INRN_PK,NO ACTION,
SYSTEM,AFDM_MEMO_FK,R,AFJ_AFDETMOV,ENABLED,SYSTEM,MEMO_PK,NO ACTION,
SYSTEM,AFDM_PK,P,AFJ_AFDETMOV,ENABLED,,,,
SYSTEM,AFDM_RCDP_FK,R,AFJ_AFDETMOV,ENABLED,SYSTEM,RCDP_PK,NO ACTION,
SYSTEM,AFDM_STCT_FK,R,AFJ_AFDETMOV,ENABLED,SYSTEM,STCT_PK,NO ACTION,
SYSTEM,AFDM_UMED_FK,R,AFJ_AFDETMOV,ENABLED,SYSTEM,UMED_PK,NO ACTION,
SYSTEM,AVCON_1348580579_ENTRS_001,C,AFJ_AFDETMOV,ENABLED,,,,"ENTRSALE IN ('E', 'S')"
SYSTEM,AVCON_1348580579_VIGEN_000,C,AFJ_AFDETMOV,ENABLED,,,,"VIGENTE IN ('S', 'N')"
SYSTEM,SYS_C008390,C,AFJ_AFDETMOV,ENABLED,,,,"""AFDM_ID"" IS NOT NULL"
SYSTEM,SYS_C008391,C,AFJ_AFDETMOV,ENABLED,,,,"""FECHHORA"" IS NOT NULL"
SYSTEM,SYS_C008392,C,AFJ_AFDETMOV,ENABLED,,,,"""ENTRSALE"" IS NOT NULL"
SYSTEM,SYS_C008393,C,AFJ_AFDETMOV,ENABLED,,,,"""UMED_UNIDMEDI"" IS NOT NULL"
SYSTEM,SYS_C008394,C,AFJ_AFDETMOV,ENABLED,,,,"""AFIJ_CODIGO"" IS NOT NULL"
SYSTEM,SYS_C008395,C,AFJ_AFDETMOV,ENABLED,,,,"""AFIJ_CLASE"" IS NOT NULL"
SYSTEM,SYS_C008396,C,AFJ_AFDETMOV,ENABLED,,,,"""AFIJ_COMPANIA"" IS NOT NULL"
SYSTEM,SYS_C008397,C,AFJ_AFDETMOV,ENABLED,,,,"""AFRQ_NUMERO"" IS NOT NULL"
SYSTEM,SYS_C008398,C,AFJ_AFDETMOV,ENABLED,,,,"""AFRQ_ENTRSALE"" IS NOT NULL"
SYSTEM,SYS_C008399,C,AFJ_AFDETMOV,ENABLED,,,,"""VIGENTE"" IS NOT NULL"
SYSTEM,SYS_C008400,C,AFJ_AFDETMOV,ENABLED,,,,"""USUACREA"" IS NOT NULL"
SYSTEM,SYS_C008401,C,AFJ_AFDETMOV,ENABLED,,,,"""FECHCREA"" IS NOT NULL"
SYSTEM,DAC1_ASTO_FK,R,AFJ_DETALLE,ENABLED,SYSTEM,ASTO_PK,NO ACTION,
SYSTEM,DAC1_MEMO_FK,R,AFJ_DETALLE,ENABLED,SYSTEM,MEMO_PK,NO ACTION,
SYSTEM,DAC1_PK,P,AFJ_DETALLE,ENABLED,,,,
SYSTEM,SYS_C008479,C,AFJ_DETALLE,ENABLED,,,,"""MEMO_MEMO_ID"" IS NOT NULL"
SYSTEM,SYS_C008480,C,AFJ_DETALLE,ENABLED,,,,"""DAC1_ID"" IS NOT NULL"
SYSTEM,SYS_C008481,C,AFJ_DETALLE,ENABLED,,,,"""FECHCREA"" IS NOT NULL"
SYSTEM,SYS_C008482,C,AFJ_DETALLE,ENABLED,,,,"""USUACREA"" IS NOT NULL"
SYSTEM,DTBA_PK,P,ALM_DETABASC,ENABLED,,,,
SYSTEM,DTBA_PRFM_FK,R,ALM_DETABASC,ENABLED,SYSTEM,PRFM_PK,NO ACTION,
SYSTEM,DTBA_UMED_FK,R,ALM_DETABASC,ENABLED,SYSTEM,UMED_PK,NO ACTION,
SYSTEM,SYS_C008647,C,ALM_DETABASC,ENABLED,,,,"""FECHINGRE"" IS NOT NULL"
SYSTEM,SYS_C008648,C,ALM_DETABASC,ENABLED,,,,"""PESOTARA"" IS NOT NULL"
SYSTEM,SYS_C008649,C,ALM_DETABASC,ENABLED,,,,"""VALOPESO"" IS NOT NULL"
SYSTEM,SYS_C008650,C,ALM_DETABASC,ENABLED,,,,"""DTBA_ID"" IS NOT NULL"
SYSTEM,SYS_C008651,C,ALM_DETABASC,ENABLED,,,,"""FECHCREA"" IS NOT NULL"
SYSTEM,SYS_C008652,C,ALM_DETABASC,ENABLED,,,,"""USUACREA"" IS NOT NULL"
SYSTEM,SYS_C008653,C,ALM_DETABASC,ENABLED,,,,"""UMED_UNIDMEDI"" IS NOT NULL"
SYSTEM,SYS_C008654,C,ALM_DETABASC,ENABLED,,,,"""PESOINGR"" IS NOT NULL"
SYSTEM,SYS_C008655,C,ALM_DETABASC,ENABLED,,,,"""PESOSALE"" IS NOT NULL"
SYSTEM,DTPS_DSPO_FK,R,ALM_DETADESP,ENABLED,SYSTEM,DSPO_PK,NO ACTION,
SYSTEM,DTPS_EGEN_FK,R,ALM_DETADESP,ENABLED,SYSTEM,EGEN_PK,NO ACTION,
SYSTEM,DTPS_PK,P,ALM_DETADESP,ENABLED,,,,
SYSTEM,SYS_C008658,C,ALM_DETADESP,ENABLED,,,,"""EGEN_ESTADO"" IS NOT NULL"
SYSTEM,SYS_C008659,C,ALM_DETADESP,ENABLED,,,,"""DTPS_ID"" IS NOT NULL"
SYSTEM,SYS_C008660,C,ALM_DETADESP,ENABLED,,,,"""IDCLIENTE"" IS NOT NULL"
SYSTEM,SYS_C008661,C,ALM_DETADESP,ENABLED,,,,"""NOMBRE"" IS NOT NULL"
SYSTEM,SYS_C008662,C,ALM_DETADESP,ENABLED,,,,"""COMPANIA"" IS NOT NULL"
SYSTEM,SYS_C008663,C,ALM_DETADESP,ENABLED,,,,"""OFICINA"" IS NOT NULL"
SYSTEM,SYS_C008664,C,ALM_DETADESP,ENABLED,,,,"""SERIE"" IS NOT NULL"
SYSTEM,SYS_C008665,C,ALM_DETADESP,ENABLED,,,,"""FACTURA"" IS NOT NULL"
SYSTEM,SYS_C008666,C,ALM_DETADESP,ENABLED,,,,"""TIPOCOM"" IS NOT NULL"
SYSTEM,SYS_C008667,C,ALM_DETADESP,ENABLED,,,,"""FFACTURA"" IS NOT NULL"
SYSTEM,SYS_C008668,C,ALM_DETADESP,ENABLED,,,,"""CSTOFLET"" IS NOT NULL"
SYSTEM,SYS_C008669,C,ALM_DETADESP,ENABLED,,,,"""DESTINO"" IS NOT NULL"
SYSTEM,SYS_C008670,C,ALM_DETADESP,ENABLED,,,,"""TIPODIRECCION"" IS NOT NULL"
SYSTEM,SYS_C008671,C,ALM_DETADESP,ENABLED,,,,"""USUACREA"" IS NOT NULL"
SYSTEM,SYS_C008672,C,ALM_DETADESP,ENABLED,,,,"""FECHCREA"" IS NOT NULL"
SYSTEM,SYS_C008673,C,ALM_DETADESP,ENABLED,,,,"""DSPO_NUMERO"" IS NOT NULL"
SYSTEM,DTLT_DTMV_FK,R,ALM_DETALOTE,ENABLED,SYSTEM,DTMV_PK,CASCADE,
SYSTEM,DTLT_LOTE_FK,R,ALM_DETALOTE,ENABLED,SYSTEM,LOTE_PK,NO ACTION,
SYSTEM,DTLT_PK,P,ALM_DETALOTE,ENABLED,,,,
SYSTEM,SYS_C008676,C,ALM_DETALOTE,ENABLED,,,,"""DTLT_ID"" IS NOT NULL"
SYSTEM,SYS_C008677,C,ALM_DETALOTE,ENABLED,,,,"""LOTE_COMPANIA"" IS NOT NULL"
SYSTEM,SYS_C008678,C,ALM_DETALOTE,ENABLED,,,,"""LOTE_NUMELOTE"" IS NOT NULL"
SYSTEM,SYS_C008679,C,ALM_DETALOTE,ENABLED,,,,"""DTMV_DTMV_ID"" IS NOT NULL"
SYSTEM,SYS_C008680,C,ALM_DETALOTE,ENABLED,,,,"""FECHCREA"" IS NOT NULL"
SYSTEM,SYS_C008681,C,ALM_DETALOTE,ENABLED,,,,"""USUACREA"" IS NOT NULL"
SYSTEM,SYS_C008682,C,ALM_DETALOTE,ENABLED,,,,"""LOTE_ALCANCE"" IS NOT NULL"
SYSTEM,AVCON_1220130717_ENTRS_000,C,ALM_DETAMOVI,ENABLED,,,,"ENTRSALI IN ('E', 'S')"
SYSTEM,AVCON_1220130717_PROMO_001,C,ALM_DETAMOVI,ENABLED,,,,"PROMOCION IN ('S', 'N')"
SYSTEM,AVCON_1220130717_PRORA_001,C,ALM_DETAMOVI,ENABLED,,,,"PRORATEO IN ('S', 'N')"
SYSTEM,AVCON_1685311051_COMBO_001,C,ALM_DETAMOVI,ENABLED,,,,"COMBO IN ('S', 'N')"
SYSTEM,DTMV_DCAM_FK,R,ALM_DETAMOVI,ENABLED,SYSTEM,DCAM_PK,NO ACTION,
SYSTEM,DTMV_DREQ_FK,R,ALM_DETAMOVI,ENABLED,SYSTEM,DREQ_PK,NO ACTION,
SYSTEM,DTMV_DTMV_FK,R,ALM_DETAMOVI,ENABLED,SYSTEM,DTMV_PK,NO ACTION,
SYSTEM,DTMV_ENSA_FK,R,ALM_DETAMOVI,ENABLED,SYSTEM,ENSA_PK,NO ACTION,
SYSTEM,DTMV_IMPT_FK,R,ALM_DETAMOVI,ENABLED,SYSTEM,IMPT_PK,NO ACTION,
SYSTEM,DTMV_NCCL_FK,R,ALM_DETAMOVI,ENABLED,SYSTEM,NCCL_PK,NO ACTION,
SYSTEM,DTMV_NCPR_FK,R,ALM_DETAMOVI,ENABLED,SYSTEM,NCPR_PK,NO ACTION,
SYSTEM,DTMV_PK,P,ALM_DETAMOVI,ENABLED,,,,
SYSTEM,DTMV_RCTA_FK,R,ALM_DETAMOVI,ENABLED,SYSTEM,RCTA_PK,NO ACTION,
SYSTEM,DTMV_SECC_FK,R,ALM_DETAMOVI,ENABLED,SYSTEM,SECC_PK,NO ACTION,
SYSTEM,DTMV_UMED_FK,R,ALM_DETAMOVI,ENABLED,SYSTEM,UMED_PK,NO ACTION,
SYSTEM,DTMV_UMED_FK2,R,ALM_DETAMOVI,ENABLED,SYSTEM,UMED_PK,NO ACTION,
SYSTEM,DTMV_VNTA_FK,R,ALM_DETAMOVI,ENABLED,SYSTEM,VNTA_PK,NO ACTION,
SYSTEM,SYS_C008685,C,ALM_DETAMOVI,ENABLED,,,,"""ENTRSALI"" IS NOT NULL"
SYSTEM,SYS_C008686,C,ALM_DETAMOVI,ENABLED,,,,"""DTMV_ID"" IS NOT NULL"
SYSTEM,SYS_C008687,C,ALM_DETAMOVI,ENABLED,,,,"""UMED_UNIDMEDI"" IS NOT NULL"
SYSTEM,SYS_C008688,C,ALM_DETAMOVI,ENABLED,,,,"""VALOR"" IS NOT NULL"
SYSTEM,SYS_C008689,C,ALM_DETAMOVI,ENABLED,,,,"""CANTIDAD"" IS NOT NULL"
SYSTEM,SYS_C008690,C,ALM_DETAMOVI,ENABLED,,,,"""PRECUNIT"" IS NOT NULL"
SYSTEM,SYS_C008691,C,ALM_DETAMOVI,ENABLED,,,,"""COSTUNIT"" IS NOT NULL"
SYSTEM,SYS_C008692,C,ALM_DETAMOVI,ENABLED,,,,"""USUACREA"" IS NOT NULL"
SYSTEM,SYS_C008693,C,ALM_DETAMOVI,ENABLED,,,,"""FECHCREA"" IS NOT NULL"
SYSTEM,SYS_C008694,C,ALM_DETAMOVI,ENABLED,,,,"""SECC_CODIBODE"" IS NOT NULL"
SYSTEM,SYS_C008695,C,ALM_DETAMOVI,ENABLED,,,,"""SECC_COMPANIA"" IS NOT NULL"
SYSTEM,SYS_C008696,C,ALM_DETAMOVI,ENABLED,,,,"""SECC_CODISECC"" IS NOT NULL"
SYSTEM,SYS_C008697,C,ALM_DETAMOVI,ENABLED,,,,"""SECC_OFICINA"" IS NOT NULL"
SYSTEM,SYS_C008698,C,ALM_DETAMOVI,ENABLED,,,,"""ARTL_CODIGRUP"" IS NOT NULL"
SYSTEM,SYS_C008699,C,ALM_DETAMOVI,ENABLED,,,,"""ARTL_CLASE"" IS NOT NULL"
SYSTEM,SYS_C008700,C,ALM_DETAMOVI,ENABLED,,,,"""ARTL_COMPANIA"" IS NOT NULL"
SYSTEM,SYS_C008701,C,ALM_DETAMOVI,ENABLED,,,,"""ARTL_ARTICULO"" IS NOT NULL"
SYSTEM,SYS_C008702,C,ALM_DETAMOVI,ENABLED,,,,"""PROMOCION"" IS NOT NULL"
SYSTEM,SYS_C008703,C,ALM_DETAMOVI,ENABLED,,,,"""PRORATEO"" IS NOT NULL"
SYSTEM,SYS_C008704,C,ALM_DETAMOVI,ENABLED,,,,"""VALDESC"" IS NOT NULL"
SYSTEM,SYS_C008705,C,ALM_DETAMOVI,ENABLED,,,,"""COMBO"" IS NOT NULL"
SYSTEM,SYS_C008712,C,ALM_DETAMOVI_BK,ENABLED,,,,"""ENTRSALI"" IS NOT NULL"
SYSTEM,SYS_C008713,C,ALM_DETAMOVI_BK,ENABLED,,,,"""DTMV_ID"" IS NOT NULL"
SYSTEM,SYS_C008714,C,ALM_DETAMOVI_BK,ENABLED,,,,"""UMED_UNIDMEDI"" IS NOT NULL"
SYSTEM,SYS_C008715,C,ALM_DETAMOVI_BK,ENABLED,,,,"""VALOR"" IS NOT NULL"
SYSTEM,SYS_C008716,C,ALM_DETAMOVI_BK,ENABLED,,,,"""CANTIDAD"" IS NOT NULL"
SYSTEM,SYS_C008717,C,ALM_DETAMOVI_BK,ENABLED,,,,"""PRECUNIT"" IS NOT NULL"
SYSTEM,SYS_C008718,C,ALM_DETAMOVI_BK,ENABLED,,,,"""COSTUNIT"" IS NOT NULL"
SYSTEM,SYS_C008719,C,ALM_DETAMOVI_BK,ENABLED,,,,"""USUACREA"" IS NOT NULL"
SYSTEM,SYS_C008720,C,ALM_DETAMOVI_BK,ENABLED,,,,"""FECHCREA"" IS NOT NULL"
SYSTEM,SYS_C008721,C,ALM_DETAMOVI_BK,ENABLED,,,,"""SECC_CODIBODE"" IS NOT NULL"
SYSTEM,SYS_C008722,C,ALM_DETAMOVI_BK,ENABLED,,,,"""SECC_COMPANIA"" IS NOT NULL"
SYSTEM,SYS_C008723,C,ALM_DETAMOVI_BK,ENABLED,,,,"""SECC_CODISECC"" IS NOT NULL"
SYSTEM,SYS_C008724,C,ALM_DETAMOVI_BK,ENABLED,,,,"""SECC_OFICINA"" IS NOT NULL"
SYSTEM,SYS_C008725,C,ALM_DETAMOVI_BK,ENABLED,,,,"""ARTL_CODIGRUP"" IS NOT NULL"
SYSTEM,SYS_C008726,C,ALM_DETAMOVI_BK,ENABLED,,,,"""ARTL_CLASE"" IS NOT NULL"
SYSTEM,SYS_C008727,C,ALM_DETAMOVI_BK,ENABLED,,,,"""ARTL_COMPANIA"" IS NOT NULL"
SYSTEM,SYS_C008728,C,ALM_DETAMOVI_BK,ENABLED,,,,"""ARTL_ARTICULO"" IS NOT NULL"
SYSTEM,SYS_C008729,C,ALM_DETAMOVI_BK,ENABLED,,,,"""PROMOCION"" IS NOT NULL"
SYSTEM,SYS_C008730,C,ALM_DETAMOVI_BK,ENABLED,,,,"""PRORATEO"" IS NOT NULL"
SYSTEM,SYS_C008731,C,ALM_DETAMOVI_BK,ENABLED,,,,"""VALDESC"" IS NOT NULL"
SYSTEM,DTPL_PK_1,P,ALM_DETAPLAN,ENABLED,,,,
SYSTEM,DTPL_PLIM_FK,R,ALM_DETAPLAN,ENABLED,SYSTEM,PLIM_PK,NO ACTION,
SYSTEM,SYS_C008732,C,ALM_DETAPLAN,ENABLED,,,,"""PLIM_CODIGO"" IS NOT NULL"
SYSTEM,SYS_C008733,C,ALM_DETAPLAN,ENABLED,,,,"""DTPL_ID"" IS NOT NULL"
SYSTEM,SYS_C008734,C,ALM_DETAPLAN,ENABLED,,,,"""CANTIDAD"" IS NOT NULL"
SYSTEM,SYS_C008735,C,ALM_DETAPLAN,ENABLED,,,,"""USUACREA"" IS NOT NULL"
SYSTEM,SYS_C008736,C,ALM_DETAPLAN,ENABLED,,,,"""FECHCREA"" IS NOT NULL"
SYSTEM,DPRO_PK,P,ALM_DETAPROY,ENABLED,,,,
SYSTEM,DPRO_PRPD_FK,R,ALM_DETAPROY,ENABLED,SYSTEM,PRPD_PK,NO ACTION,
SYSTEM,SYS_C008739,C,ALM_DETAPROY,ENABLED,,,,"""DPRO_ID"" IS NOT NULL"
SYSTEM,SYS_C008740,C,ALM_DETAPROY,ENABLED,,,,"""NUMEPARA"" IS NOT NULL"
SYSTEM,SYS_C008741,C,ALM_DETAPROY,ENABLED,,,,"""FECHCREA"" IS NOT NULL"
SYSTEM,SYS_C008742,C,ALM_DETAPROY,ENABLED,,,,"""USUACREA"" IS NOT NULL"
SYSTEM,SYS_C008743,C,ALM_DETAPROY,ENABLED,,,,"""ARTL_CLASE"" IS NOT NULL"
SYSTEM,SYS_C008744,C,ALM_DETAPROY,ENABLED,,,,"""ARTL_CODIGRUP"" IS NOT NULL"
SYSTEM,SYS_C008745,C,ALM_DETAPROY,ENABLED,,,,"""ARTL_ARTICULO"" IS NOT NULL"
SYSTEM,SYS_C008746,C,ALM_DETAPROY,ENABLED,,,,"""ARTL_COMPANIA"" IS NOT NULL"
SYSTEM,SYS_C008747,C,ALM_DETAPROY,ENABLED,,,,"""RCTA_RCTA_ID"" IS NOT NULL"
SYSTEM,SYS_C008748,C,ALM_DETAPROY,ENABLED,,,,"""PRPD_PRPD_ID"" IS NOT NULL"
SYSTEM,DREQ_PK,P,ALM_DETAREQU,ENABLED,,,,
SYSTEM,DREQ_REQU_FK,R,ALM_DETAREQU,ENABLED,SYSTEM,REQU_PK,NO ACTION,
SYSTEM,DREQ_SECC_FK,R,ALM_DETAREQU,ENABLED,SYSTEM,SECC_PK,NO ACTION,
SYSTEM,SYS_C008751,C,ALM_DETAREQU,ENABLED,,,,"""DREQ_ID"" IS NOT NULL"
SYSTEM,SYS_C008752,C,ALM_DETAREQU,ENABLED,,,,"""CANTSOLI"" IS NOT NULL"
SYSTEM,SYS_C008753,C,ALM_DETAREQU,ENABLED,,,,"""COSTUNIT"" IS NOT NULL"
SYSTEM,SYS_C008754,C,ALM_DETAREQU,ENABLED,,,,"""PRECVENT"" IS NOT NULL"
SYSTEM,SYS_C008755,C,ALM_DETAREQU,ENABLED,,,,"""REQU_OFICINA"" IS NOT NULL"
SYSTEM,SYS_C008756,C,ALM_DETAREQU,ENABLED,,,,"""REQU_NUMERO"" IS NOT NULL"
SYSTEM,SYS_C008757,C,ALM_DETAREQU,ENABLED,,,,"""REQU_COMPANIA"" IS NOT NULL"
SYSTEM,SYS_C008758,C,ALM_DETAREQU,ENABLED,,,,"""ARTL_ARTICULO"" IS NOT NULL"
SYSTEM,SYS_C008759,C,ALM_DETAREQU,ENABLED,,,,"""ARTL_CODIGRUP"" IS NOT NULL"
SYSTEM,SYS_C008760,C,ALM_DETAREQU,ENABLED,,,,"""ARTL_CLASE"" IS NOT NULL"
SYSTEM,SYS_C008761,C,ALM_DETAREQU,ENABLED,,,,"""ARTL_COMPANIA"" IS NOT NULL"
SYSTEM,SYS_C008762,C,ALM_DETAREQU,ENABLED,,,,"""FECHCREA"" IS NOT NULL"
SYSTEM,SYS_C008763,C,ALM_DETAREQU,ENABLED,,,,"""USUACREA"" IS NOT NULL"
SYSTEM,SYS_C008764,C,ALM_DETAREQU,ENABLED,,,,"""CANTFACT"" IS NOT NULL"
SYSTEM,SYS_C008765,C,ALM_DETAREQU,ENABLED,,,,"""REQU_TIPODOCU"" IS NOT NULL"
SYSTEM,AVCON_1540333190_VIGEN_001,C,ALM_DETARTLL,ENABLED,,,,"VIGENTE IN ('S', 'N')"
SYSTEM,DATLL_PK,P,ALM_DETARTLL,ENABLED,,,,
SYSTEM,DATLL_TLLA_FK,R,ALM_DETARTLL,ENABLED,SYSTEM,TLLA_PK,NO ACTION,
SYSTEM,SYS_C008768,C,ALM_DETARTLL,ENABLED,,,,"""DATLL_ID"" IS NOT NULL"
SYSTEM,SYS_C008769,C,ALM_DETARTLL,ENABLED,,,,"""ARTL_ARTICULO"" IS NOT NULL"
SYSTEM,SYS_C008770,C,ALM_DETARTLL,ENABLED,,,,"""ARTL_CLASE"" IS NOT NULL"
SYSTEM,SYS_C008771,C,ALM_DETARTLL,ENABLED,,,,"""ARTL_COMPANIA"" IS NOT NULL"
SYSTEM,SYS_C008772,C,ALM_DETARTLL,ENABLED,,,,"""ARTL_CODIGRUP"" IS NOT NULL"
SYSTEM,SYS_C008773,C,ALM_DETARTLL,ENABLED,,,,"""TLLA_ID_TLLA"" IS NOT NULL"
SYSTEM,SYS_C008774,C,ALM_DETARTLL,ENABLED,,,,"""FECHCREA"" IS NOT NULL"
SYSTEM,SYS_C008775,C,ALM_DETARTLL,ENABLED,,,,"""USUACREA"" IS NOT NULL"
SYSTEM,SYS_C008776,C,ALM_DETARTLL,ENABLED,,,,"""VIGENTE"" IS NOT NULL"
SYSTEM,ADTF_ATFS_FK,R,ALM_DETATOFI,ENABLED,SYSTEM,ATFS_PK,NO ACTION,
SYSTEM,ADTF_ENSA_FK,R,ALM_DETATOFI,ENABLED,SYSTEM,ENSA_PK,NO ACTION,
SYSTEM,ADTF_PK,P,ALM_DETATOFI,ENABLED,,,,
SYSTEM,ADTF_SECC_FK,R,ALM_DETATOFI,ENABLED,SYSTEM,SECC_PK,NO ACTION,
SYSTEM,AVCON_1687816102_AJUST_000,C,ALM_DETATOFI,ENABLED,,,,"AJUSTE IN ('S', 'N')"
SYSTEM,SYS_C008780,C,ALM_DETATOFI,ENABLED,,,,"""ADTF_ID"" IS NOT NULL"
SYSTEM,SYS_C008781,C,ALM_DETATOFI,ENABLED,,,,"""CANTIDAD"" IS NOT NULL"
SYSTEM,SYS_C008782,C,ALM_DETATOFI,ENABLED,,,,"""COSTUNIT"" IS NOT NULL"
SYSTEM,SYS_C008783,C,ALM_DETATOFI,ENABLED,,,,"""AJUSTE"" IS NOT NULL"
SYSTEM,SYS_C008784,C,ALM_DETATOFI,ENABLED,,,,"""VALOR"" IS NOT NULL"
SYSTEM,SYS_C008785,C,ALM_DETATOFI,ENABLED,,,,"""ARTL_COMPANIA"" IS NOT NULL"
SYSTEM,SYS_C008786,C,ALM_DETATOFI,ENABLED,,,,"""ARTL_CLASE"" IS NOT NULL"
SYSTEM,SYS_C008787,C,ALM_DETATOFI,ENABLED,,,,"""ARTL_CODIGRUP"" IS NOT NULL"
SYSTEM,SYS_C008788,C,ALM_DETATOFI,ENABLED,,,,"""ARTL_ARTICULO"" IS NOT NULL"
SYSTEM,SYS_C008789,C,ALM_DETATOFI,ENABLED,,,,"""ATFS_OFICINA"" IS NOT NULL"
SYSTEM,SYS_C008790,C,ALM_DETATOFI,ENABLED,,,,"""ATFS_COMPANIA"" IS NOT NULL"
SYSTEM,SYS_C008791,C,ALM_DETATOFI,ENABLED,,,,"""ATFS_TIPODOCU"" IS NOT NULL"
SYSTEM,SYS_C008792,C,ALM_DETATOFI,ENABLED,,,,"""ATFS_NUMERO"" IS NOT NULL"
SYSTEM,SYS_C008793,C,ALM_DETATOFI,ENABLED,,,,"""SECC_CODISECC"" IS NOT NULL"
SYSTEM,SYS_C008794,C,ALM_DETATOFI,ENABLED,,,,"""SECC_COMPANIA"" IS NOT NULL"
SYSTEM,SYS_C008795,C,ALM_DETATOFI,ENABLED,,,,"""SECC_CODIBODE"" IS NOT NULL"
SYSTEM,SYS_C008796,C,ALM_DETATOFI,ENABLED,,,,"""SECC_OFICINA"" IS NOT NULL"
SYSTEM,SYS_C008797,C,ALM_DETATOFI,ENABLED,,,,"""USUACREA"" IS NOT NULL"
SYSTEM,SYS_C008798,C,ALM_DETATOFI,ENABLED,,,,"""FECHCREA"" IS NOT NULL"
SYSTEM,AVCON_1640621493_VIGEN_001,C,ALM_PROYPROD,ENABLED,,,,"VIGENTE IN ('S', 'N')"
SYSTEM,PRPD_BDGA_FK,R,ALM_PROYPROD,ENABLED,SYSTEM,BDGA_PK,NO ACTION,
SYSTEM,PRPD_PK,P,ALM_PROYPROD,ENABLED,,,,
SYSTEM,SYS_C008985,C,ALM_PROYPROD,ENABLED,,,,"""PRPD_ID"" IS NOT NULL"
SYSTEM,SYS_C008986,C,ALM_PROYPROD,ENABLED,,,,"""VIGENTE"" IS NOT NULL"
SYSTEM,SYS_C008987,C,ALM_PROYPROD,ENABLED,,,,"""FECHA"" IS NOT NULL"
SYSTEM,SYS_C008988,C,ALM_PROYPROD,ENABLED,,,,"""FECHCREA"" IS NOT NULL"
SYSTEM,SYS_C008989,C,ALM_PROYPROD,ENABLED,,,,"""USUACREA"" IS NOT NULL"
SYSTEM,SYS_C008990,C,ALM_PROYPROD,ENABLED,,,,"""BDGA_CODIBODE"" IS NOT NULL"
SYSTEM,SYS_C008991,C,ALM_PROYPROD,ENABLED,,,,"""BDGA_OFCN_OFICINA"" IS NOT NULL"
SYSTEM,SYS_C008992,C,ALM_PROYPROD,ENABLED,,,,"""BDGA_OFCN_COMPANIA"" IS NOT NULL"
SYSTEM,SYS_C008993,C,ALM_PROYPROD,ENABLED,,,,"""OFCN_OFICINA"" IS NOT NULL"
SYSTEM,SYS_C008994,C,ALM_PROYPROD,ENABLED,,,,"""OFCN_CMPN_COMPANIA"" IS NOT NULL"
SYSTEM,SYS_C009049,C,ALM_TMPDETALOTE,ENABLED,,,,"""TDLT_ID"" IS NOT NULL"
SYSTEM,SYS_C009050,C,ALM_TMPDETALOTE,ENABLED,,,,"""CANTPARC"" IS NOT NULL"
SYSTEM,SYS_C009051,C,ALM_TMPDETALOTE,ENABLED,,,,"""FECHCREA"" IS NOT NULL"
SYSTEM,SYS_C009052,C,ALM_TMPDETALOTE,ENABLED,,,,"""USUACREA"" IS NOT NULL"
SYSTEM,SYS_C009053,C,ALM_TMPDETALOTE,ENABLED,,,,"""LOTE_NUMELOTE"" IS NOT NULL"
SYSTEM,SYS_C009054,C,ALM_TMPDETALOTE,ENABLED,,,,"""LOTE_COMPANIA"" IS NOT NULL"
SYSTEM,SYS_C009055,C,ALM_TMPDETALOTE,ENABLED,,,,"""LOTE_ALCANCE"" IS NOT NULL"
SYSTEM,TDLT_DPR_FK,R,ALM_TMPDETALOTE,ENABLED,SYSTEM,DPR_PK,NO ACTION,
SYSTEM,TDLT_DXML_FK,R,ALM_TMPDETALOTE,ENABLED,SYSTEM,DXML_PK,NO ACTION,
SYSTEM,TDLT_LOTE_FK,R,ALM_TMPDETALOTE,ENABLED,SYSTEM,LOTE_PK,NO ACTION,
SYSTEM,TDLT_PK,P,ALM_TMPDETALOTE,ENABLED,,,,
SYSTEM,DXML_CXML_FK,R,ALM_TMPDETAMOVI,ENABLED,SYSTEM,CXML_PK,NO ACTION,
SYSTEM,DXML_PK,P,ALM_TMPDETAMOVI,ENABLED,,,,
SYSTEM,SYS_C009058,C,ALM_TMPDETAMOVI,ENABLED,,,,"""DXML_ID"" IS NOT NULL"
SYSTEM,SYS_C009059,C,ALM_TMPDETAMOVI,ENABLED,,,,"""CANTIDAD"" IS NOT NULL"
SYSTEM,SYS_C009060,C,ALM_TMPDETAMOVI,ENABLED,,,,"""PRECUNIT"" IS NOT NULL"
SYSTEM,SYS_C009061,C,ALM_TMPDETAMOVI,ENABLED,,,,"""VALOR"" IS NOT NULL"
SYSTEM,SYS_C009062,C,ALM_TMPDETAMOVI,ENABLED,,,,"""COSTUNIT"" IS NOT NULL"
SYSTEM,SYS_C009063,C,ALM_TMPDETAMOVI,ENABLED,,,,"""TASAIVA"" IS NOT NULL"
SYSTEM,SYS_C009064,C,ALM_TMPDETAMOVI,ENABLED,,,,"""USUACREA"" IS NOT NULL"
SYSTEM,SYS_C009065,C,ALM_TMPDETAMOVI,ENABLED,,,,"""FECHCREA"" IS NOT NULL"
SYSTEM,SYS_C009165,C,AUX_INVENTARIO,ENABLED,,,,"""GRAR_CODIGRUP"" IS NOT NULL"
SYSTEM,SYS_C009166,C,AUX_INVENTARIO,ENABLED,,,,"""NOMBRE"" IS NOT NULL"
SYSTEM,SYS_C009173,C,AUX_VENTAS,ENABLED,,,,"""SERIE"" IS NOT NULL"
SYSTEM,SYS_C009174,C,AUX_VENTAS,ENABLED,,,,"""NUMERO"" IS NOT NULL"
SYSTEM,SYS_C009175,C,BAK_ALM_DETALOTEJUL2023,ENABLED,,,,"""DTLT_ID"" IS NOT NULL"
SYSTEM,SYS_C009176,C,BAK_ALM_DETALOTEJUL2023,ENABLED,,,,"""LOTE_COMPANIA"" IS NOT NULL"
SYSTEM,SYS_C009177,C,BAK_ALM_DETALOTEJUL2023,ENABLED,,,,"""LOTE_NUMELOTE"" IS NOT NULL"
SYSTEM,SYS_C009178,C,BAK_ALM_DETALOTEJUL2023,ENABLED,,,,"""DTMV_DTMV_ID"" IS NOT NULL"
SYSTEM,SYS_C009179,C,BAK_ALM_DETALOTEJUL2023,ENABLED,,,,"""FECHCREA"" IS NOT NULL"
SYSTEM,SYS_C009180,C,BAK_ALM_DETALOTEJUL2023,ENABLED,,,,"""USUACREA"" IS NOT NULL"
SYSTEM,SYS_C009181,C,BAK_ALM_DETALOTEJUL2023,ENABLED,,,,"""LOTE_ALCANCE"" IS NOT NULL"
SYSTEM,SYS_C009182,C,BAK_ALM_DETALOTE_2182023_951AM,ENABLED,,,,"""DTLT_ID"" IS NOT NULL"
SYSTEM,SYS_C009183,C,BAK_ALM_DETALOTE_2182023_951AM,ENABLED,,,,"""LOTE_COMPANIA"" IS NOT NULL"
SYSTEM,SYS_C009184,C,BAK_ALM_DETALOTE_2182023_951AM,ENABLED,,,,"""LOTE_NUMELOTE"" IS NOT NULL"
SYSTEM,SYS_C009185,C,BAK_ALM_DETALOTE_2182023_951AM,ENABLED,,,,"""DTMV_DTMV_ID"" IS NOT NULL"
SYSTEM,SYS_C009186,C,BAK_ALM_DETALOTE_2182023_951AM,ENABLED,,,,"""FECHCREA"" IS NOT NULL"
SYSTEM,SYS_C009187,C,BAK_ALM_DETALOTE_2182023_951AM,ENABLED,,,,"""USUACREA"" IS NOT NULL"
SYSTEM,SYS_C009188,C,BAK_ALM_DETALOTE_2182023_951AM,ENABLED,,,,"""LOTE_ALCANCE"" IS NOT NULL"
SYSTEM,SYS_C009189,C,BAK_ALM_DETAMOVI_16112022,ENABLED,,,,"""ENTRSALI"" IS NOT NULL"
SYSTEM,SYS_C009190,C,BAK_ALM_DETAMOVI_16112022,ENABLED,,,,"""DTMV_ID"" IS NOT NULL"
SYSTEM,SYS_C009191,C,BAK_ALM_DETAMOVI_16112022,ENABLED,,,,"""UMED_UNIDMEDI"" IS NOT NULL"
SYSTEM,SYS_C009192,C,BAK_ALM_DETAMOVI_16112022,ENABLED,,,,"""VALOR"" IS NOT NULL"
SYSTEM,SYS_C009193,C,BAK_ALM_DETAMOVI_16112022,ENABLED,,,,"""CANTIDAD"" IS NOT NULL"
SYSTEM,SYS_C009194,C,BAK_ALM_DETAMOVI_16112022,ENABLED,,,,"""PRECUNIT"" IS NOT NULL"
SYSTEM,SYS_C009195,C,BAK_ALM_DETAMOVI_16112022,ENABLED,,,,"""COSTUNIT"" IS NOT NULL"
SYSTEM,SYS_C009196,C,BAK_ALM_DETAMOVI_16112022,ENABLED,,,,"""USUACREA"" IS NOT NULL"
SYSTEM,SYS_C009197,C,BAK_ALM_DETAMOVI_16112022,ENABLED,,,,"""FECHCREA"" IS NOT NULL"
SYSTEM,SYS_C009198,C,BAK_ALM_DETAMOVI_16112022,ENABLED,,,,"""SECC_CODIBODE"" IS NOT NULL"
SYSTEM,SYS_C009199,C,BAK_ALM_DETAMOVI_16112022,ENABLED,,,,"""SECC_COMPANIA"" IS NOT NULL"
SYSTEM,SYS_C009200,C,BAK_ALM_DETAMOVI_16112022,ENABLED,,,,"""SECC_CODISECC"" IS NOT NULL"
SYSTEM,SYS_C009201,C,BAK_ALM_DETAMOVI_16112022,ENABLED,,,,"""SECC_OFICINA"" IS NOT NULL"
SYSTEM,SYS_C009202,C,BAK_ALM_DETAMOVI_16112022,ENABLED,,,,"""ARTL_CODIGRUP"" IS NOT NULL"
SYSTEM,SYS_C009203,C,BAK_ALM_DETAMOVI_16112022,ENABLED,,,,"""ARTL_CLASE"" IS NOT NULL"
SYSTEM,SYS_C009204,C,BAK_ALM_DETAMOVI_16112022,ENABLED,,,,"""ARTL_COMPANIA"" IS NOT NULL"
SYSTEM,SYS_C009205,C,BAK_ALM_DETAMOVI_16112022,ENABLED,,,,"""ARTL_ARTICULO"" IS NOT NULL"
SYSTEM,SYS_C009206,C,BAK_ALM_DETAMOVI_16112022,ENABLED,,,,"""PROMOCION"" IS NOT NULL"
SYSTEM,SYS_C009207,C,BAK_ALM_DETAMOVI_16112022,ENABLED,,,,"""PRORATEO"" IS NOT NULL"
SYSTEM,SYS_C009208,C,BAK_ALM_DETAMOVI_16112022,ENABLED,,,,"""VALDESC"" IS NOT NULL"
SYSTEM,SYS_C009209,C,BAK_ALM_DETAMOVI_2182023_951AM,ENABLED,,,,"""ENTRSALI"" IS NOT NULL"
SYSTEM,SYS_C009210,C,BAK_ALM_DETAMOVI_2182023_951AM,ENABLED,,,,"""DTMV_ID"" IS NOT NULL"
SYSTEM,SYS_C009211,C,BAK_ALM_DETAMOVI_2182023_951AM,ENABLED,,,,"""UMED_UNIDMEDI"" IS NOT NULL"
SYSTEM,SYS_C009212,C,BAK_ALM_DETAMOVI_2182023_951AM,ENABLED,,,,"""VALOR"" IS NOT NULL"
SYSTEM,SYS_C009213,C,BAK_ALM_DETAMOVI_2182023_951AM,ENABLED,,,,"""CANTIDAD"" IS NOT NULL"
SYSTEM,SYS_C009214,C,BAK_ALM_DETAMOVI_2182023_951AM,ENABLED,,,,"""PRECUNIT"" IS NOT NULL"
SYSTEM,SYS_C009215,C,BAK_ALM_DETAMOVI_2182023_951AM,ENABLED,,,,"""COSTUNIT"" IS NOT NULL"
SYSTEM,SYS_C009216,C,BAK_ALM_DETAMOVI_2182023_951AM,ENABLED,,,,"""USUACREA"" IS NOT NULL"
SYSTEM,SYS_C009217,C,BAK_ALM_DETAMOVI_2182023_951AM,ENABLED,,,,"""FECHCREA"" IS NOT NULL"
SYSTEM,SYS_C009218,C,BAK_ALM_DETAMOVI_2182023_951AM,ENABLED,,,,"""SECC_CODIBODE"" IS NOT NULL"
SYSTEM,SYS_C009219,C,BAK_ALM_DETAMOVI_2182023_951AM,ENABLED,,,,"""SECC_COMPANIA"" IS NOT NULL"
SYSTEM,SYS_C009220,C,BAK_ALM_DETAMOVI_2182023_951AM,ENABLED,,,,"""SECC_CODISECC"" IS NOT NULL"
SYSTEM,SYS_C009221,C,BAK_ALM_DETAMOVI_2182023_951AM,ENABLED,,,,"""SECC_OFICINA"" IS NOT NULL"
SYSTEM,SYS_C009222,C,BAK_ALM_DETAMOVI_2182023_951AM,ENABLED,,,,"""ARTL_CODIGRUP"" IS NOT NULL"
SYSTEM,SYS_C009223,C,BAK_ALM_DETAMOVI_2182023_951AM,ENABLED,,,,"""ARTL_CLASE"" IS NOT NULL"
SYSTEM,SYS_C009224,C,BAK_ALM_DETAMOVI_2182023_951AM,ENABLED,,,,"""ARTL_COMPANIA"" IS NOT NULL"
SYSTEM,SYS_C009225,C,BAK_ALM_DETAMOVI_2182023_951AM,ENABLED,,,,"""ARTL_ARTICULO"" IS NOT NULL"
SYSTEM,SYS_C009226,C,BAK_ALM_DETAMOVI_2182023_951AM,ENABLED,,,,"""PROMOCION"" IS NOT NULL"
SYSTEM,SYS_C009227,C,BAK_ALM_DETAMOVI_2182023_951AM,ENABLED,,,,"""PRORATEO"" IS NOT NULL"
SYSTEM,SYS_C009228,C,BAK_ALM_DETAMOVI_2182023_951AM,ENABLED,,,,"""VALDESC"" IS NOT NULL"
SYSTEM,SYS_C009229,C,BAK_ALM_DETAMOVI_2182023_951AM,ENABLED,,,,"""COMBO"" IS NOT NULL"
SYSTEM,SYS_C009237,C,BAK_ALM_TMPDETALOTE21082023,ENABLED,,,,"""TDLT_ID"" IS NOT NULL"
SYSTEM,SYS_C009238,C,BAK_ALM_TMPDETALOTE21082023,ENABLED,,,,"""CANTPARC"" IS NOT NULL"
SYSTEM,SYS_C009239,C,BAK_ALM_TMPDETALOTE21082023,ENABLED,,,,"""FECHCREA"" IS NOT NULL"
SYSTEM,SYS_C009240,C,BAK_ALM_TMPDETALOTE21082023,ENABLED,,,,"""USUACREA"" IS NOT NULL"
SYSTEM,SYS_C009241,C,BAK_ALM_TMPDETALOTE21082023,ENABLED,,,,"""LOTE_NUMELOTE"" IS NOT NULL"
SYSTEM,SYS_C009242,C,BAK_ALM_TMPDETALOTE21082023,ENABLED,,,,"""LOTE_COMPANIA"" IS NOT NULL"
SYSTEM,SYS_C009243,C,BAK_ALM_TMPDETALOTE21082023,ENABLED,,,,"""LOTE_ALCANCE"" IS NOT NULL"
SYSTEM,ACTI_PK,P,CLI_ACTIVCLIEN,ENABLED,,,,
SYSTEM,AVCON_1220130717_ESTAD_006,C,CLI_ACTIVCLIEN,ENABLED,,,,"ESTADO IN ('I', 'C')"
SYSTEM,AVCON_1220130717_MESAN_000,C,CLI_ACTIVCLIEN,ENABLED,,,,MESANTIG BETWEEN 0 AND 11
SYSTEM,AVCON_1220130717_PRINC_004,C,CLI_ACTIVCLIEN,ENABLED,,,,"PRINCIPA IN ('S', 'N')"
SYSTEM,AVCON_1220130717_TIPOA_000,C,CLI_ACTIVCLIEN,ENABLED,,,,"TIPOACTI IN ('C', 'I', 'A', 'S', 'F', 'O', 'E', 'P', 'L', 'M', 'T')"
SYSTEM,AVCON_1220130717_TIPOE_000,C,CLI_ACTIVCLIEN,ENABLED,,,,"TIPOEMPL IN ('DIR', 'ADM', 'TEC', 'OTR')"
SYSTEM,AVCON_1220130717_VIGEN_042,C,CLI_ACTIVCLIEN,ENABLED,,,,"VIGENTE IN ('S', 'N')"
SYSTEM,SYS_C009513,C,CLI_ACTIVCLIEN,ENABLED,,,,"""NTRL_COMPANIA"" IS NOT NULL"
SYSTEM,SYS_C009514,C,CLI_ACTIVCLIEN,ENABLED,,,,"""NTRL_IDCLIENTE"" IS NOT NULL"
SYSTEM,SYS_C009515,C,CLI_ACTIVCLIEN,ENABLED,,,,"""TIPOACTI"" IS NOT NULL"
SYSTEM,SYS_C009516,C,CLI_ACTIVCLIEN,ENABLED,,,,"""ACTI_ID"" IS NOT NULL"
SYSTEM,SYS_C009517,C,CLI_ACTIVCLIEN,ENABLED,,,,"""FECHCREA"" IS NOT NULL"
SYSTEM,SYS_C009518,C,CLI_ACTIVCLIEN,ENABLED,,,,"""USUACREA"" IS NOT NULL"
SYSTEM,DEIE_PK,P,CLI_DETAINGEGR,ENABLED,,,,
SYSTEM,SYS_C009665,C,CLI_DETAINGEGR,ENABLED,,,,"""TIPOINEG"" IS NOT NULL"
SYSTEM,SYS_C009666,C,CLI_DETAINGEGR,ENABLED,,,,"""DESCRIPC"" IS NOT NULL"
SYSTEM,SYS_C009667,C,CLI_DETAINGEGR,ENABLED,,,,"""FECHCREA"" IS NOT NULL"
SYSTEM,SYS_C009668,C,CLI_DETAINGEGR,ENABLED,,,,"""USUACREA"" IS NOT NULL"
SYSTEM,DTLN_LNCR_FK,R,CLI_DETALINE,ENABLED,SYSTEM,LNCR_PK,NO ACTION,
SYSTEM,DTLN_PK,P,CLI_DETALINE,ENABLED,,,,
SYSTEM,SYS_C009671,C,CLI_DETALINE,ENABLED,,,,"""LNCR_COMPANIA"" IS NOT NULL"
SYSTEM,SYS_C009672,C,CLI_DETALINE,ENABLED,,,,"""LNCR_IDCLIENTE"" IS NOT NULL"
SYSTEM,SYS_C009673,C,CLI_DETALINE,ENABLED,,,,"""FECHREVI"" IS NOT NULL"
SYSTEM,SYS_C009674,C,CLI_DETALINE,ENABLED,,,,"""DTLN_ID"" IS NOT NULL"
SYSTEM,SYS_C009675,C,CLI_DETALINE,ENABLED,,,,"""FECHCREA"" IS NOT NULL"
SYSTEM,SYS_C009676,C,CLI_DETALINE,ENABLED,,,,"""USUACREA"" IS NOT NULL"
SYSTEM,DTVS_PK,P,CLI_DETAVISITA,ENABLED,,,,
SYSTEM,SYS_C009679,C,CLI_DETAVISITA,ENABLED,,,,"""DTVS_ID"" IS NOT NULL"
SYSTEM,SYS_C009680,C,CLI_DETAVISITA,ENABLED,,,,"""COMP"" IS NOT NULL"
SYSTEM,SYS_C009681,C,CLI_DETAVISITA,ENABLED,,,,"""OFIC"" IS NOT NULL"
SYSTEM,SYS_C009682,C,CLI_DETAVISITA,ENABLED,,,,"""CLIE"" IS NOT NULL"
SYSTEM,SYS_C009683,C,CLI_DETAVISITA,ENABLED,,,,"""VEND"" IS NOT NULL"
SYSTEM,SYS_C009684,C,CLI_DETAVISITA,ENABLED,,,,"""FECHA"" IS NOT NULL"
SYSTEM,SYS_C009685,C,CLI_DETAVISITA,ENABLED,,,,"""PROXFECHA"" IS NOT NULL"
SYSTEM,SYS_C009686,C,CLI_DETAVISITA,ENABLED,,,,"""DETALLES"" IS NOT NULL"
SYSTEM,AVCON_1220130717_HIPOT_000,C,CLI_PROPICLIEN,ENABLED,,,,"HIPOTECA IN ('S', 'N')"
SYSTEM,PRCL_PK,P,CLI_PROPICLIEN,ENABLED,,,,
SYSTEM,SYS_C009967,C,CLI_PROPICLIEN,ENABLED,,,,"""NTRL_COMPANIA"" IS NOT NULL"
SYSTEM,SYS_C009968,C,CLI_PROPICLIEN,ENABLED,,,,"""NTRL_IDCLIENTE"" IS NOT NULL"
SYSTEM,SYS_C009969,C,CLI_PROPICLIEN,ENABLED,,,,"""DIRECCION"" IS NOT NULL"
SYSTEM,SYS_C009970,C,CLI_PROPICLIEN,ENABLED,,,,"""AVALUO"" IS NOT NULL"
SYSTEM,SYS_C009971,C,CLI_PROPICLIEN,ENABLED,,,,"""PRCL_ID"" IS NOT NULL"
SYSTEM,SYS_C009972,C,CLI_PROPICLIEN,ENABLED,,,,"""FECHCREA"" IS NOT NULL"
SYSTEM,SYS_C009973,C,CLI_PROPICLIEN,ENABLED,,,,"""USUACREA"" IS NOT NULL"
SYSTEM,AVCON_1220130717_TIPO_001,C,CNT_DETASIENTO,ENABLED,,,,"TIPO IN ('D', 'C')"
SYSTEM,DAST_ASTO_FK,R,CNT_DETASIENTO,DISABLED,SYSTEM,ASTO_PK,CASCADE,
SYSTEM,DAST_CCST_FK,R,CNT_DETASIENTO,ENABLED,SYSTEM,CCST_PK,NO ACTION,
SYSTEM,DAST_CTAS_FK,R,CNT_DETASIENTO,ENABLED,SYSTEM,CTAS_PK,NO ACTION,
SYSTEM,DAST_DAST_FK,R,CNT_DETASIENTO,ENABLED,SYSTEM,DAST_PK,NO ACTION,
SYSTEM,DAST_PK,P,CNT_DETASIENTO,ENABLED,,,,
SYSTEM,SYS_C0010400,C,CNT_DETASIENTO,ENABLED,,,,"""ASTO_COMPANIA"" IS NOT NULL"
SYSTEM,SYS_C0010401,C,CNT_DETASIENTO,ENABLED,,,,"""ASTO_NUMEDIAR"" IS NOT NULL"
SYSTEM,SYS_C0010402,C,CNT_DETASIENTO,ENABLED,,,,"""CTAS_CODIGO"" IS NOT NULL"
SYSTEM,SYS_C0010403,C,CNT_DETASIENTO,ENABLED,,,,"""CTAS_CATALOGO"" IS NOT NULL"
SYSTEM,SYS_C0010404,C,CNT_DETASIENTO,ENABLED,,,,"""CTAS_COMPANIA"" IS NOT NULL"
SYSTEM,SYS_C0010405,C,CNT_DETASIENTO,ENABLED,,,,"""TIPO"" IS NOT NULL"
SYSTEM,SYS_C0010406,C,CNT_DETASIENTO,ENABLED,,,,"""VALOR"" IS NOT NULL"
SYSTEM,SYS_C0010407,C,CNT_DETASIENTO,ENABLED,,,,"""DAST_ID"" IS NOT NULL"
SYSTEM,SYS_C0010408,C,CNT_DETASIENTO,ENABLED,,,,"""FECHCREA"" IS NOT NULL"
SYSTEM,SYS_C0010409,C,CNT_DETASIENTO,ENABLED,,,,"""USUACREA"" IS NOT NULL"
SYSTEM,AVCON_1748982566_IMPRI_000,C,CNT_DETIPIMP,ENABLED,,,,"IMPRIME IN ('S', 'N')"
SYSTEM,AVCON_1748982566_VIGEN_000,C,CNT_DETIPIMP,ENABLED,,,,"VIGENTE IN ('S', 'N')"
SYSTEM,DTIP_PK,P,CNT_DETIPIMP,ENABLED,,,,
SYSTEM,DTIP_TPIM_FK,R,CNT_DETIPIMP,ENABLED,SYSTEM,TPIM_PK,NO ACTION,
SYSTEM,SYS_C0010413,C,CNT_DETIPIMP,ENABLED,,,,"""DTIP_ID"" IS NOT NULL"
SYSTEM,SYS_C0010414,C,CNT_DETIPIMP,ENABLED,,,,"""CODSRI"" IS NOT NULL"
SYSTEM,SYS_C0010415,C,CNT_DETIPIMP,ENABLED,,,,"""PORCENTA"" IS NOT NULL"
SYSTEM,SYS_C0010416,C,CNT_DETIPIMP,ENABLED,,,,"""USUACREA"" IS NOT NULL"
SYSTEM,SYS_C0010417,C,CNT_DETIPIMP,ENABLED,,,,"""FECHCREA"" IS NOT NULL"
SYSTEM,SYS_C0010418,C,CNT_DETIPIMP,ENABLED,,,,"""TPIM_TIPOIMPU"" IS NOT NULL"
SYSTEM,SYS_C0010419,C,CNT_DETIPIMP,ENABLED,,,,"""VIGENTE"" IS NOT NULL"
SYSTEM,SYS_C0010420,C,CNT_DETIPIMP,ENABLED,,,,"""IMPRIME"" IS NOT NULL"
SYSTEM,DCHE_CHQE_FK,R,COB_DETACHEQ,ENABLED,SYSTEM,CHQE_PK,NO ACTION,
SYSTEM,DCHE_EGEN_FK,R,COB_DETACHEQ,ENABLED,SYSTEM,EGEN_PK,NO ACTION,
SYSTEM,DCHE_PK,P,COB_DETACHEQ,ENABLED,,,,
SYSTEM,DCHE_PLCB_FK,R,COB_DETACHEQ,ENABLED,SYSTEM,PLCB_PK,NO ACTION,
SYSTEM,SYS_C0010582,C,COB_DETACHEQ,ENABLED,,,,"""DCHE_ID"" IS NOT NULL"
SYSTEM,SYS_C0010583,C,COB_DETACHEQ,ENABLED,,,,"""VALOR"" IS NOT NULL"
SYSTEM,SYS_C0010584,C,COB_DETACHEQ,ENABLED,,,,"""PLCB_PLCB_ID"" IS NOT NULL"
SYSTEM,SYS_C0010585,C,COB_DETACHEQ,ENABLED,,,,"""CHQE_CHQE_ID"" IS NOT NULL"
SYSTEM,SYS_C0010586,C,COB_DETACHEQ,ENABLED,,,,"""EGEN_ESTADO"" IS NOT NULL"
SYSTEM,SYS_C0010587,C,COB_DETACHEQ,ENABLED,,,,"""USUACREA"" IS NOT NULL"
SYSTEM,SYS_C0010588,C,COB_DETACHEQ,ENABLED,,,,"""FECHCREA"" IS NOT NULL"
SYSTEM,DTCB_ASTO_FK,R,COB_DETACOBRO,ENABLED,SYSTEM,ASTO_PK,NO ACTION,
SYSTEM,DTCB_EGEN_FK,R,COB_DETACOBRO,ENABLED,SYSTEM,EGEN_PK,NO ACTION,
SYSTEM,DTCB_NCCL_FK,R,COB_DETACOBRO,ENABLED,SYSTEM,NCCL_PK,NO ACTION,
SYSTEM,DTCB_PK,P,COB_DETACOBRO,ENABLED,,,,
SYSTEM,DTCB_PLCB_FK,R,COB_DETACOBRO,ENABLED,SYSTEM,PLCB_PK,NO ACTION,
SYSTEM,DTCB_PTBN_FK,R,COB_DETACOBRO,ENABLED,SYSTEM,PTBN_PK,NO ACTION,
SYSTEM,DTCB_RCCB_FK,R,COB_DETACOBRO,ENABLED,SYSTEM,RCCB_PK,NO ACTION,
SYSTEM,DTCB_VNDR_FK,R,COB_DETACOBRO,ENABLED,SYSTEM,VNDR_PK,NO ACTION,
SYSTEM,SYS_C0010591,C,COB_DETACOBRO,ENABLED,,,,"""DTCB_ID"" IS NOT NULL"
SYSTEM,SYS_C0010592,C,COB_DETACOBRO,ENABLED,,,,"""ASTO_COMPANIA"" IS NOT NULL"
SYSTEM,SYS_C0010593,C,COB_DETACOBRO,ENABLED,,,,"""ASTO_NUMEDIAR"" IS NOT NULL"
SYSTEM,SYS_C0010594,C,COB_DETACOBRO,ENABLED,,,,"""EGEN_ESTADO"" IS NOT NULL"
SYSTEM,SYS_C0010595,C,COB_DETACOBRO,ENABLED,,,,"""PLCB_PLCB_ID"" IS NOT NULL"
SYSTEM,SYS_C0010596,C,COB_DETACOBRO,ENABLED,,,,"""FECHA"" IS NOT NULL"
SYSTEM,SYS_C0010597,C,COB_DETACOBRO,ENABLED,,,,"""FECHACOB"" IS NOT NULL"
SYSTEM,SYS_C0010598,C,COB_DETACOBRO,ENABLED,,,,"""VALOR"" IS NOT NULL"
SYSTEM,SYS_C0010599,C,COB_DETACOBRO,ENABLED,,,,"""REFER"" IS NOT NULL"
SYSTEM,SYS_C0010600,C,COB_DETACOBRO,ENABLED,,,,"""USUACREA"" IS NOT NULL"
SYSTEM,SYS_C0010601,C,COB_DETACOBRO,ENABLED,,,,"""FECHCREA"" IS NOT NULL"
SYSTEM,DDEB_OTRC_FK,R,COB_DETADEBI,ENABLED,SYSTEM,OTRC_PK,NO ACTION,
SYSTEM,DDEB_PK,P,COB_DETADEBI,ENABLED,,,,
SYSTEM,SYS_C0010604,C,COB_DETADEBI,ENABLED,,,,"""DDEB_ID"" IS NOT NULL"
SYSTEM,SYS_C0010605,C,COB_DETADEBI,ENABLED,,,,"""CANTIDAD"" IS NOT NULL"
SYSTEM,SYS_C0010606,C,COB_DETADEBI,ENABLED,,,,"""PRECUNIT"" IS NOT NULL"
SYSTEM,SYS_C0010607,C,COB_DETADEBI,ENABLED,,,,"""VALOR"" IS NOT NULL"
SYSTEM,SYS_C0010608,C,COB_DETADEBI,ENABLED,,,,"""ARTL_ARTICULO"" IS NOT NULL"
SYSTEM,SYS_C0010609,C,COB_DETADEBI,ENABLED,,,,"""ARTL_CODIGRUP"" IS NOT NULL"
SYSTEM,SYS_C0010610,C,COB_DETADEBI,ENABLED,,,,"""ARTL_CLASE"" IS NOT NULL"
SYSTEM,SYS_C0010611,C,COB_DETADEBI,ENABLED,,,,"""ARTL_COMPANIA"" IS NOT NULL"
SYSTEM,SYS_C0010612,C,COB_DETADEBI,ENABLED,,,,"""USUACREA"" IS NOT NULL"
SYSTEM,SYS_C0010613,C,COB_DETADEBI,ENABLED,,,,"""FECHCREA"" IS NOT NULL"
SYSTEM,CMDT_PK,P,COM_DETACOMP,ENABLED,,,,
SYSTEM,SYS_C0010662,C,COM_DETACOMP,ENABLED,,,,"""CMDT_ID"" IS NOT NULL"
SYSTEM,SYS_C0010663,C,COM_DETACOMP,ENABLED,,,,"""CODIGO"" IS NOT NULL"
SYSTEM,SYS_C0010664,C,COM_DETACOMP,ENABLED,,,,"""DESCRIPCION"" IS NOT NULL"
SYSTEM,SYS_C0010665,C,COM_DETACOMP,ENABLED,,,,"""CANTIDAD"" IS NOT NULL"
SYSTEM,SYS_C0010666,C,COM_DETACOMP,ENABLED,,,,"""PRECUNIT"" IS NOT NULL"
SYSTEM,SYS_C0010667,C,COM_DETACOMP,ENABLED,,,,"""PORCIVA"" IS NOT NULL"
SYSTEM,SYS_C0010668,C,COM_DETACOMP,ENABLED,,,,"""MONTOIVA"" IS NOT NULL"
SYSTEM,SYS_C0010669,C,COM_DETACOMP,ENABLED,,,,"""PORCDESC"" IS NOT NULL"
SYSTEM,SYS_C0010670,C,COM_DETACOMP,ENABLED,,,,"""VALODESC"" IS NOT NULL"
SYSTEM,SYS_C0010671,C,COM_DETACOMP,ENABLED,,,,"""VALOR"" IS NOT NULL"
SYSTEM,SYS_C0010672,C,COM_DETACOMP,ENABLED,,,,"""FECHCREA"" IS NOT NULL"
SYSTEM,SYS_C0010673,C,COM_DETACOMP,ENABLED,,,,"""USUACREA"" IS NOT NULL"
SYSTEM,SYS_C0010674,C,COM_DETACOMP,ENABLED,,,,"""CMPR_CEDURUC"" IS NOT NULL"
SYSTEM,SYS_C0010675,C,COM_DETACOMP,ENABLED,,,,"""CMPR_ALCANCE"" IS NOT NULL"
SYSTEM,SYS_C0010676,C,COM_DETACOMP,ENABLED,,,,"""CMPR_NUMERO"" IS NOT NULL"
SYSTEM,SYS_C0010677,C,COM_DETACOMP,ENABLED,,,,"""CMPR_SERIE"" IS NOT NULL"
SYSTEM,SYS_C0010678,C,COM_DETACOMP,ENABLED,,,,"""CMPR_COMPANIA"" IS NOT NULL"
SYSTEM,SYS_C0010679,C,COM_DETACOMP,ENABLED,,,,"""TPIM_TIPOIMPU"" IS NOT NULL"
SYSTEM,SYS_C0010680,C,COM_DETACOMP,ENABLED,,,,"""DTIP_DTIP_ID"" IS NOT NULL"
SYSTEM,DSOL_DTMV_FK,R,COM_DETASOLI,ENABLED,SYSTEM,DTMV_PK,NO ACTION,
SYSTEM,DSOL_PK,P,COM_DETASOLI,ENABLED,,,,
SYSTEM,DSOL_SCOM_FK,R,COM_DETASOLI,ENABLED,SYSTEM,SCOM_PK,NO ACTION,
SYSTEM,SYS_C0010683,C,COM_DETASOLI,ENABLED,,,,"""DTMV_DTMV_ID"" IS NOT NULL"
SYSTEM,SYS_C0010684,C,COM_DETASOLI,ENABLED,,,,"""CANTIDAD"" IS NOT NULL"
SYSTEM,SYS_C0010685,C,COM_DETASOLI,ENABLED,,,,"""PRECUNIT"" IS NOT NULL"
SYSTEM,SYS_C0010686,C,COM_DETASOLI,ENABLED,,,,"""TOTAL"" IS NOT NULL"
SYSTEM,SYS_C0010687,C,COM_DETASOLI,ENABLED,,,,"""DSOL_ID"" IS NOT NULL"
SYSTEM,SYS_C0010688,C,COM_DETASOLI,ENABLED,,,,"""FECHCREA"" IS NOT NULL"
SYSTEM,SYS_C0010689,C,COM_DETASOLI,ENABLED,,,,"""USUACREA"" IS NOT NULL"
SYSTEM,DTOC_PK,P,COM_DETORDCP,ENABLED,,,,
SYSTEM,SYS_C0010692,C,COM_DETORDCP,ENABLED,,,,"""DTOC_ID"" IS NOT NULL"
SYSTEM,SYS_C0010693,C,COM_DETORDCP,ENABLED,,,,"""CANTIDAD"" IS NOT NULL"
SYSTEM,SYS_C0010694,C,COM_DETORDCP,ENABLED,,,,"""USUACREA"" IS NOT NULL"
SYSTEM,SYS_C0010695,C,COM_DETORDCP,ENABLED,,,,"""FECHCREA"" IS NOT NULL"
SYSTEM,SYS_C0010696,C,COM_DETORDCP,ENABLED,,,,"""ARTL_GRAR_CLASE"" IS NOT NULL"
SYSTEM,SYS_C0010697,C,COM_DETORDCP,ENABLED,,,,"""ARTL_GRAR_COMPANIA"" IS NOT NULL"
SYSTEM,SYS_C0010698,C,COM_DETORDCP,ENABLED,,,,"""ARTL_GRAR_CODIGRUP"" IS NOT NULL"
SYSTEM,PPAG_EGEN_FK,R,COM_PLANPAGO,ENABLED,SYSTEM,EGEN_PK,NO ACTION,
SYSTEM,PPAG_OTRS_FK,R,COM_PLANPAGO,ENABLED,SYSTEM,OTRS_PK,NO ACTION,
SYSTEM,PPAG_PK,P,COM_PLANPAGO,ENABLED,,,,
SYSTEM,SYS_C0010735,C,COM_PLANPAGO,ENABLED,,,,"""PPAG_ID"" IS NOT NULL"
SYSTEM,SYS_C0010736,C,COM_PLANPAGO,ENABLED,,,,"""NUMECUOT"" IS NOT NULL"
SYSTEM,SYS_C0010737,C,COM_PLANPAGO,ENABLED,,,,"""VALOCUOT"" IS NOT NULL"
SYSTEM,SYS_C0010738,C,COM_PLANPAGO,ENABLED,,,,"""DIAS"" IS NOT NULL"
SYSTEM,SYS_C0010739,C,COM_PLANPAGO,ENABLED,,,,"""FECHVENC"" IS NOT NULL"
SYSTEM,SYS_C0010740,C,COM_PLANPAGO,ENABLED,,,,"""EGEN_ESTADO"" IS NOT NULL"
SYSTEM,SYS_C0010741,C,COM_PLANPAGO,ENABLED,,,,"""FECHCREA"" IS NOT NULL"
SYSTEM,SYS_C0010742,C,COM_PLANPAGO,ENABLED,,,,"""USUACREA"" IS NOT NULL"
SYSTEM,CXML_EGEN_FK,R,COM_TMPCOMPRAS,ENABLED,SYSTEM,EGEN_PK,NO ACTION,
SYSTEM,CXML_FRPG_FK,R,COM_TMPCOMPRAS,ENABLED,SYSTEM,FRPG_PK,NO ACTION,
SYSTEM,CXML_INCN_FK,R,COM_TMPCOMPRAS,ENABLED,SYSTEM,INCN_PK,NO ACTION,
SYSTEM,CXML_MONE_FK,R,COM_TMPCOMPRAS,ENABLED,SYSTEM,MONE_PK,NO ACTION,
SYSTEM,CXML_PAIS_FK,R,COM_TMPCOMPRAS,ENABLED,SYSTEM,PAIS_PK,NO ACTION,
SYSTEM,CXML_PK,P,COM_TMPCOMPRAS,ENABLED,,,,
SYSTEM,CXML_PRPG_DEFINIENDO_FK,R,COM_TMPCOMPRAS,ENABLED,SYSTEM,PRPG_PK,NO ACTION,
SYSTEM,CXML_SCTR_FK,R,COM_TMPCOMPRAS,ENABLED,SYSTEM,SCTR_PK,NO ACTION,
SYSTEM,CXML_STCM_FK,R,COM_TMPCOMPRAS,ENABLED,SYSTEM,STCM_PK,NO ACTION,
SYSTEM,CXML_TPPG_FK,R,COM_TMPCOMPRAS,ENABLED,SYSTEM,TPPG_PK,NO ACTION,
SYSTEM,SYS_C0010773,C,COM_TMPCOMPRAS,ENABLED,,,,"""PROV_CEDURUC"" IS NOT NULL"
SYSTEM,SYS_C0010774,C,COM_TMPCOMPRAS,ENABLED,,,,"""PROV_COMPANIA"" IS NOT NULL"
SYSTEM,SYS_C0010775,C,COM_TMPCOMPRAS,ENABLED,,,,"""SERIE"" IS NOT NULL"
SYSTEM,SYS_C0010776,C,COM_TMPCOMPRAS,ENABLED,,,,"""NUMERO"" IS NOT NULL"
SYSTEM,SYS_C0010777,C,COM_TMPCOMPRAS,ENABLED,,,,"""ALCANCE"" IS NOT NULL"
SYSTEM,SYS_C0010778,C,COM_TMPCOMPRAS,ENABLED,,,,"""FECHA"" IS NOT NULL"
SYSTEM,SYS_C0010779,C,COM_TMPCOMPRAS,ENABLED,,,,"""FECHEMIS"" IS NOT NULL"
SYSTEM,SYS_C0010780,C,COM_TMPCOMPRAS,ENABLED,,,,"""DESCRIPC"" IS NOT NULL"
SYSTEM,SYS_C0010781,C,COM_TMPCOMPRAS,ENABLED,,,,"""DESCUEN"" IS NOT NULL"
SYSTEM,SYS_C0010782,C,COM_TMPCOMPRAS,ENABLED,,,,"""VALODESC"" IS NOT NULL"
SYSTEM,SYS_C0010783,C,COM_TMPCOMPRAS,ENABLED,,,,"""OFCN_COMPANIA"" IS NOT NULL"
SYSTEM,SYS_C0010784,C,COM_TMPCOMPRAS,ENABLED,,,,"""OFCN_OFICINA"" IS NOT NULL"
SYSTEM,SYS_C0010785,C,COM_TMPCOMPRAS,ENABLED,,,,"""FECHCREA"" IS NOT NULL"
SYSTEM,SYS_C0010786,C,COM_TMPCOMPRAS,ENABLED,,,,"""USUACREA"" IS NOT NULL"
SYSTEM,SYS_C0010787,C,COM_TMPCOMPRAS,ENABLED,,,,"""EGEN_ESTADO"" IS NOT NULL"
SYSTEM,DTRC_PK,P,CST_DETARECT,ENABLED,,,,
SYSTEM,DTRC_RCTA_FK,R,CST_DETARECT,ENABLED,SYSTEM,RCTA_PK,NO ACTION,
SYSTEM,SYS_C0010844,C,CST_DETARECT,ENABLED,,,,"""CANTIDAD"" IS NOT NULL"
SYSTEM,SYS_C0010845,C,CST_DETARECT,ENABLED,,,,"""USUACREA"" IS NOT NULL"
SYSTEM,SYS_C0010846,C,CST_DETARECT,ENABLED,,,,"""FECHCREA"" IS NOT NULL"
SYSTEM,SYS_C0010847,C,CST_DETARECT,ENABLED,,,,"""ARTL_ARTICULO"" IS NOT NULL"
SYSTEM,SYS_C0010848,C,CST_DETARECT,ENABLED,,,,"""ARTL_CLASE"" IS NOT NULL"
SYSTEM,SYS_C0010849,C,CST_DETARECT,ENABLED,,,,"""ARTL_COMPANIA"" IS NOT NULL"
SYSTEM,SYS_C0010850,C,CST_DETARECT,ENABLED,,,,"""ARTL_CODIGRUP"" IS NOT NULL"
SYSTEM,SYS_C0010851,C,CST_DETARECT,ENABLED,,,,"""RCTA_ID"" IS NOT NULL"
SYSTEM,DTCC_DTCC_UK,U,CST_DETCENCS,ENABLED,,,,
SYSTEM,DTCC_LTPR_FK,R,CST_DETCENCS,ENABLED,SYSTEM,LTPR_PK,NO ACTION,
SYSTEM,DTCC_PK,P,CST_DETCENCS,ENABLED,,,,
SYSTEM,SYS_C0010854,C,CST_DETCENCS,ENABLED,,,,"""DTCC_ID"" IS NOT NULL"
SYSTEM,SYS_C0010855,C,CST_DETCENCS,ENABLED,,,,"""VIGENTE"" IS NOT NULL"
SYSTEM,SYS_C0010856,C,CST_DETCENCS,ENABLED,,,,"""CANTINIC"" IS NOT NULL"
SYSTEM,SYS_C0010857,C,CST_DETCENCS,ENABLED,,,,"""USUACREA"" IS NOT NULL"
SYSTEM,SYS_C0010858,C,CST_DETCENCS,ENABLED,,,,"""FECHCREA"" IS NOT NULL"
SYSTEM,SYS_C0010859,C,CST_DETCENCS,ENABLED,,,,"""LTPR_CODIGO"" IS NOT NULL"
SYSTEM,OPRD_ASTO_FK,R,CST_ORDEPROD,ENABLED,SYSTEM,ASTO_PK,NO ACTION,
SYSTEM,OPRD_EGEN_FK,R,CST_ORDEPROD,ENABLED,SYSTEM,EGEN_PK,NO ACTION,
SYSTEM,OPRD_LTPR_FK,R,CST_ORDEPROD,ENABLED,SYSTEM,LTPR_PK,NO ACTION,
SYSTEM,OPRD_PK,P,CST_ORDEPROD,ENABLED,,,,
SYSTEM,OPRD_RCTA_FK,R,CST_ORDEPROD,ENABLED,SYSTEM,RCTA_PK,NO ACTION,
SYSTEM,SYS_C0010872,C,CST_ORDEPROD,ENABLED,,,,"""OFCN_COMPANIA"" IS NOT NULL"
SYSTEM,SYS_C0010873,C,CST_ORDEPROD,ENABLED,,,,"""OFCN_OFICINA"" IS NOT NULL"
SYSTEM,SYS_C0010874,C,CST_ORDEPROD,ENABLED,,,,"""NUMERO"" IS NOT NULL"
SYSTEM,SYS_C0010875,C,CST_ORDEPROD,ENABLED,,,,"""FECHA"" IS NOT NULL"
SYSTEM,SYS_C0010876,C,CST_ORDEPROD,ENABLED,,,,"""NUMEPARA"" IS NOT NULL"
SYSTEM,SYS_C0010877,C,CST_ORDEPROD,ENABLED,,,,"""CANTPRES"" IS NOT NULL"
SYSTEM,SYS_C0010878,C,CST_ORDEPROD,ENABLED,,,,"""ARTL_COMPANIA"" IS NOT NULL"
SYSTEM,SYS_C0010879,C,CST_ORDEPROD,ENABLED,,,,"""ARTL_CLASE"" IS NOT NULL"
SYSTEM,SYS_C0010880,C,CST_ORDEPROD,ENABLED,,,,"""ARTL_CODIGRUP"" IS NOT NULL"
SYSTEM,SYS_C0010881,C,CST_ORDEPROD,ENABLED,,,,"""ARTL_ARTICULO"" IS NOT NULL"
SYSTEM,SYS_C0010882,C,CST_ORDEPROD,ENABLED,,,,"""EGEN_ESTADO"" IS NOT NULL"
SYSTEM,SYS_C0010883,C,CST_ORDEPROD,ENABLED,,,,"""FECHCREA"" IS NOT NULL"
SYSTEM,SYS_C0010884,C,CST_ORDEPROD,ENABLED,,,,"""USUACREA"" IS NOT NULL"
SYSTEM,PROD_PK,P,CST_PRODUCCN,ENABLED,,,,
SYSTEM,SYS_C0010887,C,CST_PRODUCCN,ENABLED,,,,"""NUMERO"" IS NOT NULL"
SYSTEM,SYS_C0010888,C,CST_PRODUCCN,ENABLED,,,,"""FECHA"" IS NOT NULL"
SYSTEM,SYS_C0010889,C,CST_PRODUCCN,ENABLED,,,,"""USUACREA"" IS NOT NULL"
SYSTEM,SYS_C0010890,C,CST_PRODUCCN,ENABLED,,,,"""FECHCREA"" IS NOT NULL"
SYSTEM,SYS_C0010891,C,CST_PRODUCCN,ENABLED,,,,"""DTCC_DTCC_ID"" IS NOT NULL"
SYSTEM,SYS_C0010892,C,CST_PRODUCCN,ENABLED,,,,"""CLPR_TIPO"" IS NOT NULL"
SYSTEM,SYS_C0010893,C,CST_PRODUCCN,ENABLED,,,,"""LTPC_ID"" IS NOT NULL"
SYSTEM,DSIM_PK,P,CST_SIMUDETA,ENABLED,,,,
SYSTEM,DSIM_SIMU_FK,R,CST_SIMUDETA,ENABLED,SYSTEM,SIMU_PK,NO ACTION,
SYSTEM,SYS_C0010924,C,CST_SIMUDETA,ENABLED,,,,"""DSIM_ID"" IS NOT NULL"
SYSTEM,SYS_C0010925,C,CST_SIMUDETA,ENABLED,,,,"""ARTICULO"" IS NOT NULL"
SYSTEM,SYS_C0010926,C,CST_SIMUDETA,ENABLED,,,,"""NOMBRE"" IS NOT NULL"
SYSTEM,SYS_C0010927,C,CST_SIMUDETA,ENABLED,,,,"""CANTIDAD"" IS NOT NULL"
SYSTEM,SYS_C0010928,C,CST_SIMUDETA,ENABLED,,,,"""UNIDAD"" IS NOT NULL"
SYSTEM,SYS_C0010929,C,CST_SIMUDETA,ENABLED,,,,"""COSTO"" IS NOT NULL"
SYSTEM,SYS_C0010930,C,CST_SIMUDETA,ENABLED,,,,"""FECHCREA"" IS NOT NULL"
SYSTEM,SYS_C0010931,C,CST_SIMUDETA,ENABLED,,,,"""USUACREA"" IS NOT NULL"
SYSTEM,SYS_C0010932,C,CST_SIMUDETA,ENABLED,,,,"""SIMU_SIMU_ID"" IS NOT NULL"
SYSTEM,SYS_C0010945,C,CST_VARIPROD,ENABLED,,,,"""VARP_ID"" IS NOT NULL"
SYSTEM,SYS_C0010946,C,CST_VARIPROD,ENABLED,,,,"""DESCRIPC"" IS NOT NULL"
SYSTEM,SYS_C0010947,C,CST_VARIPROD,ENABLED,,,,"""VIGENTE"" IS NOT NULL"
SYSTEM,SYS_C0010948,C,CST_VARIPROD,ENABLED,,,,"""USUACREA"" IS NOT NULL"
SYSTEM,SYS_C0010949,C,CST_VARIPROD,ENABLED,,,,"""FECHCREA"" IS NOT NULL"
SYSTEM,VARP_PK,P,CST_VARIPROD,ENABLED,,,,
SYSTEM,VARP_VARP_FK,R,CST_VARIPROD,ENABLED,SYSTEM,VARP_PK,NO ACTION,
SYSTEM,DWVN_PK,P,DWH_VENTAS,ENABLED,,,,
SYSTEM,SYS_C0010960,C,DWH_VENTAS,ENABLED,,,,"""DWVN_ID"" IS NOT NULL"
SYSTEM,SYS_C0010961,C,DWH_VENTAS,ENABLED,,,,"""FECHCREA"" IS NOT NULL"
SYSTEM,SYS_C0010962,C,DWH_VENTAS,ENABLED,,,,"""USUACREA"" IS NOT NULL"
SYSTEM,SYS_C0010965,C,DWH_VENTAS_081124,ENABLED,,,,"""DWVN_ID"" IS NOT NULL"
SYSTEM,SYS_C0010966,C,DWH_VENTAS_081124,ENABLED,,,,"""FECHCREA"" IS NOT NULL"
SYSTEM,SYS_C0010967,C,DWH_VENTAS_081124,ENABLED,,,,"""USUACREA"" IS NOT NULL"
SYSTEM,AVCON_1220130717_GRUPO_001,C,ECL_DETAFORMU,ENABLED,,,,"GRUPO IN ('S', 'N')"
SYSTEM,AVCON_1220130717_REQUE_000,C,ECL_DETAFORMU,ENABLED,,,,"REQUERID IN ('S', 'N')"
SYSTEM,AVCON_1220130717_VIGEN_021,C,ECL_DETAFORMU,ENABLED,,,,"VIGENTE IN ('S', 'N')"
SYSTEM,DTFR_DTFR_FK,R,ECL_DETAFORMU,ENABLED,SYSTEM,DTFR_PK,NO ACTION,
SYSTEM,DTFR_FRML_FK,R,ECL_DETAFORMU,ENABLED,SYSTEM,FRML_PK,NO ACTION,
SYSTEM,DTFR_PK,P,ECL_DETAFORMU,ENABLED,,,,
SYSTEM,SYS_C0010978,C,ECL_DETAFORMU,ENABLED,,,,"""FRML_CODIGO"" IS NOT NULL"
SYSTEM,SYS_C0010979,C,ECL_DETAFORMU,ENABLED,,,,"""CODICAMP"" IS NOT NULL"
SYSTEM,SYS_C0010980,C,ECL_DETAFORMU,ENABLED,,,,"""DESCRIPC"" IS NOT NULL"
SYSTEM,SYS_C0010981,C,ECL_DETAFORMU,ENABLED,,,,"""REQUERID"" IS NOT NULL"
SYSTEM,SYS_C0010982,C,ECL_DETAFORMU,ENABLED,,,,"""GRUPO"" IS NOT NULL"
SYSTEM,SYS_C0010983,C,ECL_DETAFORMU,ENABLED,,,,"""VIGENTE"" IS NOT NULL"
SYSTEM,SYS_C0010984,C,ECL_DETAFORMU,ENABLED,,,,"""FECHCREA"" IS NOT NULL"
SYSTEM,SYS_C0010985,C,ECL_DETAFORMU,ENABLED,,,,"""USUACREA"" IS NOT NULL"
SYSTEM,DTDC_DTFR_FK,R,ECT_DETADECLA,ENABLED,SYSTEM,DTFR_PK,NO ACTION,
SYSTEM,DTDC_PK,P,ECT_DETADECLA,ENABLED,,,,
SYSTEM,SYS_C0011011,C,ECT_DETADECLA,ENABLED,,,,"""DTDC_ID"" IS NOT NULL"
SYSTEM,SYS_C0011012,C,ECT_DETADECLA,ENABLED,,,,"""DCRN_DCRN_ID"" IS NOT NULL"
SYSTEM,SYS_C0011013,C,ECT_DETADECLA,ENABLED,,,,"""DTFR_CODICAMP"" IS NOT NULL"
SYSTEM,SYS_C0011014,C,ECT_DETADECLA,ENABLED,,,,"""DTFR_CODIGO"" IS NOT NULL"
SYSTEM,SYS_C0011015,C,ECT_DETADECLA,ENABLED,,,,"""VALOR"" IS NOT NULL"
SYSTEM,SYS_C0011016,C,ECT_DETADECLA,ENABLED,,,,"""FECHCREA"" IS NOT NULL"
SYSTEM,SYS_C0011017,C,ECT_DETADECLA,ENABLED,,,,"""USUACREA"" IS NOT NULL"
SYSTEM,AVCON_1220130717_DEFEC_001,C,GEN_FORMPAGO,ENABLED,,,,"DEFECTO IN ('S', 'N')"
SYSTEM,AVCON_1220130717_FORMU_000,C,GEN_FORMPAGO,ENABLED,,,,"FORMULAR IN ('S', 'N')"
SYSTEM,AVCON_1220130717_VIGEN_033,C,GEN_FORMPAGO,ENABLED,,,,"VIGENTE IN ('S', 'N')"
SYSTEM,FRPG_PK,P,GEN_FORMPAGO,ENABLED,,,,
SYSTEM,SYS_C0011220,C,GEN_FORMPAGO,ENABLED,,,,"""FORMPAGO"" IS NOT NULL"
SYSTEM,SYS_C0011221,C,GEN_FORMPAGO,ENABLED,,,,"""DESCRIPC"" IS NOT NULL"
SYSTEM,SYS_C0011222,C,GEN_FORMPAGO,ENABLED,,,,"""FECHCREA"" IS NOT NULL"
SYSTEM,SYS_C0011223,C,GEN_FORMPAGO,ENABLED,,,,"""USUACREA"" IS NOT NULL"
SYSTEM,SYS_C0011224,C,GEN_FORMPAGO,ENABLED,,,,"""VIGENTE"" IS NOT NULL"
SYSTEM,SYS_C0011225,C,GEN_FORMPAGO,ENABLED,,,,"""FORMULAR"" IS NOT NULL"
SYSTEM,SYS_C0011226,C,GEN_FORMPAGO,ENABLED,,,,"""DEFECTO"" IS NOT NULL"
SYSTEM,AVCON_1220130717_DISPO_006,C,GEN_PERIPAGO,ENABLED,,,,"DISPONIBLE IN ('S', 'N')"
SYSTEM,PRPG_FRPG_FK,R,GEN_PERIPAGO,ENABLED,SYSTEM,FRPG_PK,NO ACTION,
SYSTEM,PRPG_PK,P,GEN_PERIPAGO,ENABLED,,,,
SYSTEM,SYS_C0011347,C,GEN_PERIPAGO,ENABLED,,,,"""CODIPERI"" IS NOT NULL"
SYSTEM,SYS_C0011348,C,GEN_PERIPAGO,ENABLED,,,,"""DISPONIBLE"" IS NOT NULL"
SYSTEM,SYS_C0011349,C,GEN_PERIPAGO,ENABLED,,,,"""FECHCREA"" IS NOT NULL"
SYSTEM,SYS_C0011350,C,GEN_PERIPAGO,ENABLED,,,,"""USUACREA"" IS NOT NULL"
SYSTEM,AVCON_1220130717_DISPO_001,C,GEN_PRODUCTOS,ENABLED,,,,"DISPONIB IN ('S', 'N')"
SYSTEM,PRDT_PK,P,GEN_PRODUCTOS,ENABLED,,,,
SYSTEM,SYS_C0011406,C,GEN_PRODUCTOS,ENABLED,,,,"""PRODUCTO"" IS NOT NULL"
SYSTEM,SYS_C0011407,C,GEN_PRODUCTOS,ENABLED,,,,"""NOMBLARG"" IS NOT NULL"
SYSTEM,SYS_C0011408,C,GEN_PRODUCTOS,ENABLED,,,,"""NOMBCORT"" IS NOT NULL"
SYSTEM,SYS_C0011409,C,GEN_PRODUCTOS,ENABLED,,,,"""FECHCREA"" IS NOT NULL"
SYSTEM,SYS_C0011410,C,GEN_PRODUCTOS,ENABLED,,,,"""USUACREA"" IS NOT NULL"
SYSTEM,SYS_C0011588,C,GEN_TIPOPAGO,ENABLED,,,,"""CODIGO"" IS NOT NULL"
SYSTEM,SYS_C0011589,C,GEN_TIPOPAGO,ENABLED,,,,"""DESCRIPC"" IS NOT NULL"
SYSTEM,SYS_C0011590,C,GEN_TIPOPAGO,ENABLED,,,,"""USUACREA"" IS NOT NULL"
SYSTEM,SYS_C0011591,C,GEN_TIPOPAGO,ENABLED,,,,"""FECHCREA"" IS NOT NULL"
SYSTEM,TPPG_PK,P,GEN_TIPOPAGO,ENABLED,,,,
SYSTEM,AVCON_1220130717_APROB_000,C,IMP_DENOTAPEDI,ENABLED,,,,"APROBADO IN ('S', 'N')"
SYSTEM,DTNP_DREQ_FK,R,IMP_DENOTAPEDI,ENABLED,SYSTEM,DREQ_PK,NO ACTION,
SYSTEM,DTNP_DTNP_FK,R,IMP_DENOTAPEDI,ENABLED,SYSTEM,DTNP_PK,NO ACTION,
SYSTEM,DTNP_NTPD_FK,R,IMP_DENOTAPEDI,ENABLED,SYSTEM,NTPD_PK,NO ACTION,
SYSTEM,DTNP_PK,P,IMP_DENOTAPEDI,ENABLED,,,,
SYSTEM,SYS_C0011713,C,IMP_DENOTAPEDI,ENABLED,,,,"""DTNP_ID"" IS NOT NULL"
SYSTEM,SYS_C0011714,C,IMP_DENOTAPEDI,ENABLED,,,,"""PRECUNIT"" IS NOT NULL"
SYSTEM,SYS_C0011715,C,IMP_DENOTAPEDI,ENABLED,,,,"""CANTPEDI"" IS NOT NULL"
SYSTEM,SYS_C0011716,C,IMP_DENOTAPEDI,ENABLED,,,,"""CANTAPRO"" IS NOT NULL"
SYSTEM,SYS_C0011717,C,IMP_DENOTAPEDI,ENABLED,,,,"""CANTFACT"" IS NOT NULL"
SYSTEM,SYS_C0011718,C,IMP_DENOTAPEDI,ENABLED,,,,"""CANTPESO"" IS NOT NULL"
SYSTEM,SYS_C0011719,C,IMP_DENOTAPEDI,ENABLED,,,,"""FECHCREA"" IS NOT NULL"
SYSTEM,SYS_C0011720,C,IMP_DENOTAPEDI,ENABLED,,,,"""USUACREA"" IS NOT NULL"
SYSTEM,SYS_C0011721,C,IMP_DENOTAPEDI,ENABLED,,,,"""ARTL_CLASE"" IS NOT NULL"
SYSTEM,SYS_C0011722,C,IMP_DENOTAPEDI,ENABLED,,,,"""ARTL_COMPANIA"" IS NOT NULL"
SYSTEM,SYS_C0011723,C,IMP_DENOTAPEDI,ENABLED,,,,"""ARTL_CODIGRUP"" IS NOT NULL"
SYSTEM,SYS_C0011724,C,IMP_DENOTAPEDI,ENABLED,,,,"""ARTL_ARTICULO"" IS NOT NULL"
SYSTEM,NTPD_ASGR_FK,R,IMP_NOTAPEDI,ENABLED,SYSTEM,ASGR_PK,NO ACTION,
SYSTEM,NTPD_CBAN_FK,R,IMP_NOTAPEDI,ENABLED,SYSTEM,CBAN_PK,NO ACTION,
SYSTEM,NTPD_EGEN_FK,R,IMP_NOTAPEDI,ENABLED,SYSTEM,EGEN_PK,NO ACTION,
SYSTEM,NTPD_IMPT_FK,R,IMP_NOTAPEDI,ENABLED,SYSTEM,IMPT_PK,NO ACTION,
SYSTEM,NTPD_MONE_FK,R,IMP_NOTAPEDI,ENABLED,SYSTEM,MONE_PK,NO ACTION,
SYSTEM,NTPD_NTPD_FK,R,IMP_NOTAPEDI,ENABLED,SYSTEM,NTPD_PK,NO ACTION,
SYSTEM,NTPD_PK,P,IMP_NOTAPEDI,ENABLED,,,,
SYSTEM,NTPD_REQU_FK,R,IMP_NOTAPEDI,ENABLED,SYSTEM,REQU_PK,NO ACTION,
SYSTEM,NTPD_UMED_FK,R,IMP_NOTAPEDI,ENABLED,SYSTEM,UMED_PK,NO ACTION,
SYSTEM,SYS_C0011804,C,IMP_NOTAPEDI,ENABLED,,,,"""OFCN_COMPANIA"" IS NOT NULL"
SYSTEM,SYS_C0011805,C,IMP_NOTAPEDI,ENABLED,,,,"""OFCN_OFICINA"" IS NOT NULL"
SYSTEM,SYS_C0011806,C,IMP_NOTAPEDI,ENABLED,,,,"""NUMERO"" IS NOT NULL"
SYSTEM,SYS_C0011807,C,IMP_NOTAPEDI,ENABLED,,,,"""FECHA"" IS NOT NULL"
SYSTEM,SYS_C0011808,C,IMP_NOTAPEDI,ENABLED,,,,"""PORDSCTO"" IS NOT NULL"
SYSTEM,SYS_C0011809,C,IMP_NOTAPEDI,ENABLED,,,,"""VALDSCTO"" IS NOT NULL"
SYSTEM,SYS_C0011810,C,IMP_NOTAPEDI,ENABLED,,,,"""EGEN_ESTADO"" IS NOT NULL"
SYSTEM,SYS_C0011811,C,IMP_NOTAPEDI,ENABLED,,,,"""MONE_MONEDA"" IS NOT NULL"
SYSTEM,SYS_C0011812,C,IMP_NOTAPEDI,ENABLED,,,,"""UMED_UNIDMEDI"" IS NOT NULL"
SYSTEM,SYS_C0011813,C,IMP_NOTAPEDI,ENABLED,,,,"""FECHCREA"" IS NOT NULL"
SYSTEM,SYS_C0011814,C,IMP_NOTAPEDI,ENABLED,,,,"""USUACREA"" IS NOT NULL"
SYSTEM,INDE_EGEN_FK,R,INF_DETAEQUI,ENABLED,SYSTEM,EGEN_PK,NO ACTION,
SYSTEM,INDE_PK,P,INF_DETAEQUI,ENABLED,,,,
SYSTEM,SYS_C0011881,C,INF_DETAEQUI,ENABLED,,,,"""INDE_ID"" IS NOT NULL"
SYSTEM,SYS_C0011882,C,INF_DETAEQUI,ENABLED,,,,"""FECHA"" IS NOT NULL"
SYSTEM,SYS_C0011883,C,INF_DETAEQUI,ENABLED,,,,"""USUACREA"" IS NOT NULL"
SYSTEM,SYS_C0011884,C,INF_DETAEQUI,ENABLED,,,,"""FECHCREA"" IS NOT NULL"
SYSTEM,SYS_C0011885,C,INF_DETAEQUI,ENABLED,,,,"""EGEN_ESTADO"" IS NOT NULL"
SYSTEM,SYS_C0011886,C,INF_DETAEQUI,ENABLED,,,,"""INDN_INDN_ID"" IS NOT NULL"
SYSTEM,SYS_C0011887,C,INF_DETAEQUI,ENABLED,,,,"""AFIJ_CODIGO"" IS NOT NULL"
SYSTEM,SYS_C0011888,C,INF_DETAEQUI,ENABLED,,,,"""AFIJ_CLASE"" IS NOT NULL"
SYSTEM,SYS_C0011889,C,INF_DETAEQUI,ENABLED,,,,"""AFIJ_COMPANIA"" IS NOT NULL"
SYSTEM,DPAG_ASTO_FK,R,PAG_DETAPAGO,ENABLED,SYSTEM,ASTO_PK,NO ACTION,
SYSTEM,DPAG_EGEN_FK,R,PAG_DETAPAGO,ENABLED,SYSTEM,EGEN_PK,NO ACTION,
SYSTEM,DPAG_NCPR_FK,R,PAG_DETAPAGO,ENABLED,SYSTEM,NCPR_PK,NO ACTION,
SYSTEM,DPAG_PK,P,PAG_DETAPAGO,ENABLED,,,,
SYSTEM,DPAG_PPAG_FK,R,PAG_DETAPAGO,ENABLED,SYSTEM,PPAG_PK,NO ACTION,
SYSTEM,SYS_C0012034,C,PAG_DETAPAGO,ENABLED,,,,"""DPAG_ID"" IS NOT NULL"
SYSTEM,SYS_C0012035,C,PAG_DETAPAGO,ENABLED,,,,"""ASTO_COMPANIA"" IS NOT NULL"
SYSTEM,SYS_C0012036,C,PAG_DETAPAGO,ENABLED,,,,"""ASTO_NUMEDIAR"" IS NOT NULL"
SYSTEM,SYS_C0012037,C,PAG_DETAPAGO,ENABLED,,,,"""EGEN_ESTADO"" IS NOT NULL"
SYSTEM,SYS_C0012038,C,PAG_DETAPAGO,ENABLED,,,,"""PPAG_PPAG_ID"" IS NOT NULL"
SYSTEM,SYS_C0012039,C,PAG_DETAPAGO,ENABLED,,,,"""FECHA"" IS NOT NULL"
SYSTEM,SYS_C0012040,C,PAG_DETAPAGO,ENABLED,,,,"""VALOR"" IS NOT NULL"
SYSTEM,SYS_C0012041,C,PAG_DETAPAGO,ENABLED,,,,"""REFER"" IS NOT NULL"
SYSTEM,SYS_C0012042,C,PAG_DETAPAGO,ENABLED,,,,"""FECHCREA"" IS NOT NULL"
SYSTEM,SYS_C0012043,C,PAG_DETAPAGO,ENABLED,,,,"""USUACREA"" IS NOT NULL"
SYSTEM,AVCON_1641237567_TIPO_000,C,PRT_DETASIENTO,ENABLED,,,,"TIPO IN ('D', 'C')"
SYSTEM,PDAS_GPCM_FK,R,PRT_DETASIENTO,ENABLED,SYSTEM,GPCM_PK,NO ACTION,
SYSTEM,PDAS_PCTS_FK,R,PRT_DETASIENTO,ENABLED,SYSTEM,PCTS_PK,NO ACTION,
SYSTEM,PDAS_PK,P,PRT_DETASIENTO,ENABLED,,,,
SYSTEM,PDAS_PTBN_FK,R,PRT_DETASIENTO,ENABLED,SYSTEM,PTBN_PK,NO ACTION,
SYSTEM,SYS_C0012243,C,PRT_DETASIENTO,ENABLED,,,,"""PDAS_ID"" IS NOT NULL"
SYSTEM,SYS_C0012244,C,PRT_DETASIENTO,ENABLED,,,,"""TIPO"" IS NOT NULL"
SYSTEM,SYS_C0012245,C,PRT_DETASIENTO,ENABLED,,,,"""VALOR"" IS NOT NULL"
SYSTEM,SYS_C0012246,C,PRT_DETASIENTO,ENABLED,,,,"""FECHCREA"" IS NOT NULL"
SYSTEM,SYS_C0012247,C,PRT_DETASIENTO,ENABLED,,,,"""USUACREA"" IS NOT NULL"
SYSTEM,SYS_C0012248,C,PRT_DETASIENTO,ENABLED,,,,"""PCTS_CODIGO"" IS NOT NULL"
SYSTEM,SYS_C0012249,C,PRT_DETASIENTO,ENABLED,,,,"""GPCM_CODIGRUP"" IS NOT NULL"
SYSTEM,SYS_C0012250,C,PRT_DETASIENTO,ENABLED,,,,"""PTBN_NUMEOPER"" IS NOT NULL"
SYSTEM,AVCON_1641237567_APROB_001,C,PRT_DETASOLI,ENABLED,,,,"APROBADO IN ('S', 'N')"
SYSTEM,AVCON_1641237567_EXEPC_001,C,PRT_DETASOLI,ENABLED,,,,"EXEPCION IN ('S', 'N')"
SYSTEM,AVCON_1705010623_APROB_002,C,PRT_DETASOLI,ENABLED,,,,"APROBADOC2 IN ('S', 'N')"
SYSTEM,AVCON_1705010623_APROB_003,C,PRT_DETASOLI,ENABLED,,,,"APROBADOC3 IN ('S', 'N')"
SYSTEM,AVCON_1705010623_APROB_004,C,PRT_DETASOLI,ENABLED,,,,"APROBADOC4 IN ('S', 'N')"
SYSTEM,AVCON_1705010623_APROB_005,C,PRT_DETASOLI,ENABLED,,,,"APROBADOC5 IN ('S', 'N')"
SYSTEM,PDSL_ESOL_FK,R,PRT_DETASOLI,ENABLED,SYSTEM,ESOL_PK,NO ACTION,
SYSTEM,PDSL_PCRG_FK,R,PRT_DETASOLI,ENABLED,SYSTEM,PCRG_PK,NO ACTION,
SYSTEM,PDSL_PK,P,PRT_DETASOLI,ENABLED,,,,
SYSTEM,PDSL_PRTC_FK,R,PRT_DETASOLI,ENABLED,SYSTEM,PRTC_PK,NO ACTION,
SYSTEM,PDSL_PSLG_FK,R,PRT_DETASOLI,ENABLED,SYSTEM,PSLG_PK,NO ACTION,
SYSTEM,PDSL_TPDC_FK,R,PRT_DETASOLI,ENABLED,SYSTEM,TPDC_PK,NO ACTION,
SYSTEM,SYS_C0012254,C,PRT_DETASOLI,ENABLED,,,,"""PDSL_ID"" IS NOT NULL"
SYSTEM,SYS_C0012255,C,PRT_DETASOLI,ENABLED,,,,"""MONTO"" IS NOT NULL"
SYSTEM,SYS_C0012256,C,PRT_DETASOLI,ENABLED,,,,"""APROBADO"" IS NOT NULL"
SYSTEM,SYS_C0012257,C,PRT_DETASOLI,ENABLED,,,,"""EXEPCION"" IS NOT NULL"
SYSTEM,SYS_C0012258,C,PRT_DETASOLI,ENABLED,,,,"""USUACREA"" IS NOT NULL"
SYSTEM,SYS_C0012259,C,PRT_DETASOLI,ENABLED,,,,"""FECHCREA"" IS NOT NULL"
SYSTEM,SYS_C0012260,C,PRT_DETASOLI,ENABLED,,,,"""CLTE_IDCLIENTE"" IS NOT NULL"
SYSTEM,SYS_C0012261,C,PRT_DETASOLI,ENABLED,,,,"""CLTE_COMPANIA"" IS NOT NULL"
SYSTEM,SYS_C0012262,C,PRT_DETASOLI,ENABLED,,,,"""TPDC_TIPODOCU"" IS NOT NULL"
SYSTEM,SYS_C0012263,C,PRT_DETASOLI,ENABLED,,,,"""PSLG_NUMERO"" IS NOT NULL"
SYSTEM,SYS_C0012264,C,PRT_DETASOLI,ENABLED,,,,"""PCRG_TIPO"" IS NOT NULL"
SYSTEM,SYS_C0012265,C,PRT_DETASOLI,ENABLED,,,,"""ESOL_ESTADO"" IS NOT NULL"
SYSTEM,SYS_C0012266,C,PRT_DETASOLI,ENABLED,,,,"""MONTOC2"" IS NOT NULL"
SYSTEM,SYS_C0012267,C,PRT_DETASOLI,ENABLED,,,,"""MONTOC3"" IS NOT NULL"
SYSTEM,SYS_C0012268,C,PRT_DETASOLI,ENABLED,,,,"""MONTOC4"" IS NOT NULL"
SYSTEM,SYS_C0012269,C,PRT_DETASOLI,ENABLED,,,,"""MONTOC5"" IS NOT NULL"
SYSTEM,SYS_C0012270,C,PRT_DETASOLI,ENABLED,,,,"""APROBADOC2"" IS NOT NULL"
SYSTEM,SYS_C0012271,C,PRT_DETASOLI,ENABLED,,,,"""APROBADOC3"" IS NOT NULL"
SYSTEM,SYS_C0012272,C,PRT_DETASOLI,ENABLED,,,,"""APROBADOC4"" IS NOT NULL"
SYSTEM,SYS_C0012273,C,PRT_DETASOLI,ENABLED,,,,"""APROBADOC5"" IS NOT NULL"
SYSTEM,AVCON_1641237567_TIPO_001,C,PRT_DETIPCAU,ENABLED,,,,"TIPO IN ('D', 'C')"
SYSTEM,DCSL_PCTS_FK,R,PRT_DETIPCAU,ENABLED,SYSTEM,PCTS_PK,NO ACTION,
SYSTEM,DCSL_PK,P,PRT_DETIPCAU,ENABLED,,,,
SYSTEM,DCSL_TCSL_FK,R,PRT_DETIPCAU,ENABLED,SYSTEM,TCSL_PK,NO ACTION,
SYSTEM,DCSL_TPDC_FK,R,PRT_DETIPCAU,ENABLED,SYSTEM,TPDC_PK,NO ACTION,
SYSTEM,SYS_C0012282,C,PRT_DETIPCAU,ENABLED,,,,"""DCSL_ID"" IS NOT NULL"
SYSTEM,SYS_C0012283,C,PRT_DETIPCAU,ENABLED,,,,"""VARSISTEMA"" IS NOT NULL"
SYSTEM,SYS_C0012284,C,PRT_DETIPCAU,ENABLED,,,,"""TIPO"" IS NOT NULL"
SYSTEM,SYS_C0012285,C,PRT_DETIPCAU,ENABLED,,,,"""USUACREA"" IS NOT NULL"
SYSTEM,SYS_C0012286,C,PRT_DETIPCAU,ENABLED,,,,"""FECHCREA"" IS NOT NULL"
SYSTEM,SYS_C0012287,C,PRT_DETIPCAU,ENABLED,,,,"""TCSL_TIPCASUA"" IS NOT NULL"
SYSTEM,SYS_C0012288,C,PRT_DETIPCAU,ENABLED,,,,"""TPDC_TIPODOCU"" IS NOT NULL"
SYSTEM,SYS_C0012289,C,PRT_DETIPCAU,ENABLED,,,,"""PCTS_CODIGO"" IS NOT NULL"
SYSTEM,SDET_CCPT_FK,R,PRT_SIMUDETA,ENABLED,SYSTEM,CCPT_PK,NO ACTION,
SYSTEM,SDET_EGEN_FK,R,PRT_SIMUDETA,ENABLED,SYSTEM,EGEN_PK,NO ACTION,
SYSTEM,SDET_FRPG_FK,R,PRT_SIMUDETA,ENABLED,SYSTEM,FRPG_PK,NO ACTION,
SYSTEM,SDET_PK,P,PRT_SIMUDETA,ENABLED,,,,
SYSTEM,SDET_SMCR_FK,R,PRT_SIMUDETA,ENABLED,SYSTEM,SMCR_PK,NO ACTION,
SYSTEM,SYS_C0012472,C,PRT_SIMUDETA,ENABLED,,,,"""SDET_ID"" IS NOT NULL"
SYSTEM,SYS_C0012473,C,PRT_SIMUDETA,ENABLED,,,,"""NUMECUOT"" IS NOT NULL"
SYSTEM,SYS_C0012474,C,PRT_SIMUDETA,ENABLED,,,,"""VALOCOUT"" IS NOT NULL"
SYSTEM,SYS_C0012475,C,PRT_SIMUDETA,ENABLED,,,,"""CAPITAL"" IS NOT NULL"
SYSTEM,SYS_C0012476,C,PRT_SIMUDETA,ENABLED,,,,"""DIAS"" IS NOT NULL"
SYSTEM,SYS_C0012477,C,PRT_SIMUDETA,ENABLED,,,,"""FECHVENC"" IS NOT NULL"
SYSTEM,SYS_C0012478,C,PRT_SIMUDETA,ENABLED,,,,"""TASAINTE"" IS NOT NULL"
SYSTEM,SYS_C0012479,C,PRT_SIMUDETA,ENABLED,,,,"""FECHCREA"" IS NOT NULL"
SYSTEM,SYS_C0012480,C,PRT_SIMUDETA,ENABLED,,,,"""USUACREA"" IS NOT NULL"
SYSTEM,SYS_C0012481,C,PRT_SIMUDETA,ENABLED,,,,"""EGEN_ESTADO"" IS NOT NULL"
SYSTEM,SYS_C0012482,C,PRT_SIMUDETA,ENABLED,,,,"""SMCR_SMCR_ID"" IS NOT NULL"
SYSTEM,SYS_C0012483,C,PRT_SIMUDETA,ENABLED,,,,"""FRPG_FORMPAGO"" IS NOT NULL"
SYSTEM,SYS_C0012484,C,PRT_SIMUDETA,ENABLED,,,,"""CCPT_TIPOCAPI"" IS NOT NULL"
SYSTEM,DPRS_PK,P,RHH_DETAPRES,ENABLED,,,,
SYSTEM,DPRS_PRS_FK,R,RHH_DETAPRES,ENABLED,SYSTEM,PRS_PK,NO ACTION,
SYSTEM,SYS_C0012810,C,RHH_DETAPRES,ENABLED,,,,"""DPRS_ID"" IS NOT NULL"
SYSTEM,SYS_C0012811,C,RHH_DETAPRES,ENABLED,,,,"""TIPO"" IS NOT NULL"
SYSTEM,SYS_C0012812,C,RHH_DETAPRES,ENABLED,,,,"""CANTIDAD"" IS NOT NULL"
SYSTEM,SYS_C0012813,C,RHH_DETAPRES,ENABLED,,,,"""COSTO"" IS NOT NULL"
SYSTEM,SYS_C0012814,C,RHH_DETAPRES,ENABLED,,,,"""VALOR"" IS NOT NULL"
SYSTEM,SYS_C0012815,C,RHH_DETAPRES,ENABLED,,,,"""TCSI_TIPOCOST"" IS NOT NULL"
SYSTEM,SYS_C0012816,C,RHH_DETAPRES,ENABLED,,,,"""TCSI_COMPANIA"" IS NOT NULL"
SYSTEM,SYS_C0012817,C,RHH_DETAPRES,ENABLED,,,,"""PRS_NUMERO"" IS NOT NULL"
SYSTEM,SYS_C0012818,C,RHH_DETAPRES,ENABLED,,,,"""PRS_OFICINA"" IS NOT NULL"
SYSTEM,SYS_C0012819,C,RHH_DETAPRES,ENABLED,,,,"""PRS_COMPANIA"" IS NOT NULL"
SYSTEM,SYS_C0012820,C,RHH_DETAPRES,ENABLED,,,,"""RHHS_CEDURUC"" IS NOT NULL"
SYSTEM,SYS_C0012821,C,RHH_DETAPRES,ENABLED,,,,"""ARTL_COMPANIA"" IS NOT NULL"
SYSTEM,SYS_C0012822,C,RHH_DETAPRES,ENABLED,,,,"""ARTL_ARTICULO"" IS NOT NULL"
SYSTEM,SYS_C0012823,C,RHH_DETAPRES,ENABLED,,,,"""ARTL_CLASE"" IS NOT NULL"
SYSTEM,SYS_C0012824,C,RHH_DETAPRES,ENABLED,,,,"""ARTL_CODIGRUP"" IS NOT NULL"
SYSTEM,SYS_C0012825,C,RHH_DETAPRES,ENABLED,,,,"""FECHCREA"" IS NOT NULL"
SYSTEM,SYS_C0012826,C,RHH_DETAPRES,ENABLED,,,,"""USUACREA"" IS NOT NULL"
SYSTEM,CUOTAS_ASTO_FK,R,RHH_DETAVENC,ENABLED,SYSTEM,ASTO_PK,NO ACTION,
SYSTEM,CUOTAS_EGEN_FK,R,RHH_DETAVENC,ENABLED,SYSTEM,EGEN_PK,NO ACTION,
SYSTEM,CUOTAS_PK,P,RHH_DETAVENC,ENABLED,,,,
SYSTEM,CUOTAS_VNCT_FK,R,RHH_DETAVENC,ENABLED,SYSTEM,VNCT_PK,NO ACTION,
SYSTEM,SYS_C0012829,C,RHH_DETAVENC,ENABLED,,,,"""CUOTAS_ID"" IS NOT NULL"
SYSTEM,SYS_C0012830,C,RHH_DETAVENC,ENABLED,,,,"""FECHCREA"" IS NOT NULL"
SYSTEM,SYS_C0012831,C,RHH_DETAVENC,ENABLED,,,,"""USUACREA"" IS NOT NULL"
SYSTEM,SYS_C0012832,C,RHH_DETAVENC,ENABLED,,,,"""VNCT_ID"" IS NOT NULL"
SYSTEM,SYS_C0012833,C,RHH_DETAVENC,ENABLED,,,,"""EGEN_ESTADO"" IS NOT NULL"
SYSTEM,PGVC_EGEN_FK,R,RHH_PAGOVACA,ENABLED,SYSTEM,EGEN_PK,NO ACTION,
SYSTEM,PGVC_PK,P,RHH_PAGOVACA,ENABLED,,,,
SYSTEM,PGVC_PRVN_FK,R,RHH_PAGOVACA,ENABLED,SYSTEM,PRVN_PK,NO ACTION,
SYSTEM,SYS_C0013003,C,RHH_PAGOVACA,ENABLED,,,,"""PGVC_ID"" IS NOT NULL"
SYSTEM,SYS_C0013004,C,RHH_PAGOVACA,ENABLED,,,,"""VALOR"" IS NOT NULL"
SYSTEM,SYS_C0013005,C,RHH_PAGOVACA,ENABLED,,,,"""FECHA"" IS NOT NULL"
SYSTEM,SYS_C0013006,C,RHH_PAGOVACA,ENABLED,,,,"""USUACREA"" IS NOT NULL"
SYSTEM,SYS_C0013007,C,RHH_PAGOVACA,ENABLED,,,,"""FECHCREA"" IS NOT NULL"
SYSTEM,SYS_C0013008,C,RHH_PAGOVACA,ENABLED,,,,"""PRVN_CEDURUC"" IS NOT NULL"
SYSTEM,SYS_C0013009,C,RHH_PAGOVACA,ENABLED,,,,"""PRVN_CODIPROV"" IS NOT NULL"
SYSTEM,SYS_C0013010,C,RHH_PAGOVACA,ENABLED,,,,"""PRVN_FECHA"" IS NOT NULL"
SYSTEM,PRAC_PK2,P,RHH_PRODUCTOS,ENABLED,,,,
SYSTEM,SYS_C0013059,C,RHH_PRODUCTOS,ENABLED,,,,"""CODIGO"" IS NOT NULL"
SYSTEM,SYS_C0013060,C,RHH_PRODUCTOS,ENABLED,,,,"""NOMBRE"" IS NOT NULL"
SYSTEM,SYS_C0013061,C,RHH_PRODUCTOS,ENABLED,,,,"""FECHCREA"" IS NOT NULL"
SYSTEM,SYS_C0013062,C,RHH_PRODUCTOS,ENABLED,,,,"""USUACREA"" IS NOT NULL"
SYSTEM,AVCON_1704213247_VIGEN_005,C,SEG_PRODUCTO,ENABLED,,,,"VIGENTE IN ('S', 'N')"
SYSTEM,SPRO_PK,P,SEG_PRODUCTO,ENABLED,,,,
SYSTEM,SYS_C0013490,C,SEG_PRODUCTO,ENABLED,,,,"""PRODUCTO"" IS NOT NULL"
SYSTEM,SYS_C0013491,C,SEG_PRODUCTO,ENABLED,,,,"""DESCRIPC"" IS NOT NULL"
SYSTEM,SYS_C0013492,C,SEG_PRODUCTO,ENABLED,,,,"""VIGENTE"" IS NOT NULL"
SYSTEM,SYS_C0013493,C,SEG_PRODUCTO,ENABLED,,,,"""FECHCREA"" IS NOT NULL"
SYSTEM,SYS_C0013494,C,SEG_PRODUCTO,ENABLED,,,,"""USUACREA"" IS NOT NULL"
SYSTEM,PDUS_PK,P,SEG_PRODUSUA,ENABLED,,,,
SYSTEM,PDUS_PRDT_FK,R,SEG_PRODUSUA,ENABLED,SYSTEM,PRDT_PK,NO ACTION,
SYSTEM,PDUS_USUA_FK,R,SEG_PRODUSUA,ENABLED,SYSTEM,USUA_PK,NO ACTION,
SYSTEM,SYS_C0013498,C,SEG_PRODUSUA,ENABLED,,,,"""USUA_IDUSUAR"" IS NOT NULL"
SYSTEM,SYS_C0013499,C,SEG_PRODUSUA,ENABLED,,,,"""PRDT_PRODUCTO"" IS NOT NULL"
SYSTEM,SYS_C0013500,C,SEG_PRODUSUA,ENABLED,,,,"""FECHCREA"" IS NOT NULL"
SYSTEM,SYS_C0013501,C,SEG_PRODUSUA,ENABLED,,,,"""USUACREA"" IS NOT NULL"
SYSTEM,SYS_C0013502,C,SEG_PRODUSUA,ENABLED,,,,"""USUACTUA"" IS NOT NULL"
SYSTEM,ERDO_LGFA_FK,R,SRI_DETALOGF,ENABLED,SYSTEM,LGFA_PK,NO ACTION,
SYSTEM,ERDO_PK,P,SRI_DETALOGF,ENABLED,,,,
SYSTEM,ERDO_TPER_FK,R,SRI_DETALOGF,ENABLED,SYSTEM,TPER_PK,NO ACTION,
SYSTEM,SYS_C0013611,C,SRI_DETALOGF,ENABLED,,,,"""ERDO_ID"" IS NOT NULL"
SYSTEM,SYS_C0013612,C,SRI_DETALOGF,ENABLED,,,,"""LGFA_LGFA_ID"" IS NOT NULL"
SYSTEM,SYS_C0013613,C,SRI_DETALOGF,ENABLED,,,,"""USUACREA"" IS NOT NULL"
SYSTEM,SYS_C0013614,C,SRI_DETALOGF,ENABLED,,,,"""FECHCREA"" IS NOT NULL"
SYSTEM,AVCON_1512061302_AUTOR_000,C,SRI_LOGFACTU,ENABLED,,,,"AUTORIZA IN ('S', 'N')"
SYSTEM,LGFA_PK,P,SRI_LOGFACTU,ENABLED,,,,
SYSTEM,LGFA_TPCM_FK,R,SRI_LOGFACTU,ENABLED,SYSTEM,TPCM_PK,NO ACTION,
SYSTEM,SYS_C0013617,C,SRI_LOGFACTU,ENABLED,,,,"""LGFA_ID"" IS NOT NULL"
SYSTEM,SYS_C0013618,C,SRI_LOGFACTU,ENABLED,,,,"""NOMBDOCU"" IS NOT NULL"
SYSTEM,SYS_C0013619,C,SRI_LOGFACTU,ENABLED,,,,"""FECHA"" IS NOT NULL"
SYSTEM,SYS_C0013620,C,SRI_LOGFACTU,ENABLED,,,,"""USUACREA"" IS NOT NULL"
SYSTEM,SYS_C0013621,C,SRI_LOGFACTU,ENABLED,,,,"""FECHCREA"" IS NOT NULL"
SYSTEM,INDT_PK,P,SRV_INDETEOB,ENABLED,,,,
SYSTEM,SYS_C0013675,C,SRV_INDETEOB,ENABLED,,,,"""ABRTECOB"" IS NOT NULL"
SYSTEM,SYS_C0013676,C,SRV_INDETEOB,ENABLED,,,,"""NOMENCLA"" IS NOT NULL"
SYSTEM,SYS_C0013677,C,SRV_INDETEOB,ENABLED,,,,"""DEFINICI"" IS NOT NULL"
SYSTEM,SYS_C0013678,C,SRV_INDETEOB,ENABLED,,,,"""EXPLICAC"" IS NOT NULL"
SYSTEM,SYS_C0013679,C,SRV_INDETEOB,ENABLED,,,,"""USUACREA"" IS NOT NULL"
SYSTEM,SYS_C0013680,C,SRV_INDETEOB,ENABLED,,,,"""FECHCREA"" IS NOT NULL"
SYSTEM,AVCON_1291673938_SEHAF_000,C,SRV_SEPRVDET,ENABLED,,,,"SEHAFACT IN ('S', 'N')"
SYSTEM,SPVD_EGEN_FK,R,SRV_SEPRVDET,ENABLED,SYSTEM,EGEN_PK,NO ACTION,
SYSTEM,SPVD_PK,P,SRV_SEPRVDET,ENABLED,,,,
SYSTEM,SPVD_RCDP_FK,R,SRV_SEPRVDET,ENABLED,SYSTEM,RCDP_PK,NO ACTION,
SYSTEM,SPVD_SPVC_FK,R,SRV_SEPRVDET,ENABLED,SYSTEM,SPVC_PK,NO ACTION,
SYSTEM,SPVD_SPVD_FK,R,SRV_SEPRVDET,ENABLED,SYSTEM,SPVD_PK,NO ACTION,
SYSTEM,SPVD_STCR_FK,R,SRV_SEPRVDET,ENABLED,SYSTEM,STCR_PK,NO ACTION,
SYSTEM,SPVD_UMED_FK,R,SRV_SEPRVDET,ENABLED,SYSTEM,UMED_PK,NO ACTION,
SYSTEM,SYS_C0013771,C,SRV_SEPRVDET,ENABLED,,,,"""EGEN_ESTADO"" IS NOT NULL"
SYSTEM,SYS_C0013772,C,SRV_SEPRVDET,ENABLED,,,,"""SPVD_ID"" IS NOT NULL"
SYSTEM,SYS_C0013773,C,SRV_SEPRVDET,ENABLED,,,,"""SPVC_SPVC_ID"" IS NOT NULL"
SYSTEM,SYS_C0013774,C,SRV_SEPRVDET,ENABLED,,,,"""ARTL_CODIGRUP"" IS NOT NULL"
SYSTEM,SYS_C0013775,C,SRV_SEPRVDET,ENABLED,,,,"""ARTL_CLASE"" IS NOT NULL"
SYSTEM,SYS_C0013776,C,SRV_SEPRVDET,ENABLED,,,,"""ARTL_ARTICULO"" IS NOT NULL"
SYSTEM,SYS_C0013777,C,SRV_SEPRVDET,ENABLED,,,,"""ARTL_COMPANIA"" IS NOT NULL"
SYSTEM,SYS_C0013778,C,SRV_SEPRVDET,ENABLED,,,,"""UMED_UNIDMEDI"" IS NOT NULL"
SYSTEM,SYS_C0013779,C,SRV_SEPRVDET,ENABLED,,,,"""CANTIDAD"" IS NOT NULL"
SYSTEM,SYS_C0013780,C,SRV_SEPRVDET,ENABLED,,,,"""USUACREA"" IS NOT NULL"
SYSTEM,SYS_C0013781,C,SRV_SEPRVDET,ENABLED,,,,"""FECHCREA"" IS NOT NULL"
SYSTEM,AVCON_1291735497_EXTER_000,C,TLL_DETAORDEN,ENABLED,,,,"EXTERNO IN ('S', 'N')"
SYSTEM,DTOR_ORTB_FK,R,TLL_DETAORDEN,ENABLED,SYSTEM,ORTB_PK,NO ACTION,
SYSTEM,DTOR_PK,P,TLL_DETAORDEN,ENABLED,,,,
SYSTEM,SYS_C0013816,C,TLL_DETAORDEN,ENABLED,,,,"""DTOR_ID"" IS NOT NULL"
SYSTEM,SYS_C0013817,C,TLL_DETAORDEN,ENABLED,,,,"""ORTB_COMPANIA"" IS NOT NULL"
SYSTEM,SYS_C0013818,C,TLL_DETAORDEN,ENABLED,,,,"""ORTB_OFICINA"" IS NOT NULL"
SYSTEM,SYS_C0013819,C,TLL_DETAORDEN,ENABLED,,,,"""ORTB_ORDEN"" IS NOT NULL"
SYSTEM,SYS_C0013820,C,TLL_DETAORDEN,ENABLED,,,,"""EXTERNO"" IS NOT NULL"
SYSTEM,SYS_C0013821,C,TLL_DETAORDEN,ENABLED,,,,"""USUACREA"" IS NOT NULL"
SYSTEM,SYS_C0013822,C,TLL_DETAORDEN,ENABLED,,,,"""FECHCREA"" IS NOT NULL"
SYSTEM,DTRQ_BDGA_FK,R,TLL_DETAREQUI,ENABLED,SYSTEM,BDGA_PK,NO ACTION,
SYSTEM,DTRQ_ONRC_FK,R,TLL_DETAREQUI,ENABLED,SYSTEM,ONRC_PK,NO ACTION,
SYSTEM,DTRQ_PK,P,TLL_DETAREQUI,ENABLED,,,,
SYSTEM,SYS_C0013826,C,TLL_DETAREQUI,ENABLED,,,,"""BDGA_OFICINA"" IS NOT NULL"
SYSTEM,SYS_C0013827,C,TLL_DETAREQUI,ENABLED,,,,"""BDGA_COMPANIA"" IS NOT NULL"
SYSTEM,SYS_C0013828,C,TLL_DETAREQUI,ENABLED,,,,"""BDGA_CODIBODE"" IS NOT NULL"
SYSTEM,SYS_C0013829,C,TLL_DETAREQUI,ENABLED,,,,"""DTRQ_ID"" IS NOT NULL"
SYSTEM,SYS_C0013830,C,TLL_DETAREQUI,ENABLED,,,,"""USUACREA"" IS NOT NULL"
SYSTEM,SYS_C0013831,C,TLL_DETAREQUI,ENABLED,,,,"""FECHCREA"" IS NOT NULL"
SYSTEM,SYS_C0013832,C,TLL_DETAREQUI,ENABLED,,,,"""ARTL_ARTICULO"" IS NOT NULL"
SYSTEM,SYS_C0013833,C,TLL_DETAREQUI,ENABLED,,,,"""ARTL_CLASE"" IS NOT NULL"
SYSTEM,SYS_C0013834,C,TLL_DETAREQUI,ENABLED,,,,"""ARTL_COMPANIA"" IS NOT NULL"
SYSTEM,SYS_C0013835,C,TLL_DETAREQUI,ENABLED,,,,"""ARTL_CODIGRUP"" IS NOT NULL"
SYSTEM,SYS_C0013836,C,TLL_DETAREQUI,ENABLED,,,,"""ONRC_NUMERO"" IS NOT NULL"
SYSTEM,SYS_C0013837,C,TLL_DETAREQUI,ENABLED,,,,"""ONRC_COMPANIA"" IS NOT NULL"
SYSTEM,SYS_C0013838,C,TLL_DETAREQUI,ENABLED,,,,"""ONRC_OFICINA"" IS NOT NULL"
SYSTEM,SYS_C0013839,C,TLL_DETAREQUI,ENABLED,,,,"""ONRC_ORDEN"" IS NOT NULL"
SYSTEM,ONRC_DTOR_FK,R,TLL_ORDENTRC,ENABLED,SYSTEM,DTOR_PK,NO ACTION,
SYSTEM,ONRC_ENSA_FK,R,TLL_ORDENTRC,ENABLED,SYSTEM,ENSA_PK,NO ACTION,
SYSTEM,ONRC_ORTB_FK,R,TLL_ORDENTRC,ENABLED,SYSTEM,ORTB_PK,NO ACTION,
SYSTEM,ONRC_PK,P,TLL_ORDENTRC,ENABLED,,,,
SYSTEM,SYS_C0013851,C,TLL_ORDENTRC,ENABLED,,,,"""NUMERO"" IS NOT NULL"
SYSTEM,SYS_C0013852,C,TLL_ORDENTRC,ENABLED,,,,"""FECHA"" IS NOT NULL"
SYSTEM,SYS_C0013853,C,TLL_ORDENTRC,ENABLED,,,,"""USUACREA"" IS NOT NULL"
SYSTEM,SYS_C0013854,C,TLL_ORDENTRC,ENABLED,,,,"""FECHCREA"" IS NOT NULL"
SYSTEM,SYS_C0013855,C,TLL_ORDENTRC,ENABLED,,,,"""EGEN_ESTADO"" IS NOT NULL"
SYSTEM,SYS_C0013856,C,TLL_ORDENTRC,ENABLED,,,,"""ORTB_COMPANIA"" IS NOT NULL"
SYSTEM,SYS_C0013857,C,TLL_ORDENTRC,ENABLED,,,,"""ORTB_OFICINA"" IS NOT NULL"
SYSTEM,SYS_C0013858,C,TLL_ORDENTRC,ENABLED,,,,"""ORTB_ORDEN"" IS NOT NULL"
SYSTEM,SYS_C0013859,C,TLL_ORDENTRC,ENABLED,,,,"""SOLICITA"" IS NOT NULL"
SYSTEM,AVCON_1291735497_MEDID_000,C,TLL_ORDETRAB,ENABLED,,,,"MEDIDA IN ('Km', 'Hr')"
SYSTEM,ORTB_CDT_FK,R,TLL_ORDETRAB,ENABLED,SYSTEM,CDT_PK,NO ACTION,
SYSTEM,ORTB_EGEN_FK,R,TLL_ORDETRAB,ENABLED,SYSTEM,EGEN_PK,NO ACTION,
SYSTEM,ORTB_ORTB_FK,R,TLL_ORDETRAB,ENABLED,SYSTEM,ORTB_PK,NO ACTION,
SYSTEM,ORTB_PK,P,TLL_ORDETRAB,ENABLED,,,,
SYSTEM,ORTB_TPDG_FK,R,TLL_ORDETRAB,ENABLED,SYSTEM,TPDG_PK,NO ACTION,
SYSTEM,ORTB_TPTB_FK,R,TLL_ORDETRAB,ENABLED,SYSTEM,TPTB_PK,NO ACTION,
SYSTEM,ORTB_VHTL_FK,R,TLL_ORDETRAB,ENABLED,SYSTEM,VT_PK,NO ACTION,
SYSTEM,SYS_C0013862,C,TLL_ORDETRAB,ENABLED,,,,"""OFCN_COMPANIA"" IS NOT NULL"
SYSTEM,SYS_C0013863,C,TLL_ORDETRAB,ENABLED,,,,"""OFCN_OFICINA"" IS NOT NULL"
SYSTEM,SYS_C0013864,C,TLL_ORDETRAB,ENABLED,,,,"""ORDEN"" IS NOT NULL"
SYSTEM,SYS_C0013865,C,TLL_ORDETRAB,ENABLED,,,,"""EGEN_ESTADO"" IS NOT NULL"
SYSTEM,SYS_C0013866,C,TLL_ORDETRAB,ENABLED,,,,"""RHHS_CEDURUC"" IS NOT NULL"
SYSTEM,SYS_C0013867,C,TLL_ORDETRAB,ENABLED,,,,"""FECHINGR"" IS NOT NULL"
SYSTEM,SYS_C0013868,C,TLL_ORDETRAB,ENABLED,,,,"""USUACREA"" IS NOT NULL"
SYSTEM,SYS_C0013869,C,TLL_ORDETRAB,ENABLED,,,,"""FECHCREA"" IS NOT NULL"
SYSTEM,SYS_C0013870,C,TLL_ORDETRAB,ENABLED,,,,"""TPTB_TP"" IS NOT NULL"
SYSTEM,SYS_C0013871,C,TLL_ORDETRAB,ENABLED,,,,"""VHTL_IDCLIENTE"" IS NOT NULL"
SYSTEM,SYS_C0013872,C,TLL_ORDETRAB,ENABLED,,,,"""VHTL_COMPANIA"" IS NOT NULL"
SYSTEM,SYS_C0013873,C,TLL_ORDETRAB,ENABLED,,,,"""VHTL_PLACA"" IS NOT NULL"
SYSTEM,SYS_C0013935,C,TMP_DETAREQU,ENABLED,,,,"""PROVEEDOR"" IS NOT NULL"
SYSTEM,SYS_C0013936,C,TMP_DETAREQU,ENABLED,,,,"""COMPANIA"" IS NOT NULL"
SYSTEM,SYS_C0013937,C,TMP_DETAREQU,ENABLED,,,,"""OFICINA"" IS NOT NULL"
SYSTEM,SYS_C0013938,C,TMP_DETAREQU,ENABLED,,,,"""BODEGA"" IS NOT NULL"
SYSTEM,SYS_C0013939,C,TMP_DETAREQU,ENABLED,,,,"""SECCION"" IS NOT NULL"
SYSTEM,SYS_C0013940,C,TMP_DETAREQU,ENABLED,,,,"""CLASE"" IS NOT NULL"
SYSTEM,SYS_C0013941,C,TMP_DETAREQU,ENABLED,,,,"""GRUPO"" IS NOT NULL"
SYSTEM,SYS_C0013942,C,TMP_DETAREQU,ENABLED,,,,"""ARTICULO"" IS NOT NULL"
SYSTEM,SYS_C0013943,C,TMP_DETAREQU,ENABLED,,,,"""CANTSOLI"" IS NOT NULL"
SYSTEM,SYS_C0013944,C,TMP_DETAREQU,ENABLED,,,,"""TMDR_ID"" IS NOT NULL"
SYSTEM,TMDR_PK,P,TMP_DETAREQU,ENABLED,,,,
SYSTEM,DTFC_PK,P,VEN_DETAFACT,ENABLED,,,,
SYSTEM,SYS_C0014045,C,VEN_DETAFACT,ENABLED,,,,"""DTFC_ID"" IS NOT NULL"
SYSTEM,SYS_C0014046,C,VEN_DETAFACT,ENABLED,,,,"""FECHCREA"" IS NOT NULL"
SYSTEM,SYS_C0014047,C,VEN_DETAFACT,ENABLED,,,,"""USUACREA"" IS NOT NULL"
SYSTEM,SYS_C0014048,C,VEN_DETAFACT,ENABLED,,,,"""USUACTUA"" IS NOT NULL"
SYSTEM,DTFL_CANT_FK,R,VEN_DETAFLET,ENABLED,SYSTEM,CANT_PK,NO ACTION,
SYSTEM,DTFL_PK,P,VEN_DETAFLET,ENABLED,,,,
SYSTEM,DTFL_SRFL_FK,R,VEN_DETAFLET,ENABLED,SYSTEM,SRFL_PK,NO ACTION,
SYSTEM,SYS_C0014051,C,VEN_DETAFLET,ENABLED,,,,"""CANT_CODICANT"" IS NOT NULL"
SYSTEM,SYS_C0014052,C,VEN_DETAFLET,ENABLED,,,,"""CANT_CODIPROV"" IS NOT NULL"
SYSTEM,SYS_C0014053,C,VEN_DETAFLET,ENABLED,,,,"""SRFL_CODIFLET"" IS NOT NULL"
SYSTEM,SYS_C0014054,C,VEN_DETAFLET,ENABLED,,,,"""SRFL_COMPANIA"" IS NOT NULL"
SYSTEM,SYS_C0014055,C,VEN_DETAFLET,ENABLED,,,,"""SRFL_OFICINA"" IS NOT NULL"
SYSTEM,SYS_C0014056,C,VEN_DETAFLET,ENABLED,,,,"""VALOFLET"" IS NOT NULL"
SYSTEM,SYS_C0014057,C,VEN_DETAFLET,ENABLED,,,,"""DTFL_ID"" IS NOT NULL"
SYSTEM,SYS_C0014058,C,VEN_DETAFLET,ENABLED,,,,"""FECHCREA"" IS NOT NULL"
SYSTEM,SYS_C0014059,C,VEN_DETAFLET,ENABLED,,,,"""USUACREA"" IS NOT NULL"
SYSTEM,AVCON_1645635961_PROMO_001,C,VEN_DETAPROD,ENABLED,,,,"PROMOCION IN ('S', 'N')"
SYSTEM,AVCON_1645635961_PRORA_001,C,VEN_DETAPROD,ENABLED,,,,"PRORATEO IN ('S', 'N')"
SYSTEM,DPR_DPR_FK,R,VEN_DETAPROD,ENABLED,SYSTEM,DPR_PK,NO ACTION,
SYSTEM,DPR_NCCL_FK,R,VEN_DETAPROD,ENABLED,SYSTEM,NCCL_PK,NO ACTION,
SYSTEM,DPR_PK,P,VEN_DETAPROD,ENABLED,,,,
SYSTEM,DPR_VNTA_FK,R,VEN_DETAPROD,ENABLED,SYSTEM,VNTA_PK,NO ACTION,
SYSTEM,SYS_C0014062,C,VEN_DETAPROD,ENABLED,,,,"""DPR_ID"" IS NOT NULL"
SYSTEM,SYS_C0014063,C,VEN_DETAPROD,ENABLED,,,,"""VALOR"" IS NOT NULL"
SYSTEM,SYS_C0014064,C,VEN_DETAPROD,ENABLED,,,,"""CANTIDAD"" IS NOT NULL"
SYSTEM,SYS_C0014065,C,VEN_DETAPROD,ENABLED,,,,"""PRECUNIT"" IS NOT NULL"
SYSTEM,SYS_C0014066,C,VEN_DETAPROD,ENABLED,,,,"""USUACREA"" IS NOT NULL"
SYSTEM,SYS_C0014067,C,VEN_DETAPROD,ENABLED,,,,"""FECHCREA"" IS NOT NULL"
SYSTEM,SYS_C0014068,C,VEN_DETAPROD,ENABLED,,,,"""ENTRSALI"" IS NOT NULL"
SYSTEM,SYS_C0014069,C,VEN_DETAPROD,ENABLED,,,,"""VALDESC"" IS NOT NULL"
SYSTEM,SYS_C0014070,C,VEN_DETAPROD,ENABLED,,,,"""VNTA_COMPANIA"" IS NOT NULL"
SYSTEM,SYS_C0014071,C,VEN_DETAPROD,ENABLED,,,,"""VNTA_TIPOCOMP"" IS NOT NULL"
SYSTEM,SYS_C0014072,C,VEN_DETAPROD,ENABLED,,,,"""VNTA_OFICINA"" IS NOT NULL"
SYSTEM,SYS_C0014073,C,VEN_DETAPROD,ENABLED,,,,"""VNTA_SERIE"" IS NOT NULL"
SYSTEM,SYS_C0014074,C,VEN_DETAPROD,ENABLED,,,,"""VNTA_NUMERO"" IS NOT NULL"
SYSTEM,SYS_C0014075,C,VEN_DETAPROD,ENABLED,,,,"""ARTL_COMPANIA"" IS NOT NULL"
SYSTEM,SYS_C0014076,C,VEN_DETAPROD,ENABLED,,,,"""ARTL_CODIGRUP"" IS NOT NULL"
SYSTEM,SYS_C0014077,C,VEN_DETAPROD,ENABLED,,,,"""ARTL_ARTICULO"" IS NOT NULL"
SYSTEM,SYS_C0014078,C,VEN_DETAPROD,ENABLED,,,,"""ARTL_CLASE"" IS NOT NULL"
SYSTEM,SYS_C0014079,C,VEN_DETAPROD,ENABLED,,,,"""PROMOCION"" IS NOT NULL"
SYSTEM,SYS_C0014080,C,VEN_DETAPROD,ENABLED,,,,"""PRORATEO"" IS NOT NULL"
SYSTEM,SYS_C0014081,C,VEN_DETAPROD,ENABLED,,,,"""TIPO"" IS NOT NULL"
SYSTEM,SYS_C0014082,C,VEN_DETAPROD,ENABLED,,,,"""COSTUNIT"" IS NOT NULL"
SYSTEM,AVCON_1236622818_PROMO_001,C,VEN_DETAPROF,ENABLED,,,,"PROMOCION IN ('S', 'N')"
SYSTEM,AVCON_1236622818_PRORA_001,C,VEN_DETAPROF,ENABLED,,,,"PRORATEO IN ('S', 'N')"
SYSTEM,AVCON_1291677050_VEDID_000,C,VEN_DETAPROF,ENABLED,,,,"VEDIDO IN ('S', 'N')"
SYSTEM,AVCON_1706563851_COMBO_001,C,VEN_DETAPROF,ENABLED,,,,"COMBO IN ('S', 'N')"
SYSTEM,DPRF_DPRF_FK,R,VEN_DETAPROF,ENABLED,SYSTEM,DPRF_PK,NO ACTION,
SYSTEM,DPRF_PK,P,VEN_DETAPROF,ENABLED,,,,
SYSTEM,DPRF_PRFM_FK,R,VEN_DETAPROF,ENABLED,SYSTEM,PRFM_PK,NO ACTION,
SYSTEM,DPRF_RCTA_FK,R,VEN_DETAPROF,ENABLED,SYSTEM,RCTA_PK,NO ACTION,
SYSTEM,DPRF_SECC_FK,R,VEN_DETAPROF,ENABLED,SYSTEM,SECC_PK,NO ACTION,
SYSTEM,DPRF_UMED_FK,R,VEN_DETAPROF,ENABLED,SYSTEM,UMED_PK,NO ACTION,
SYSTEM,DPRF_UMED_FK2,R,VEN_DETAPROF,ENABLED,SYSTEM,UMED_PK,NO ACTION,
SYSTEM,SYS_C0014087,C,VEN_DETAPROF,ENABLED,,,,"""ARTL_COMPANIA"" IS NOT NULL"
SYSTEM,SYS_C0014088,C,VEN_DETAPROF,ENABLED,,,,"""ARTL_CLASE"" IS NOT NULL"
SYSTEM,SYS_C0014089,C,VEN_DETAPROF,ENABLED,,,,"""ARTL_CODIGRUP"" IS NOT NULL"
SYSTEM,SYS_C0014090,C,VEN_DETAPROF,ENABLED,,,,"""ARTL_ARTICULO"" IS NOT NULL"
SYSTEM,SYS_C0014091,C,VEN_DETAPROF,ENABLED,,,,"""PRFM_PRFM_ID"" IS NOT NULL"
SYSTEM,SYS_C0014092,C,VEN_DETAPROF,ENABLED,,,,"""CANTIDAD"" IS NOT NULL"
SYSTEM,SYS_C0014093,C,VEN_DETAPROF,ENABLED,,,,"""PRECUNIT"" IS NOT NULL"
SYSTEM,SYS_C0014094,C,VEN_DETAPROF,ENABLED,,,,"""PRECTOTA"" IS NOT NULL"
SYSTEM,SYS_C0014095,C,VEN_DETAPROF,ENABLED,,,,"""DPRF_ID"" IS NOT NULL"
SYSTEM,SYS_C0014096,C,VEN_DETAPROF,ENABLED,,,,"""FECHCREA"" IS NOT NULL"
SYSTEM,SYS_C0014097,C,VEN_DETAPROF,ENABLED,,,,"""USUACREA"" IS NOT NULL"
SYSTEM,SYS_C0014098,C,VEN_DETAPROF,ENABLED,,,,"""PROMOCION"" IS NOT NULL"
SYSTEM,SYS_C0014099,C,VEN_DETAPROF,ENABLED,,,,"""PRORATEO"" IS NOT NULL"
SYSTEM,SYS_C0014100,C,VEN_DETAPROF,ENABLED,,,,"""VEDIDO"" IS NOT NULL"
SYSTEM,SYS_C0014101,C,VEN_DETAPROF,ENABLED,,,,"""PRECSINPR"" IS NOT NULL"
SYSTEM,SYS_C0014102,C,VEN_DETAPROF,ENABLED,,,,"""VALDESC"" IS NOT NULL"
SYSTEM,SYS_C0014103,C,VEN_DETAPROF,ENABLED,,,,"""COMBO"" IS NOT NULL"
SYSTEM,AVCON_1236868237_VIGEN_001,C,VEN_DETARTPR,ENABLED,,,,"VIGENTE IN ('S', 'N')"
SYSTEM,DTPR_LNEA_FK,R,VEN_DETARTPR,ENABLED,SYSTEM,LNEA_PK,NO ACTION,
SYSTEM,DTPR_PK,P,VEN_DETARTPR,ENABLED,,,,
SYSTEM,DTPR_VEXI_FK,R,VEN_DETARTPR,ENABLED,SYSTEM,VEXI_PK,NO ACTION,
SYSTEM,SYS_C0014110,C,VEN_DETARTPR,ENABLED,,,,"""VIGENTE"" IS NOT NULL"
SYSTEM,SYS_C0014111,C,VEN_DETARTPR,ENABLED,,,,"""FECHCREA"" IS NOT NULL"
SYSTEM,SYS_C0014112,C,VEN_DETARTPR,ENABLED,,,,"""USUACREA"" IS NOT NULL"
SYSTEM,SYS_C0014113,C,VEN_DETARTPR,ENABLED,,,,"""ARTL_CLASE"" IS NOT NULL"
SYSTEM,SYS_C0014114,C,VEN_DETARTPR,ENABLED,,,,"""ARTL_COMPANIA"" IS NOT NULL"
SYSTEM,SYS_C0014115,C,VEN_DETARTPR,ENABLED,,,,"""ARTL_ARTICULO"" IS NOT NULL"
SYSTEM,SYS_C0014116,C,VEN_DETARTPR,ENABLED,,,,"""ARTL_CODIGRUP"" IS NOT NULL"
SYSTEM,SYS_C0014117,C,VEN_DETARTPR,ENABLED,,,,"""LNEA_COMPANIA"" IS NOT NULL"
SYSTEM,SYS_C0014118,C,VEN_DETARTPR,ENABLED,,,,"""LNEA_CODLINEA"" IS NOT NULL"
SYSTEM,SYS_C0014119,C,VEN_DETARTPR,ENABLED,,,,"""VEXI_VEXI_ID"" IS NOT NULL"
SYSTEM,GRVN_CDT_FK,R,VEN_GRPOVENT,ENABLED,SYSTEM,CDT_PK,NO ACTION,
SYSTEM,GRVN_PK,P,VEN_GRPOVENT,ENABLED,,,,
SYSTEM,GRVN_PRFM_FK,R,VEN_GRPOVENT,ENABLED,SYSTEM,PRFM_PK,NO ACTION,
SYSTEM,GRVN_VHCL_FK,R,VEN_GRPOVENT,ENABLED,SYSTEM,VHCL_PK,NO ACTION,
SYSTEM,SYS_C0014163,C,VEN_GRPOVENT,ENABLED,,,,"""GRVN_ID"" IS NOT NULL"
SYSTEM,SYS_C0014164,C,VEN_GRPOVENT,ENABLED,,,,"""CDT_CDT_ID"" IS NOT NULL"
SYSTEM,SYS_C0014165,C,VEN_GRPOVENT,ENABLED,,,,"""PRFM_PRFM_ID"" IS NOT NULL"
SYSTEM,SYS_C0014166,C,VEN_GRPOVENT,ENABLED,,,,"""VHCL_VHCL_ID"" IS NOT NULL"
SYSTEM,SYS_C0014167,C,VEN_GRPOVENT,ENABLED,,,,"""USUACREA"" IS NOT NULL"
SYSTEM,SYS_C0014168,C,VEN_GRPOVENT,ENABLED,,,,"""FECHCREA"" IS NOT NULL"
SYSTEM,PLPP_EGEN_FK,R,VEN_PLANPAGO,ENABLED,SYSTEM,EGEN_PK,NO ACTION,
SYSTEM,PLPP_PK,P,VEN_PLANPAGO,ENABLED,,,,
SYSTEM,PLPP_PRFM_FK,R,VEN_PLANPAGO,ENABLED,SYSTEM,PRFM_PK,NO ACTION,
SYSTEM,SYS_C0014339,C,VEN_PLANPAGO,ENABLED,,,,"""EGEN_ESTADO"" IS NOT NULL"
SYSTEM,SYS_C0014340,C,VEN_PLANPAGO,ENABLED,,,,"""PLPP_ID"" IS NOT NULL"
SYSTEM,SYS_C0014341,C,VEN_PLANPAGO,ENABLED,,,,"""NUMEPLAN"" IS NOT NULL"
SYSTEM,SYS_C0014342,C,VEN_PLANPAGO,ENABLED,,,,"""FECHA"" IS NOT NULL"
SYSTEM,SYS_C0014343,C,VEN_PLANPAGO,ENABLED,,,,"""VALOR"" IS NOT NULL"
SYSTEM,SYS_C0014344,C,VEN_PLANPAGO,ENABLED,,,,"""USUACREA"" IS NOT NULL"
SYSTEM,SYS_C0014345,C,VEN_PLANPAGO,ENABLED,,,,"""FECHCREA"" IS NOT NULL"
SYSTEM,SYS_C0014346,C,VEN_PLANPAGO,ENABLED,,,,"""PRFM_PRFM_ID"" IS NOT NULL"
SYSTEM,SYS_C0014609,C,VEN_TMPRETDETA,ENABLED,,,,"""TRDT_ID"" IS NOT NULL"
SYSTEM,SYS_C0014610,C,VEN_TMPRETDETA,ENABLED,,,,"""USUACREA"" IS NOT NULL"
SYSTEM,SYS_C0014611,C,VEN_TMPRETDETA,ENABLED,,,,"""FECHCREA"" IS NOT NULL"
SYSTEM,SYS_C0014612,C,VEN_TMPRETDETA,ENABLED,,,,"""TMRT_CEDURUCCL"" IS NOT NULL"
SYSTEM,SYS_C0014613,C,VEN_TMPRETDETA,ENABLED,,,,"""TMRT_SERIE"" IS NOT NULL"
SYSTEM,SYS_C0014614,C,VEN_TMPRETDETA,ENABLED,,,,"""TMRT_NUMERO"" IS NOT NULL"
SYSTEM,TRDT_PK,P,VEN_TMPRETDETA,ENABLED,,,,
SYSTEM,TRDT_TMRT_FK,R,VEN_TMPRETDETA,ENABLED,SYSTEM,TMRT_PK,NO ACTION,
SYSTEM,TRDT_TRET_FK,R,VEN_TMPRETDETA,ENABLED,SYSTEM,TRET_PK,NO ACTION,
SYSTEM,AVCON_1220130717_ANEXO_002,C,VEN_VENTAS,ENABLED,,,,"ANEXO IN ('S', 'N')"
SYSTEM,AVCON_1220130717_DESPA_001,C,VEN_VENTAS,ENABLED,,,,"DESPACHO IN ('S', 'N')"
SYSTEM,AVCON_1220130717_ESPEC_001,C,VEN_VENTAS,ENABLED,,,,"ESPECIAL IN ('S', 'N')"
SYSTEM,AVCON_1220130717_IMPRE_003,C,VEN_VENTAS,ENABLED,,,,"IMPRESO IN ('S', 'N')"
SYSTEM,AVCON_1220130717_IMPSE_000,C,VEN_VENTAS,ENABLED,,,,"IMPSERVI IN ('S', 'N')"
SYSTEM,AVCON_1292023653_FLETE_001,C,VEN_VENTAS,ENABLED,,,,"FLETE IN ('S', 'N')"
SYSTEM,AVCON_1348587939_EMAIL_000,C,VEN_VENTAS,ENABLED,,,,"EMAIL IN ('S', 'N')"
SYSTEM,AVCON_1643202630_ENTRP_001,C,VEN_VENTAS,ENABLED,,,,"ENTRPARC IN ('S', 'N')"
SYSTEM,SYS_C0014643,C,VEN_VENTAS,ENABLED,,,,"""OFCN_COMPANIA"" IS NOT NULL"
SYSTEM,SYS_C0014644,C,VEN_VENTAS,ENABLED,,,,"""IMPRESO"" IS NOT NULL"
SYSTEM,SYS_C0014645,C,VEN_VENTAS,ENABLED,,,,"""ESPECIAL"" IS NOT NULL"
SYSTEM,SYS_C0014646,C,VEN_VENTAS,ENABLED,,,,"""DESPACHO"" IS NOT NULL"
SYSTEM,SYS_C0014647,C,VEN_VENTAS,ENABLED,,,,"""OFCN_OFICINA"" IS NOT NULL"
SYSTEM,SYS_C0014648,C,VEN_VENTAS,ENABLED,,,,"""SERIE"" IS NOT NULL"
SYSTEM,SYS_C0014649,C,VEN_VENTAS,ENABLED,,,,"""NUMERO"" IS NOT NULL"
SYSTEM,SYS_C0014650,C,VEN_VENTAS,ENABLED,,,,"""FECHA"" IS NOT NULL"
SYSTEM,SYS_C0014651,C,VEN_VENTAS,ENABLED,,,,"""TASAIVA"" IS NOT NULL"
SYSTEM,SYS_C0014652,C,VEN_VENTAS,ENABLED,,,,"""BASEIVA0"" IS NOT NULL"
SYSTEM,SYS_C0014653,C,VEN_VENTAS,ENABLED,,,,"""ANEXO"" IS NOT NULL"
SYSTEM,SYS_C0014654,C,VEN_VENTAS,ENABLED,,,,"""IMPSERVI"" IS NOT NULL"
SYSTEM,SYS_C0014655,C,VEN_VENTAS,ENABLED,,,,"""BASEIVA"" IS NOT NULL"
SYSTEM,SYS_C0014656,C,VEN_VENTAS,ENABLED,,,,"""EGEN_ESTADO"" IS NOT NULL"
SYSTEM,SYS_C0014657,C,VEN_VENTAS,ENABLED,,,,"""FRPG_FORMPAGO"" IS NOT NULL"
SYSTEM,SYS_C0014658,C,VEN_VENTAS,ENABLED,,,,"""GRPS_COMPANIA"" IS NOT NULL"
SYSTEM,SYS_C0014659,C,VEN_VENTAS,ENABLED,,,,"""GRPS_IDCLIENTE"" IS NOT NULL"
SYSTEM,SYS_C0014660,C,VEN_VENTAS,ENABLED,,,,"""GRPS_LSPR_ID"" IS NOT NULL"
SYSTEM,SYS_C0014661,C,VEN_VENTAS,ENABLED,,,,"""VNDR_COMPANIA"" IS NOT NULL"
SYSTEM,SYS_C0014662,C,VEN_VENTAS,ENABLED,,,,"""VNDR_OFICINA"" IS NOT NULL"
SYSTEM,SYS_C0014663,C,VEN_VENTAS,ENABLED,,,,"""VNDR_CODIGO"" IS NOT NULL"
SYSTEM,SYS_C0014664,C,VEN_VENTAS,ENABLED,,,,"""MONE_MONEDA"" IS NOT NULL"
SYSTEM,SYS_C0014665,C,VEN_VENTAS,ENABLED,,,,"""PRPG_CODIPERI"" IS NOT NULL"
SYSTEM,SYS_C0014666,C,VEN_VENTAS,ENABLED,,,,"""SCTR_SECUTRAN"" IS NOT NULL"
SYSTEM,SYS_C0014667,C,VEN_VENTAS,ENABLED,,,,"""TPCM_TIPOCOMP"" IS NOT NULL"
SYSTEM,SYS_C0014668,C,VEN_VENTAS,ENABLED,,,,"""FECHCREA"" IS NOT NULL"
SYSTEM,SYS_C0014669,C,VEN_VENTAS,ENABLED,,,,"""USUACREA"" IS NOT NULL"
SYSTEM,SYS_C0014670,C,VEN_VENTAS,ENABLED,,,,"""VALDESC"" IS NOT NULL"
SYSTEM,SYS_C0014671,C,VEN_VENTAS,ENABLED,,,,"""FLETE"" IS NOT NULL"
SYSTEM,SYS_C0014672,C,VEN_VENTAS,ENABLED,,,,"""ENTRPARC"" IS NOT NULL"
SYSTEM,SYS_C0014673,C,VEN_VENTAS,ENABLED,,,,"""BASENOIVA"" IS NOT NULL"
SYSTEM,SYS_C0014674,C,VEN_VENTAS,ENABLED,,,,"""BASEEXIVA"" IS NOT NULL"
SYSTEM,VNTA_ASTO_FK,R,VEN_VENTAS,ENABLED,SYSTEM,ASTO_PK,NO ACTION,
SYSTEM,VNTA_DIDE_FK,R,VEN_VENTAS,ENABLED,SYSTEM,DIDE_PK,NO ACTION,
SYSTEM,VNTA_EGEN_FK,R,VEN_VENTAS,ENABLED,SYSTEM,EGEN_PK,NO ACTION,
SYSTEM,VNTA_FRPG_FK,R,VEN_VENTAS,ENABLED,SYSTEM,FRPG_PK,NO ACTION,
SYSTEM,VNTA_GRPS_FK,R,VEN_VENTAS,ENABLED,SYSTEM,GRPS_PK,NO ACTION,
SYSTEM,VNTA_INCN_FK,R,VEN_VENTAS,ENABLED,SYSTEM,INCN_PK,NO ACTION,
SYSTEM,VNTA_LTPR_FK,R,VEN_VENTAS,ENABLED,SYSTEM,LTPR_PK,NO ACTION,
SYSTEM,VNTA_MONE_FK,R,VEN_VENTAS,ENABLED,SYSTEM,MONE_PK,NO ACTION,
SYSTEM,VNTA_ORTB_FK,R,VEN_VENTAS,ENABLED,SYSTEM,ORTB_PK,NO ACTION,
SYSTEM,VNTA_PK,P,VEN_VENTAS,ENABLED,,,,
SYSTEM,VNTA_PRFM_FK,R,VEN_VENTAS,ENABLED,SYSTEM,PRFM_PK,NO ACTION,
SYSTEM,VNTA_PRPG_FK,R,VEN_VENTAS,ENABLED,SYSTEM,PRPG_PK,NO ACTION,
SYSTEM,VNTA_SCTR_FK,R,VEN_VENTAS,ENABLED,SYSTEM,SCTR_PK,NO ACTION,
SYSTEM,VNTA_TPAG_FK,R,VEN_VENTAS,ENABLED,SYSTEM,TPAG_PK,NO ACTION,
SYSTEM,VNTA_TPCM_FK,R,VEN_VENTAS,ENABLED,SYSTEM,TPCM_PK,NO ACTION,
SYSTEM,VNTA_VNTA_FK,R,VEN_VENTAS,ENABLED,SYSTEM,VNTA_PK,NO ACTION,
SYSTEM,SYS_C0014685,C,VEN_VENTPERD,ENABLED,,,,"""OFCN_COMPANIA"" IS NOT NULL"
SYSTEM,SYS_C0014686,C,VEN_VENTPERD,ENABLED,,,,"""OFCN_OFICINA"" IS NOT NULL"
SYSTEM,SYS_C0014687,C,VEN_VENTPERD,ENABLED,,,,"""VNPD_ID"" IS NOT NULL"
SYSTEM,SYS_C0014688,C,VEN_VENTPERD,ENABLED,,,,"""CANTIDAD"" IS NOT NULL"
SYSTEM,SYS_C0014689,C,VEN_VENTPERD,ENABLED,,,,"""FECHA"" IS NOT NULL"
SYSTEM,SYS_C0014690,C,VEN_VENTPERD,ENABLED,,,,"""USUACREA"" IS NOT NULL"
SYSTEM,SYS_C0014691,C,VEN_VENTPERD,ENABLED,,,,"""FECHCREA"" IS NOT NULL"
SYSTEM,VNPD_PK,P,VEN_VENTPERD,ENABLED,,,,
SYSTEM,VNPD_VNTA_FK,R,VEN_VENTPERD,ENABLED,SYSTEM,VNTA_PK,NO ACTION,
