OWNER,CONSTRAINT_NAME,TABLE_NAME,COLUMN_NAME,POSITION
SYSTEM,DTAU_AUTO_FK,ADM_DETAUTOR,AUTO_AUTO_ID,1
SYSTEM,DTAU_PK,ADM_DETAUTOR,DTAU_ID,1
SYSTEM,SYS_C008369,ADM_DETAUTOR,AUTO_AUTO_ID,
SYSTEM,SYS_C008370,ADM_DETAUTOR,DTAU_ID,
SYSTEM,SYS_C008371,ADM_DETAUTOR,FECHCREA,
SYSTEM,SYS_C008372,ADM_DETAUTOR,USUACREA,
SYSTEM,AFDM_AFRQ_FK,AFJ_AFDETMOV,AFRQ_NUMERO,1
SYSTEM,AFDM_AFRQ_FK,AFJ_AFDETMOV,AFRQ_ENTRSALE,2
SYSTEM,AFDM_INRN_FK,AFJ_AFDETMOV,INRN_ID,1
SYSTEM,AFDM_MEMO_FK,AFJ_AFDETMOV,MEMO_ID,1
SYSTEM,AFDM_PK,AFJ_AFDETMOV,AFDM_ID,1
SYSTEM,AFDM_RCDP_FK,AFJ_AFDETMOV,RCDP_COMPANIA,1
SYSTEM,AFDM_RCDP_FK,AFJ_AFDETMOV,RCDP_IDCLIENTE,2
SYSTEM,AFDM_RCDP_FK,AFJ_AFDETMOV,RCDP_IDRESCLI,3
SYSTEM,AFDM_STCT_FK,AFJ_AFDETMOV,STCT_ID,1
SYSTEM,AFDM_UMED_FK,AFJ_AFDETMOV,UMED_UNIDMEDI,1
SYSTEM,AVCON_1348580579_ENTRS_001,AFJ_AFDETMOV,ENTRSALE,
SYSTEM,AVCON_1348580579_VIGEN_000,AFJ_AFDETMOV,VIGENTE,
SYSTEM,SYS_C008390,AFJ_AFDETMOV,AFDM_ID,
SYSTEM,SYS_C008391,AFJ_AFDETMOV,FECHHORA,
SYSTEM,SYS_C008392,AFJ_AFDETMOV,ENTRSALE,
SYSTEM,SYS_C008393,AFJ_AFDETMOV,UMED_UNIDMEDI,
SYSTEM,SYS_C008394,AFJ_AFDETMOV,AFIJ_CODIGO,
SYSTEM,SYS_C008395,AFJ_AFDETMOV,AFIJ_CLASE,
SYSTEM,SYS_C008396,AFJ_AFDETMOV,AFIJ_COMPANIA,
SYSTEM,SYS_C008397,AFJ_AFDETMOV,AFRQ_NUMERO,
SYSTEM,SYS_C008398,AFJ_AFDETMOV,AFRQ_ENTRSALE,
SYSTEM,SYS_C008399,AFJ_AFDETMOV,VIGENTE,
SYSTEM,SYS_C008400,AFJ_AFDETMOV,USUACREA,
SYSTEM,SYS_C008401,AFJ_AFDETMOV,FECHCREA,
SYSTEM,DAC1_ASTO_FK,AFJ_DETALLE,ASTO_COMPANIA,1
SYSTEM,DAC1_ASTO_FK,AFJ_DETALLE,ASTO_NUMEDIAR,2
SYSTEM,DAC1_MEMO_FK,AFJ_DETALLE,MEMO_MEMO_ID,1
SYSTEM,DAC1_PK,AFJ_DETALLE,DAC1_ID,1
SYSTEM,SYS_C008479,AFJ_DETALLE,MEMO_MEMO_ID,
SYSTEM,SYS_C008480,AFJ_DETALLE,DAC1_ID,
SYSTEM,SYS_C008481,AFJ_DETALLE,FECHCREA,
SYSTEM,SYS_C008482,AFJ_DETALLE,USUACREA,
SYSTEM,DTBA_PK,ALM_DETABASC,DTBA_ID,1
SYSTEM,DTBA_PRFM_FK,ALM_DETABASC,PRFM_PRFM_ID,1
SYSTEM,DTBA_UMED_FK,ALM_DETABASC,UMED_UNIDMEDI,1
SYSTEM,SYS_C008647,ALM_DETABASC,FECHINGRE,
SYSTEM,SYS_C008648,ALM_DETABASC,PESOTARA,
SYSTEM,SYS_C008649,ALM_DETABASC,VALOPESO,
SYSTEM,SYS_C008650,ALM_DETABASC,DTBA_ID,
SYSTEM,SYS_C008651,ALM_DETABASC,FECHCREA,
SYSTEM,SYS_C008652,ALM_DETABASC,USUACREA,
SYSTEM,SYS_C008653,ALM_DETABASC,UMED_UNIDMEDI,
SYSTEM,SYS_C008654,ALM_DETABASC,PESOINGR,
SYSTEM,SYS_C008655,ALM_DETABASC,PESOSALE,
SYSTEM,DTPS_DSPO_FK,ALM_DETADESP,DSPO_NUMERO,1
SYSTEM,DTPS_EGEN_FK,ALM_DETADESP,EGEN_ESTADO,1
SYSTEM,DTPS_PK,ALM_DETADESP,DTPS_ID,1
SYSTEM,SYS_C008658,ALM_DETADESP,EGEN_ESTADO,
SYSTEM,SYS_C008659,ALM_DETADESP,DTPS_ID,
SYSTEM,SYS_C008660,ALM_DETADESP,IDCLIENTE,
SYSTEM,SYS_C008661,ALM_DETADESP,NOMBRE,
SYSTEM,SYS_C008662,ALM_DETADESP,COMPANIA,
SYSTEM,SYS_C008663,ALM_DETADESP,OFICINA,
SYSTEM,SYS_C008664,ALM_DETADESP,SERIE,
SYSTEM,SYS_C008665,ALM_DETADESP,FACTURA,
SYSTEM,SYS_C008666,ALM_DETADESP,TIPOCOM,
SYSTEM,SYS_C008667,ALM_DETADESP,FFACTURA,
SYSTEM,SYS_C008668,ALM_DETADESP,CSTOFLET,
SYSTEM,SYS_C008669,ALM_DETADESP,DESTINO,
SYSTEM,SYS_C008670,ALM_DETADESP,TIPODIRECCION,
SYSTEM,SYS_C008671,ALM_DETADESP,USUACREA,
SYSTEM,SYS_C008672,ALM_DETADESP,FECHCREA,
SYSTEM,SYS_C008673,ALM_DETADESP,DSPO_NUMERO,
SYSTEM,DTLT_DTMV_FK,ALM_DETALOTE,DTMV_DTMV_ID,1
SYSTEM,DTLT_LOTE_FK,ALM_DETALOTE,LOTE_COMPANIA,1
SYSTEM,DTLT_LOTE_FK,ALM_DETALOTE,LOTE_NUMELOTE,2
SYSTEM,DTLT_LOTE_FK,ALM_DETALOTE,LOTE_ALCANCE,3
SYSTEM,DTLT_PK,ALM_DETALOTE,DTLT_ID,1
SYSTEM,SYS_C008676,ALM_DETALOTE,DTLT_ID,
SYSTEM,SYS_C008677,ALM_DETALOTE,LOTE_COMPANIA,
SYSTEM,SYS_C008678,ALM_DETALOTE,LOTE_NUMELOTE,
SYSTEM,SYS_C008679,ALM_DETALOTE,DTMV_DTMV_ID,
SYSTEM,SYS_C008680,ALM_DETALOTE,FECHCREA,
SYSTEM,SYS_C008681,ALM_DETALOTE,USUACREA,
SYSTEM,SYS_C008682,ALM_DETALOTE,LOTE_ALCANCE,
SYSTEM,AVCON_1220130717_ENTRS_000,ALM_DETAMOVI,ENTRSALI,
SYSTEM,AVCON_1220130717_PROMO_001,ALM_DETAMOVI,PROMOCION,
SYSTEM,AVCON_1220130717_PRORA_001,ALM_DETAMOVI,PRORATEO,
SYSTEM,AVCON_1685311051_COMBO_001,ALM_DETAMOVI,COMBO,
SYSTEM,DTMV_DCAM_FK,ALM_DETAMOVI,DCAM_DCAM_ID,1
SYSTEM,DTMV_DREQ_FK,ALM_DETAMOVI,DREQ_DREQ_ID,1
SYSTEM,DTMV_DTMV_FK,ALM_DETAMOVI,DTMV_DTMV_ID,1
SYSTEM,DTMV_ENSA_FK,ALM_DETAMOVI,ENSA_COMPANIA,1
SYSTEM,DTMV_ENSA_FK,ALM_DETAMOVI,ENSA_OFICINA,2
SYSTEM,DTMV_ENSA_FK,ALM_DETAMOVI,ENSA_TIPODOCU,3
SYSTEM,DTMV_ENSA_FK,ALM_DETAMOVI,ENSA_NUMERO,4
SYSTEM,DTMV_IMPT_FK,ALM_DETAMOVI,IMPT_COMPANIA,1
SYSTEM,DTMV_IMPT_FK,ALM_DETAMOVI,IMPT_OFICINA,2
SYSTEM,DTMV_IMPT_FK,ALM_DETAMOVI,IMPT_NUMEIMPO,3
SYSTEM,DTMV_NCCL_FK,ALM_DETAMOVI,NCCL_COMPANIA,1
SYSTEM,DTMV_NCCL_FK,ALM_DETAMOVI,NCCL_OFICINA,2
SYSTEM,DTMV_NCCL_FK,ALM_DETAMOVI,NCCL_SERIE,3
SYSTEM,DTMV_NCCL_FK,ALM_DETAMOVI,NCCL_NUMERO,4
SYSTEM,DTMV_NCPR_FK,ALM_DETAMOVI,NCPR_COMPANIA,1
SYSTEM,DTMV_NCPR_FK,ALM_DETAMOVI,NCPR_CEDURUC,2
SYSTEM,DTMV_NCPR_FK,ALM_DETAMOVI,NCPR_SERIE,3
SYSTEM,DTMV_NCPR_FK,ALM_DETAMOVI,NCPR_NUMERO,4
SYSTEM,DTMV_NCPR_FK,ALM_DETAMOVI,NCPR_ALCANCE,5
SYSTEM,DTMV_PK,ALM_DETAMOVI,DTMV_ID,1
SYSTEM,DTMV_RCTA_FK,ALM_DETAMOVI,RCTA_RCTA_ID,1
SYSTEM,DTMV_SECC_FK,ALM_DETAMOVI,SECC_COMPANIA,1
SYSTEM,DTMV_SECC_FK,ALM_DETAMOVI,SECC_OFICINA,2
SYSTEM,DTMV_SECC_FK,ALM_DETAMOVI,SECC_CODIBODE,3
SYSTEM,DTMV_SECC_FK,ALM_DETAMOVI,SECC_CODISECC,4
SYSTEM,DTMV_UMED_FK,ALM_DETAMOVI,UMED_UNIDMEDI,1
SYSTEM,DTMV_UMED_FK2,ALM_DETAMOVI,UMED_UNIDMEDI_CAJA,1
SYSTEM,DTMV_VNTA_FK,ALM_DETAMOVI,VNTA_COMPANIA,1
SYSTEM,DTMV_VNTA_FK,ALM_DETAMOVI,VNTA_OFICINA,2
SYSTEM,DTMV_VNTA_FK,ALM_DETAMOVI,VNTA_SERIE,3
SYSTEM,DTMV_VNTA_FK,ALM_DETAMOVI,VNTA_NUMERO,4
SYSTEM,DTMV_VNTA_FK,ALM_DETAMOVI,VNTA_TIPOCOMP,5
SYSTEM,SYS_C008685,ALM_DETAMOVI,ENTRSALI,
SYSTEM,SYS_C008686,ALM_DETAMOVI,DTMV_ID,
SYSTEM,SYS_C008687,ALM_DETAMOVI,UMED_UNIDMEDI,
SYSTEM,SYS_C008688,ALM_DETAMOVI,VALOR,
SYSTEM,SYS_C008689,ALM_DETAMOVI,CANTIDAD,
SYSTEM,SYS_C008690,ALM_DETAMOVI,PRECUNIT,
SYSTEM,SYS_C008691,ALM_DETAMOVI,COSTUNIT,
SYSTEM,SYS_C008692,ALM_DETAMOVI,USUACREA,
SYSTEM,SYS_C008693,ALM_DETAMOVI,FECHCREA,
SYSTEM,SYS_C008694,ALM_DETAMOVI,SECC_CODIBODE,
SYSTEM,SYS_C008695,ALM_DETAMOVI,SECC_COMPANIA,
SYSTEM,SYS_C008696,ALM_DETAMOVI,SECC_CODISECC,
SYSTEM,SYS_C008697,ALM_DETAMOVI,SECC_OFICINA,
SYSTEM,SYS_C008698,ALM_DETAMOVI,ARTL_CODIGRUP,
SYSTEM,SYS_C008699,ALM_DETAMOVI,ARTL_CLASE,
SYSTEM,SYS_C008700,ALM_DETAMOVI,ARTL_COMPANIA,
SYSTEM,SYS_C008701,ALM_DETAMOVI,ARTL_ARTICULO,
SYSTEM,SYS_C008702,ALM_DETAMOVI,PROMOCION,
SYSTEM,SYS_C008703,ALM_DETAMOVI,PRORATEO,
SYSTEM,SYS_C008704,ALM_DETAMOVI,VALDESC,
SYSTEM,SYS_C008705,ALM_DETAMOVI,COMBO,
SYSTEM,SYS_C008712,ALM_DETAMOVI_BK,ENTRSALI,
SYSTEM,SYS_C008713,ALM_DETAMOVI_BK,DTMV_ID,
SYSTEM,SYS_C008714,ALM_DETAMOVI_BK,UMED_UNIDMEDI,
SYSTEM,SYS_C008715,ALM_DETAMOVI_BK,VALOR,
SYSTEM,SYS_C008716,ALM_DETAMOVI_BK,CANTIDAD,
SYSTEM,SYS_C008717,ALM_DETAMOVI_BK,PRECUNIT,
SYSTEM,SYS_C008718,ALM_DETAMOVI_BK,COSTUNIT,
SYSTEM,SYS_C008719,ALM_DETAMOVI_BK,USUACREA,
SYSTEM,SYS_C008720,ALM_DETAMOVI_BK,FECHCREA,
SYSTEM,SYS_C008721,ALM_DETAMOVI_BK,SECC_CODIBODE,
SYSTEM,SYS_C008722,ALM_DETAMOVI_BK,SECC_COMPANIA,
SYSTEM,SYS_C008723,ALM_DETAMOVI_BK,SECC_CODISECC,
SYSTEM,SYS_C008724,ALM_DETAMOVI_BK,SECC_OFICINA,
SYSTEM,SYS_C008725,ALM_DETAMOVI_BK,ARTL_CODIGRUP,
SYSTEM,SYS_C008726,ALM_DETAMOVI_BK,ARTL_CLASE,
SYSTEM,SYS_C008727,ALM_DETAMOVI_BK,ARTL_COMPANIA,
SYSTEM,SYS_C008728,ALM_DETAMOVI_BK,ARTL_ARTICULO,
SYSTEM,SYS_C008729,ALM_DETAMOVI_BK,PROMOCION,
SYSTEM,SYS_C008730,ALM_DETAMOVI_BK,PRORATEO,
SYSTEM,SYS_C008731,ALM_DETAMOVI_BK,VALDESC,
SYSTEM,DTPL_PK_1,ALM_DETAPLAN,DTPL_ID,1
SYSTEM,DTPL_PLIM_FK,ALM_DETAPLAN,PLIM_CODIGO,1
SYSTEM,SYS_C008732,ALM_DETAPLAN,PLIM_CODIGO,
SYSTEM,SYS_C008733,ALM_DETAPLAN,DTPL_ID,
SYSTEM,SYS_C008734,ALM_DETAPLAN,CANTIDAD,
SYSTEM,SYS_C008735,ALM_DETAPLAN,USUACREA,
SYSTEM,SYS_C008736,ALM_DETAPLAN,FECHCREA,
SYSTEM,DPRO_PK,ALM_DETAPROY,DPRO_ID,1
SYSTEM,DPRO_PRPD_FK,ALM_DETAPROY,PRPD_PRPD_ID,1
SYSTEM,SYS_C008739,ALM_DETAPROY,DPRO_ID,
SYSTEM,SYS_C008740,ALM_DETAPROY,NUMEPARA,
SYSTEM,SYS_C008741,ALM_DETAPROY,FECHCREA,
SYSTEM,SYS_C008742,ALM_DETAPROY,USUACREA,
SYSTEM,SYS_C008743,ALM_DETAPROY,ARTL_CLASE,
SYSTEM,SYS_C008744,ALM_DETAPROY,ARTL_CODIGRUP,
SYSTEM,SYS_C008745,ALM_DETAPROY,ARTL_ARTICULO,
SYSTEM,SYS_C008746,ALM_DETAPROY,ARTL_COMPANIA,
SYSTEM,SYS_C008747,ALM_DETAPROY,RCTA_RCTA_ID,
SYSTEM,SYS_C008748,ALM_DETAPROY,PRPD_PRPD_ID,
SYSTEM,DREQ_PK,ALM_DETAREQU,DREQ_ID,1
SYSTEM,DREQ_REQU_FK,ALM_DETAREQU,REQU_NUMERO,1
SYSTEM,DREQ_REQU_FK,ALM_DETAREQU,REQU_COMPANIA,2
SYSTEM,DREQ_REQU_FK,ALM_DETAREQU,REQU_OFICINA,3
SYSTEM,DREQ_REQU_FK,ALM_DETAREQU,REQU_TIPODOCU,4
SYSTEM,DREQ_SECC_FK,ALM_DETAREQU,SECC_COMPANIA,1
SYSTEM,DREQ_SECC_FK,ALM_DETAREQU,SECC_OFICINA,2
SYSTEM,DREQ_SECC_FK,ALM_DETAREQU,SECC_CODIBODE,3
SYSTEM,DREQ_SECC_FK,ALM_DETAREQU,SECC_CODISECC,4
SYSTEM,SYS_C008751,ALM_DETAREQU,DREQ_ID,
SYSTEM,SYS_C008752,ALM_DETAREQU,CANTSOLI,
SYSTEM,SYS_C008753,ALM_DETAREQU,COSTUNIT,
SYSTEM,SYS_C008754,ALM_DETAREQU,PRECVENT,
SYSTEM,SYS_C008755,ALM_DETAREQU,REQU_OFICINA,
SYSTEM,SYS_C008756,ALM_DETAREQU,REQU_NUMERO,
SYSTEM,SYS_C008757,ALM_DETAREQU,REQU_COMPANIA,
SYSTEM,SYS_C008758,ALM_DETAREQU,ARTL_ARTICULO,
SYSTEM,SYS_C008759,ALM_DETAREQU,ARTL_CODIGRUP,
SYSTEM,SYS_C008760,ALM_DETAREQU,ARTL_CLASE,
SYSTEM,SYS_C008761,ALM_DETAREQU,ARTL_COMPANIA,
SYSTEM,SYS_C008762,ALM_DETAREQU,FECHCREA,
SYSTEM,SYS_C008763,ALM_DETAREQU,USUACREA,
SYSTEM,SYS_C008764,ALM_DETAREQU,CANTFACT,
SYSTEM,SYS_C008765,ALM_DETAREQU,REQU_TIPODOCU,
SYSTEM,AVCON_1540333190_VIGEN_001,ALM_DETARTLL,VIGENTE,
SYSTEM,DATLL_PK,ALM_DETARTLL,DATLL_ID,1
SYSTEM,DATLL_TLLA_FK,ALM_DETARTLL,TLLA_ID_TLLA,1
SYSTEM,SYS_C008768,ALM_DETARTLL,DATLL_ID,
SYSTEM,SYS_C008769,ALM_DETARTLL,ARTL_ARTICULO,
SYSTEM,SYS_C008770,ALM_DETARTLL,ARTL_CLASE,
SYSTEM,SYS_C008771,ALM_DETARTLL,ARTL_COMPANIA,
SYSTEM,SYS_C008772,ALM_DETARTLL,ARTL_CODIGRUP,
SYSTEM,SYS_C008773,ALM_DETARTLL,TLLA_ID_TLLA,
SYSTEM,SYS_C008774,ALM_DETARTLL,FECHCREA,
SYSTEM,SYS_C008775,ALM_DETARTLL,USUACREA,
SYSTEM,SYS_C008776,ALM_DETARTLL,VIGENTE,
SYSTEM,ADTF_ATFS_FK,ALM_DETATOFI,ATFS_COMPANIA,1
SYSTEM,ADTF_ATFS_FK,ALM_DETATOFI,ATFS_OFICINA,2
SYSTEM,ADTF_ATFS_FK,ALM_DETATOFI,ATFS_NUMERO,3
SYSTEM,ADTF_ATFS_FK,ALM_DETATOFI,ATFS_TIPODOCU,4
SYSTEM,ADTF_ENSA_FK,ALM_DETATOFI,ENSA_COMPANIA,1
SYSTEM,ADTF_ENSA_FK,ALM_DETATOFI,ENSA_OFICINA,2
SYSTEM,ADTF_ENSA_FK,ALM_DETATOFI,ENSA_TIPODOCU,3
SYSTEM,ADTF_ENSA_FK,ALM_DETATOFI,ENSA_NUMERO,4
SYSTEM,ADTF_PK,ALM_DETATOFI,ADTF_ID,1
SYSTEM,ADTF_SECC_FK,ALM_DETATOFI,SECC_COMPANIA,1
SYSTEM,ADTF_SECC_FK,ALM_DETATOFI,SECC_OFICINA,2
SYSTEM,ADTF_SECC_FK,ALM_DETATOFI,SECC_CODIBODE,3
SYSTEM,ADTF_SECC_FK,ALM_DETATOFI,SECC_CODISECC,4
SYSTEM,AVCON_1687816102_AJUST_000,ALM_DETATOFI,AJUSTE,
SYSTEM,SYS_C008780,ALM_DETATOFI,ADTF_ID,
SYSTEM,SYS_C008781,ALM_DETATOFI,CANTIDAD,
SYSTEM,SYS_C008782,ALM_DETATOFI,COSTUNIT,
SYSTEM,SYS_C008783,ALM_DETATOFI,AJUSTE,
SYSTEM,SYS_C008784,ALM_DETATOFI,VALOR,
SYSTEM,SYS_C008785,ALM_DETATOFI,ARTL_COMPANIA,
SYSTEM,SYS_C008786,ALM_DETATOFI,ARTL_CLASE,
SYSTEM,SYS_C008787,ALM_DETATOFI,ARTL_CODIGRUP,
SYSTEM,SYS_C008788,ALM_DETATOFI,ARTL_ARTICULO,
SYSTEM,SYS_C008789,ALM_DETATOFI,ATFS_OFICINA,
SYSTEM,SYS_C008790,ALM_DETATOFI,ATFS_COMPANIA,
SYSTEM,SYS_C008791,ALM_DETATOFI,ATFS_TIPODOCU,
SYSTEM,SYS_C008792,ALM_DETATOFI,ATFS_NUMERO,
SYSTEM,SYS_C008793,ALM_DETATOFI,SECC_CODISECC,
SYSTEM,SYS_C008794,ALM_DETATOFI,SECC_COMPANIA,
SYSTEM,SYS_C008795,ALM_DETATOFI,SECC_CODIBODE,
SYSTEM,SYS_C008796,ALM_DETATOFI,SECC_OFICINA,
SYSTEM,SYS_C008797,ALM_DETATOFI,USUACREA,
SYSTEM,SYS_C008798,ALM_DETATOFI,FECHCREA,
SYSTEM,AVCON_1640621493_VIGEN_001,ALM_PROYPROD,VIGENTE,
SYSTEM,PRPD_BDGA_FK,ALM_PROYPROD,BDGA_CODIBODE,1
SYSTEM,PRPD_BDGA_FK,ALM_PROYPROD,BDGA_OFCN_COMPANIA,2
SYSTEM,PRPD_BDGA_FK,ALM_PROYPROD,BDGA_OFCN_OFICINA,3
SYSTEM,PRPD_PK,ALM_PROYPROD,PRPD_ID,1
SYSTEM,SYS_C008985,ALM_PROYPROD,PRPD_ID,
SYSTEM,SYS_C008986,ALM_PROYPROD,VIGENTE,
SYSTEM,SYS_C008987,ALM_PROYPROD,FECHA,
SYSTEM,SYS_C008988,ALM_PROYPROD,FECHCREA,
SYSTEM,SYS_C008989,ALM_PROYPROD,USUACREA,
SYSTEM,SYS_C008990,ALM_PROYPROD,BDGA_CODIBODE,
SYSTEM,SYS_C008991,ALM_PROYPROD,BDGA_OFCN_OFICINA,
SYSTEM,SYS_C008992,ALM_PROYPROD,BDGA_OFCN_COMPANIA,
SYSTEM,SYS_C008993,ALM_PROYPROD,OFCN_OFICINA,
SYSTEM,SYS_C008994,ALM_PROYPROD,OFCN_CMPN_COMPANIA,
SYSTEM,SYS_C009049,ALM_TMPDETALOTE,TDLT_ID,
SYSTEM,SYS_C009050,ALM_TMPDETALOTE,CANTPARC,
SYSTEM,SYS_C009051,ALM_TMPDETALOTE,FECHCREA,
SYSTEM,SYS_C009052,ALM_TMPDETALOTE,USUACREA,
SYSTEM,SYS_C009053,ALM_TMPDETALOTE,LOTE_NUMELOTE,
SYSTEM,SYS_C009054,ALM_TMPDETALOTE,LOTE_COMPANIA,
SYSTEM,SYS_C009055,ALM_TMPDETALOTE,LOTE_ALCANCE,
SYSTEM,TDLT_DPR_FK,ALM_TMPDETALOTE,DPR_DPR_ID,1
SYSTEM,TDLT_DXML_FK,ALM_TMPDETALOTE,DXML_DXML_ID,1
SYSTEM,TDLT_LOTE_FK,ALM_TMPDETALOTE,LOTE_COMPANIA,1
SYSTEM,TDLT_LOTE_FK,ALM_TMPDETALOTE,LOTE_NUMELOTE,2
SYSTEM,TDLT_LOTE_FK,ALM_TMPDETALOTE,LOTE_ALCANCE,3
SYSTEM,TDLT_PK,ALM_TMPDETALOTE,TDLT_ID,1
SYSTEM,DXML_CXML_FK,ALM_TMPDETAMOVI,CMPR_SERIE,1
SYSTEM,DXML_CXML_FK,ALM_TMPDETAMOVI,CMPR_NUMERO,2
SYSTEM,DXML_CXML_FK,ALM_TMPDETAMOVI,CMPR_CEDURUC,3
SYSTEM,DXML_CXML_FK,ALM_TMPDETAMOVI,CMPR_ALCANCE,4
SYSTEM,DXML_CXML_FK,ALM_TMPDETAMOVI,CMPR_COMPANIA,5
SYSTEM,DXML_PK,ALM_TMPDETAMOVI,DXML_ID,1
SYSTEM,SYS_C009058,ALM_TMPDETAMOVI,DXML_ID,
SYSTEM,SYS_C009059,ALM_TMPDETAMOVI,CANTIDAD,
SYSTEM,SYS_C009060,ALM_TMPDETAMOVI,PRECUNIT,
SYSTEM,SYS_C009061,ALM_TMPDETAMOVI,VALOR,
SYSTEM,SYS_C009062,ALM_TMPDETAMOVI,COSTUNIT,
SYSTEM,SYS_C009063,ALM_TMPDETAMOVI,TASAIVA,
SYSTEM,SYS_C009064,ALM_TMPDETAMOVI,USUACREA,
SYSTEM,SYS_C009065,ALM_TMPDETAMOVI,FECHCREA,
SYSTEM,SYS_C009165,AUX_INVENTARIO,GRAR_CODIGRUP,
SYSTEM,SYS_C009166,AUX_INVENTARIO,NOMBRE,
SYSTEM,SYS_C009173,AUX_VENTAS,SERIE,
SYSTEM,SYS_C009174,AUX_VENTAS,NUMERO,
SYSTEM,SYS_C009175,BAK_ALM_DETALOTEJUL2023,DTLT_ID,
SYSTEM,SYS_C009176,BAK_ALM_DETALOTEJUL2023,LOTE_COMPANIA,
SYSTEM,SYS_C009177,BAK_ALM_DETALOTEJUL2023,LOTE_NUMELOTE,
SYSTEM,SYS_C009178,BAK_ALM_DETALOTEJUL2023,DTMV_DTMV_ID,
SYSTEM,SYS_C009179,BAK_ALM_DETALOTEJUL2023,FECHCREA,
SYSTEM,SYS_C009180,BAK_ALM_DETALOTEJUL2023,USUACREA,
SYSTEM,SYS_C009181,BAK_ALM_DETALOTEJUL2023,LOTE_ALCANCE,
SYSTEM,SYS_C009182,BAK_ALM_DETALOTE_2182023_951AM,DTLT_ID,
SYSTEM,SYS_C009183,BAK_ALM_DETALOTE_2182023_951AM,LOTE_COMPANIA,
SYSTEM,SYS_C009184,BAK_ALM_DETALOTE_2182023_951AM,LOTE_NUMELOTE,
SYSTEM,SYS_C009185,BAK_ALM_DETALOTE_2182023_951AM,DTMV_DTMV_ID,
SYSTEM,SYS_C009186,BAK_ALM_DETALOTE_2182023_951AM,FECHCREA,
SYSTEM,SYS_C009187,BAK_ALM_DETALOTE_2182023_951AM,USUACREA,
SYSTEM,SYS_C009188,BAK_ALM_DETALOTE_2182023_951AM,LOTE_ALCANCE,
SYSTEM,SYS_C009189,BAK_ALM_DETAMOVI_16112022,ENTRSALI,
SYSTEM,SYS_C009190,BAK_ALM_DETAMOVI_16112022,DTMV_ID,
SYSTEM,SYS_C009191,BAK_ALM_DETAMOVI_16112022,UMED_UNIDMEDI,
SYSTEM,SYS_C009192,BAK_ALM_DETAMOVI_16112022,VALOR,
SYSTEM,SYS_C009193,BAK_ALM_DETAMOVI_16112022,CANTIDAD,
SYSTEM,SYS_C009194,BAK_ALM_DETAMOVI_16112022,PRECUNIT,
SYSTEM,SYS_C009195,BAK_ALM_DETAMOVI_16112022,COSTUNIT,
SYSTEM,SYS_C009196,BAK_ALM_DETAMOVI_16112022,USUACREA,
SYSTEM,SYS_C009197,BAK_ALM_DETAMOVI_16112022,FECHCREA,
SYSTEM,SYS_C009198,BAK_ALM_DETAMOVI_16112022,SECC_CODIBODE,
SYSTEM,SYS_C009199,BAK_ALM_DETAMOVI_16112022,SECC_COMPANIA,
SYSTEM,SYS_C009200,BAK_ALM_DETAMOVI_16112022,SECC_CODISECC,
SYSTEM,SYS_C009201,BAK_ALM_DETAMOVI_16112022,SECC_OFICINA,
SYSTEM,SYS_C009202,BAK_ALM_DETAMOVI_16112022,ARTL_CODIGRUP,
SYSTEM,SYS_C009203,BAK_ALM_DETAMOVI_16112022,ARTL_CLASE,
SYSTEM,SYS_C009204,BAK_ALM_DETAMOVI_16112022,ARTL_COMPANIA,
SYSTEM,SYS_C009205,BAK_ALM_DETAMOVI_16112022,ARTL_ARTICULO,
SYSTEM,SYS_C009206,BAK_ALM_DETAMOVI_16112022,PROMOCION,
SYSTEM,SYS_C009207,BAK_ALM_DETAMOVI_16112022,PRORATEO,
SYSTEM,SYS_C009208,BAK_ALM_DETAMOVI_16112022,VALDESC,
SYSTEM,SYS_C009209,BAK_ALM_DETAMOVI_2182023_951AM,ENTRSALI,
SYSTEM,SYS_C009210,BAK_ALM_DETAMOVI_2182023_951AM,DTMV_ID,
SYSTEM,SYS_C009211,BAK_ALM_DETAMOVI_2182023_951AM,UMED_UNIDMEDI,
SYSTEM,SYS_C009212,BAK_ALM_DETAMOVI_2182023_951AM,VALOR,
SYSTEM,SYS_C009213,BAK_ALM_DETAMOVI_2182023_951AM,CANTIDAD,
SYSTEM,SYS_C009214,BAK_ALM_DETAMOVI_2182023_951AM,PRECUNIT,
SYSTEM,SYS_C009215,BAK_ALM_DETAMOVI_2182023_951AM,COSTUNIT,
SYSTEM,SYS_C009216,BAK_ALM_DETAMOVI_2182023_951AM,USUACREA,
SYSTEM,SYS_C009217,BAK_ALM_DETAMOVI_2182023_951AM,FECHCREA,
SYSTEM,SYS_C009218,BAK_ALM_DETAMOVI_2182023_951AM,SECC_CODIBODE,
SYSTEM,SYS_C009219,BAK_ALM_DETAMOVI_2182023_951AM,SECC_COMPANIA,
SYSTEM,SYS_C009220,BAK_ALM_DETAMOVI_2182023_951AM,SECC_CODISECC,
SYSTEM,SYS_C009221,BAK_ALM_DETAMOVI_2182023_951AM,SECC_OFICINA,
SYSTEM,SYS_C009222,BAK_ALM_DETAMOVI_2182023_951AM,ARTL_CODIGRUP,
SYSTEM,SYS_C009223,BAK_ALM_DETAMOVI_2182023_951AM,ARTL_CLASE,
SYSTEM,SYS_C009224,BAK_ALM_DETAMOVI_2182023_951AM,ARTL_COMPANIA,
SYSTEM,SYS_C009225,BAK_ALM_DETAMOVI_2182023_951AM,ARTL_ARTICULO,
SYSTEM,SYS_C009226,BAK_ALM_DETAMOVI_2182023_951AM,PROMOCION,
SYSTEM,SYS_C009227,BAK_ALM_DETAMOVI_2182023_951AM,PRORATEO,
SYSTEM,SYS_C009228,BAK_ALM_DETAMOVI_2182023_951AM,VALDESC,
SYSTEM,SYS_C009229,BAK_ALM_DETAMOVI_2182023_951AM,COMBO,
SYSTEM,SYS_C009237,BAK_ALM_TMPDETALOTE21082023,TDLT_ID,
SYSTEM,SYS_C009238,BAK_ALM_TMPDETALOTE21082023,CANTPARC,
SYSTEM,SYS_C009239,BAK_ALM_TMPDETALOTE21082023,FECHCREA,
SYSTEM,SYS_C009240,BAK_ALM_TMPDETALOTE21082023,USUACREA,
SYSTEM,SYS_C009241,BAK_ALM_TMPDETALOTE21082023,LOTE_NUMELOTE,
SYSTEM,SYS_C009242,BAK_ALM_TMPDETALOTE21082023,LOTE_COMPANIA,
SYSTEM,SYS_C009243,BAK_ALM_TMPDETALOTE21082023,LOTE_ALCANCE,
SYSTEM,ACTI_PK,CLI_ACTIVCLIEN,ACTI_ID,1
SYSTEM,AVCON_1220130717_ESTAD_006,CLI_ACTIVCLIEN,ESTADO,
SYSTEM,AVCON_1220130717_MESAN_000,CLI_ACTIVCLIEN,MESANTIG,
SYSTEM,AVCON_1220130717_PRINC_004,CLI_ACTIVCLIEN,PRINCIPA,
SYSTEM,AVCON_1220130717_TIPOA_000,CLI_ACTIVCLIEN,TIPOACTI,
SYSTEM,AVCON_1220130717_TIPOE_000,CLI_ACTIVCLIEN,TIPOEMPL,
SYSTEM,AVCON_1220130717_VIGEN_042,CLI_ACTIVCLIEN,VIGENTE,
SYSTEM,SYS_C009513,CLI_ACTIVCLIEN,NTRL_COMPANIA,
SYSTEM,SYS_C009514,CLI_ACTIVCLIEN,NTRL_IDCLIENTE,
SYSTEM,SYS_C009515,CLI_ACTIVCLIEN,TIPOACTI,
SYSTEM,SYS_C009516,CLI_ACTIVCLIEN,ACTI_ID,
SYSTEM,SYS_C009517,CLI_ACTIVCLIEN,FECHCREA,
SYSTEM,SYS_C009518,CLI_ACTIVCLIEN,USUACREA,
SYSTEM,DEIE_PK,CLI_DETAINGEGR,TIPOINEG,1
SYSTEM,SYS_C009665,CLI_DETAINGEGR,TIPOINEG,
SYSTEM,SYS_C009666,CLI_DETAINGEGR,DESCRIPC,
SYSTEM,SYS_C009667,CLI_DETAINGEGR,FECHCREA,
SYSTEM,SYS_C009668,CLI_DETAINGEGR,USUACREA,
SYSTEM,DTLN_LNCR_FK,CLI_DETALINE,LNCR_COMPANIA,1
SYSTEM,DTLN_LNCR_FK,CLI_DETALINE,LNCR_IDCLIENTE,2
SYSTEM,DTLN_PK,CLI_DETALINE,DTLN_ID,1
SYSTEM,SYS_C009671,CLI_DETALINE,LNCR_COMPANIA,
SYSTEM,SYS_C009672,CLI_DETALINE,LNCR_IDCLIENTE,
SYSTEM,SYS_C009673,CLI_DETALINE,FECHREVI,
SYSTEM,SYS_C009674,CLI_DETALINE,DTLN_ID,
SYSTEM,SYS_C009675,CLI_DETALINE,FECHCREA,
SYSTEM,SYS_C009676,CLI_DETALINE,USUACREA,
SYSTEM,DTVS_PK,CLI_DETAVISITA,DTVS_ID,1
SYSTEM,SYS_C009679,CLI_DETAVISITA,DTVS_ID,
SYSTEM,SYS_C009680,CLI_DETAVISITA,COMP,
SYSTEM,SYS_C009681,CLI_DETAVISITA,OFIC,
SYSTEM,SYS_C009682,CLI_DETAVISITA,CLIE,
SYSTEM,SYS_C009683,CLI_DETAVISITA,VEND,
SYSTEM,SYS_C009684,CLI_DETAVISITA,FECHA,
SYSTEM,SYS_C009685,CLI_DETAVISITA,PROXFECHA,
SYSTEM,SYS_C009686,CLI_DETAVISITA,DETALLES,
SYSTEM,AVCON_1220130717_HIPOT_000,CLI_PROPICLIEN,HIPOTECA,
SYSTEM,PRCL_PK,CLI_PROPICLIEN,PRCL_ID,1
SYSTEM,SYS_C009967,CLI_PROPICLIEN,NTRL_COMPANIA,
SYSTEM,SYS_C009968,CLI_PROPICLIEN,NTRL_IDCLIENTE,
SYSTEM,SYS_C009969,CLI_PROPICLIEN,DIRECCION,
SYSTEM,SYS_C009970,CLI_PROPICLIEN,AVALUO,
SYSTEM,SYS_C009971,CLI_PROPICLIEN,PRCL_ID,
SYSTEM,SYS_C009972,CLI_PROPICLIEN,FECHCREA,
SYSTEM,SYS_C009973,CLI_PROPICLIEN,USUACREA,
SYSTEM,AVCON_1220130717_TIPO_001,CNT_DETASIENTO,TIPO,
SYSTEM,DAST_ASTO_FK,CNT_DETASIENTO,ASTO_COMPANIA,1
SYSTEM,DAST_ASTO_FK,CNT_DETASIENTO,ASTO_NUMEDIAR,2
SYSTEM,DAST_CCST_FK,CNT_DETASIENTO,CCST_COMPANIA,1
SYSTEM,DAST_CCST_FK,CNT_DETASIENTO,CCST_OFICINA,2
SYSTEM,DAST_CCST_FK,CNT_DETASIENTO,CCST_CODIGO,3
SYSTEM,DAST_CTAS_FK,CNT_DETASIENTO,CTAS_COMPANIA,1
SYSTEM,DAST_CTAS_FK,CNT_DETASIENTO,CTAS_CATALOGO,2
SYSTEM,DAST_CTAS_FK,CNT_DETASIENTO,CTAS_CODIGO,3
SYSTEM,DAST_DAST_FK,CNT_DETASIENTO,DAST_DAST_ID,1
SYSTEM,DAST_PK,CNT_DETASIENTO,DAST_ID,1
SYSTEM,SYS_C0010400,CNT_DETASIENTO,ASTO_COMPANIA,
SYSTEM,SYS_C0010401,CNT_DETASIENTO,ASTO_NUMEDIAR,
SYSTEM,SYS_C0010402,CNT_DETASIENTO,CTAS_CODIGO,
SYSTEM,SYS_C0010403,CNT_DETASIENTO,CTAS_CATALOGO,
SYSTEM,SYS_C0010404,CNT_DETASIENTO,CTAS_COMPANIA,
SYSTEM,SYS_C0010405,CNT_DETASIENTO,TIPO,
SYSTEM,SYS_C0010406,CNT_DETASIENTO,VALOR,
SYSTEM,SYS_C0010407,CNT_DETASIENTO,DAST_ID,
SYSTEM,SYS_C0010408,CNT_DETASIENTO,FECHCREA,
SYSTEM,SYS_C0010409,CNT_DETASIENTO,USUACREA,
SYSTEM,AVCON_1748982566_IMPRI_000,CNT_DETIPIMP,IMPRIME,
SYSTEM,AVCON_1748982566_VIGEN_000,CNT_DETIPIMP,VIGENTE,
SYSTEM,DTIP_PK,CNT_DETIPIMP,DTIP_ID,1
SYSTEM,DTIP_TPIM_FK,CNT_DETIPIMP,TPIM_TIPOIMPU,1
SYSTEM,SYS_C0010413,CNT_DETIPIMP,DTIP_ID,
SYSTEM,SYS_C0010414,CNT_DETIPIMP,CODSRI,
SYSTEM,SYS_C0010415,CNT_DETIPIMP,PORCENTA,
SYSTEM,SYS_C0010416,CNT_DETIPIMP,USUACREA,
SYSTEM,SYS_C0010417,CNT_DETIPIMP,FECHCREA,
SYSTEM,SYS_C0010418,CNT_DETIPIMP,TPIM_TIPOIMPU,
SYSTEM,SYS_C0010419,CNT_DETIPIMP,VIGENTE,
SYSTEM,SYS_C0010420,CNT_DETIPIMP,IMPRIME,
SYSTEM,DCHE_CHQE_FK,COB_DETACHEQ,CHQE_CHQE_ID,1
SYSTEM,DCHE_EGEN_FK,COB_DETACHEQ,EGEN_ESTADO,1
SYSTEM,DCHE_PK,COB_DETACHEQ,DCHE_ID,1
SYSTEM,DCHE_PLCB_FK,COB_DETACHEQ,PLCB_PLCB_ID,1
SYSTEM,SYS_C0010582,COB_DETACHEQ,DCHE_ID,
SYSTEM,SYS_C0010583,COB_DETACHEQ,VALOR,
SYSTEM,SYS_C0010584,COB_DETACHEQ,PLCB_PLCB_ID,
SYSTEM,SYS_C0010585,COB_DETACHEQ,CHQE_CHQE_ID,
SYSTEM,SYS_C0010586,COB_DETACHEQ,EGEN_ESTADO,
SYSTEM,SYS_C0010587,COB_DETACHEQ,USUACREA,
SYSTEM,SYS_C0010588,COB_DETACHEQ,FECHCREA,
SYSTEM,DTCB_ASTO_FK,COB_DETACOBRO,ASTO_COMPANIA,1
SYSTEM,DTCB_ASTO_FK,COB_DETACOBRO,ASTO_NUMEDIAR,2
SYSTEM,DTCB_EGEN_FK,COB_DETACOBRO,EGEN_ESTADO,1
SYSTEM,DTCB_NCCL_FK,COB_DETACOBRO,NCCL_COMPANIA,1
SYSTEM,DTCB_NCCL_FK,COB_DETACOBRO,NCCL_OFICINA,2
SYSTEM,DTCB_NCCL_FK,COB_DETACOBRO,NCCL_SERIE,3
SYSTEM,DTCB_NCCL_FK,COB_DETACOBRO,NCCL_NUMERO,4
SYSTEM,DTCB_PK,COB_DETACOBRO,DTCB_ID,1
SYSTEM,DTCB_PLCB_FK,COB_DETACOBRO,PLCB_PLCB_ID,1
SYSTEM,DTCB_PTBN_FK,COB_DETACOBRO,PTBN_NUMEOPER,1
SYSTEM,DTCB_RCCB_FK,COB_DETACOBRO,RCCB_NUMERO,1
SYSTEM,DTCB_VNDR_FK,COB_DETACOBRO,VNDR_COMPANIA,1
SYSTEM,DTCB_VNDR_FK,COB_DETACOBRO,VNDR_OFICINA,2
SYSTEM,DTCB_VNDR_FK,COB_DETACOBRO,VNDR_CODIGO,3
SYSTEM,SYS_C0010591,COB_DETACOBRO,DTCB_ID,
SYSTEM,SYS_C0010592,COB_DETACOBRO,ASTO_COMPANIA,
SYSTEM,SYS_C0010593,COB_DETACOBRO,ASTO_NUMEDIAR,
SYSTEM,SYS_C0010594,COB_DETACOBRO,EGEN_ESTADO,
SYSTEM,SYS_C0010595,COB_DETACOBRO,PLCB_PLCB_ID,
SYSTEM,SYS_C0010596,COB_DETACOBRO,FECHA,
SYSTEM,SYS_C0010597,COB_DETACOBRO,FECHACOB,
SYSTEM,SYS_C0010598,COB_DETACOBRO,VALOR,
SYSTEM,SYS_C0010599,COB_DETACOBRO,REFER,
SYSTEM,SYS_C0010600,COB_DETACOBRO,USUACREA,
SYSTEM,SYS_C0010601,COB_DETACOBRO,FECHCREA,
SYSTEM,DDEB_OTRC_FK,COB_DETADEBI,OTRC_OTRC_ID,1
SYSTEM,DDEB_PK,COB_DETADEBI,DDEB_ID,1
SYSTEM,SYS_C0010604,COB_DETADEBI,DDEB_ID,
SYSTEM,SYS_C0010605,COB_DETADEBI,CANTIDAD,
SYSTEM,SYS_C0010606,COB_DETADEBI,PRECUNIT,
SYSTEM,SYS_C0010607,COB_DETADEBI,VALOR,
SYSTEM,SYS_C0010608,COB_DETADEBI,ARTL_ARTICULO,
SYSTEM,SYS_C0010609,COB_DETADEBI,ARTL_CODIGRUP,
SYSTEM,SYS_C0010610,COB_DETADEBI,ARTL_CLASE,
SYSTEM,SYS_C0010611,COB_DETADEBI,ARTL_COMPANIA,
SYSTEM,SYS_C0010612,COB_DETADEBI,USUACREA,
SYSTEM,SYS_C0010613,COB_DETADEBI,FECHCREA,
SYSTEM,CMDT_PK,COM_DETACOMP,CMDT_ID,1
SYSTEM,SYS_C0010662,COM_DETACOMP,CMDT_ID,
SYSTEM,SYS_C0010663,COM_DETACOMP,CODIGO,
SYSTEM,SYS_C0010664,COM_DETACOMP,DESCRIPCION,
SYSTEM,SYS_C0010665,COM_DETACOMP,CANTIDAD,
SYSTEM,SYS_C0010666,COM_DETACOMP,PRECUNIT,
SYSTEM,SYS_C0010667,COM_DETACOMP,PORCIVA,
SYSTEM,SYS_C0010668,COM_DETACOMP,MONTOIVA,
SYSTEM,SYS_C0010669,COM_DETACOMP,PORCDESC,
SYSTEM,SYS_C0010670,COM_DETACOMP,VALODESC,
SYSTEM,SYS_C0010671,COM_DETACOMP,VALOR,
SYSTEM,SYS_C0010672,COM_DETACOMP,FECHCREA,
SYSTEM,SYS_C0010673,COM_DETACOMP,USUACREA,
SYSTEM,SYS_C0010674,COM_DETACOMP,CMPR_CEDURUC,
SYSTEM,SYS_C0010675,COM_DETACOMP,CMPR_ALCANCE,
SYSTEM,SYS_C0010676,COM_DETACOMP,CMPR_NUMERO,
SYSTEM,SYS_C0010677,COM_DETACOMP,CMPR_SERIE,
SYSTEM,SYS_C0010678,COM_DETACOMP,CMPR_COMPANIA,
SYSTEM,SYS_C0010679,COM_DETACOMP,TPIM_TIPOIMPU,
SYSTEM,SYS_C0010680,COM_DETACOMP,DTIP_DTIP_ID,
SYSTEM,DSOL_DTMV_FK,COM_DETASOLI,DTMV_DTMV_ID,1
SYSTEM,DSOL_PK,COM_DETASOLI,DSOL_ID,1
SYSTEM,DSOL_SCOM_FK,COM_DETASOLI,SCOM_SCOM_ID,1
SYSTEM,SYS_C0010683,COM_DETASOLI,DTMV_DTMV_ID,
SYSTEM,SYS_C0010684,COM_DETASOLI,CANTIDAD,
SYSTEM,SYS_C0010685,COM_DETASOLI,PRECUNIT,
SYSTEM,SYS_C0010686,COM_DETASOLI,TOTAL,
SYSTEM,SYS_C0010687,COM_DETASOLI,DSOL_ID,
SYSTEM,SYS_C0010688,COM_DETASOLI,FECHCREA,
SYSTEM,SYS_C0010689,COM_DETASOLI,USUACREA,
SYSTEM,DTOC_PK,COM_DETORDCP,DTOC_ID,1
SYSTEM,SYS_C0010692,COM_DETORDCP,DTOC_ID,
SYSTEM,SYS_C0010693,COM_DETORDCP,CANTIDAD,
SYSTEM,SYS_C0010694,COM_DETORDCP,USUACREA,
SYSTEM,SYS_C0010695,COM_DETORDCP,FECHCREA,
SYSTEM,SYS_C0010696,COM_DETORDCP,ARTL_GRAR_CLASE,
SYSTEM,SYS_C0010697,COM_DETORDCP,ARTL_GRAR_COMPANIA,
SYSTEM,SYS_C0010698,COM_DETORDCP,ARTL_GRAR_CODIGRUP,
SYSTEM,PPAG_EGEN_FK,COM_PLANPAGO,EGEN_ESTADO,1
SYSTEM,PPAG_OTRS_FK,COM_PLANPAGO,OTRS_OTRS_ID,1
SYSTEM,PPAG_PK,COM_PLANPAGO,PPAG_ID,1
SYSTEM,SYS_C0010735,COM_PLANPAGO,PPAG_ID,
SYSTEM,SYS_C0010736,COM_PLANPAGO,NUMECUOT,
SYSTEM,SYS_C0010737,COM_PLANPAGO,VALOCUOT,
SYSTEM,SYS_C0010738,COM_PLANPAGO,DIAS,
SYSTEM,SYS_C0010739,COM_PLANPAGO,FECHVENC,
SYSTEM,SYS_C0010740,COM_PLANPAGO,EGEN_ESTADO,
SYSTEM,SYS_C0010741,COM_PLANPAGO,FECHCREA,
SYSTEM,SYS_C0010742,COM_PLANPAGO,USUACREA,
SYSTEM,CXML_EGEN_FK,COM_TMPCOMPRAS,EGEN_ESTADO,1
SYSTEM,CXML_FRPG_FK,COM_TMPCOMPRAS,FRPG_FORMPAGO,1
SYSTEM,CXML_INCN_FK,COM_TMPCOMPRAS,INCN_COMPANIA,1
SYSTEM,CXML_INCN_FK,COM_TMPCOMPRAS,INCN_PRODUCTO,2
SYSTEM,CXML_INCN_FK,COM_TMPCOMPRAS,INCN_TIPODOCU,3
SYSTEM,CXML_INCN_FK,COM_TMPCOMPRAS,INCN_CODITRAN,4
SYSTEM,CXML_MONE_FK,COM_TMPCOMPRAS,MONE_MONEDA,1
SYSTEM,CXML_PAIS_FK,COM_TMPCOMPRAS,PAIS_CODIPAIS,1
SYSTEM,CXML_PK,COM_TMPCOMPRAS,SERIE,1
SYSTEM,CXML_PK,COM_TMPCOMPRAS,NUMERO,2
SYSTEM,CXML_PK,COM_TMPCOMPRAS,PROV_CEDURUC,3
SYSTEM,CXML_PK,COM_TMPCOMPRAS,ALCANCE,4
SYSTEM,CXML_PK,COM_TMPCOMPRAS,PROV_COMPANIA,5
SYSTEM,CXML_PRPG_DEFINIENDO_FK,COM_TMPCOMPRAS,PRPG_CODIPERI,1
SYSTEM,CXML_SCTR_FK,COM_TMPCOMPRAS,SCTR_SECUTRAN,1
SYSTEM,CXML_STCM_FK,COM_TMPCOMPRAS,STCM_SUSTENTO,1
SYSTEM,CXML_TPPG_FK,COM_TMPCOMPRAS,TPPG_CODIGO,1
SYSTEM,SYS_C0010773,COM_TMPCOMPRAS,PROV_CEDURUC,
SYSTEM,SYS_C0010774,COM_TMPCOMPRAS,PROV_COMPANIA,
SYSTEM,SYS_C0010775,COM_TMPCOMPRAS,SERIE,
SYSTEM,SYS_C0010776,COM_TMPCOMPRAS,NUMERO,
SYSTEM,SYS_C0010777,COM_TMPCOMPRAS,ALCANCE,
SYSTEM,SYS_C0010778,COM_TMPCOMPRAS,FECHA,
SYSTEM,SYS_C0010779,COM_TMPCOMPRAS,FECHEMIS,
SYSTEM,SYS_C0010780,COM_TMPCOMPRAS,DESCRIPC,
SYSTEM,SYS_C0010781,COM_TMPCOMPRAS,DESCUEN,
SYSTEM,SYS_C0010782,COM_TMPCOMPRAS,VALODESC,
SYSTEM,SYS_C0010783,COM_TMPCOMPRAS,OFCN_COMPANIA,
SYSTEM,SYS_C0010784,COM_TMPCOMPRAS,OFCN_OFICINA,
SYSTEM,SYS_C0010785,COM_TMPCOMPRAS,FECHCREA,
SYSTEM,SYS_C0010786,COM_TMPCOMPRAS,USUACREA,
SYSTEM,SYS_C0010787,COM_TMPCOMPRAS,EGEN_ESTADO,
SYSTEM,DTRC_PK,CST_DETARECT,ARTL_CODIGRUP,1
SYSTEM,DTRC_PK,CST_DETARECT,ARTL_COMPANIA,2
SYSTEM,DTRC_PK,CST_DETARECT,ARTL_CLASE,3
SYSTEM,DTRC_PK,CST_DETARECT,ARTL_ARTICULO,4
SYSTEM,DTRC_PK,CST_DETARECT,RCTA_ID,5
SYSTEM,DTRC_RCTA_FK,CST_DETARECT,RCTA_ID,1
SYSTEM,SYS_C0010844,CST_DETARECT,CANTIDAD,
SYSTEM,SYS_C0010845,CST_DETARECT,USUACREA,
SYSTEM,SYS_C0010846,CST_DETARECT,FECHCREA,
SYSTEM,SYS_C0010847,CST_DETARECT,ARTL_ARTICULO,
SYSTEM,SYS_C0010848,CST_DETARECT,ARTL_CLASE,
SYSTEM,SYS_C0010849,CST_DETARECT,ARTL_COMPANIA,
SYSTEM,SYS_C0010850,CST_DETARECT,ARTL_CODIGRUP,
SYSTEM,SYS_C0010851,CST_DETARECT,RCTA_ID,
SYSTEM,DTCC_DTCC_UK,CST_DETCENCS,LTPR_CODIGO,1
SYSTEM,DTCC_LTPR_FK,CST_DETCENCS,LTPR_CODIGO,1
SYSTEM,DTCC_PK,CST_DETCENCS,DTCC_ID,1
SYSTEM,SYS_C0010854,CST_DETCENCS,DTCC_ID,
SYSTEM,SYS_C0010855,CST_DETCENCS,VIGENTE,
SYSTEM,SYS_C0010856,CST_DETCENCS,CANTINIC,
SYSTEM,SYS_C0010857,CST_DETCENCS,USUACREA,
SYSTEM,SYS_C0010858,CST_DETCENCS,FECHCREA,
SYSTEM,SYS_C0010859,CST_DETCENCS,LTPR_CODIGO,
SYSTEM,OPRD_ASTO_FK,CST_ORDEPROD,ASTO_COMPANIA,1
SYSTEM,OPRD_ASTO_FK,CST_ORDEPROD,ASTO_NUMEDIAR,2
SYSTEM,OPRD_EGEN_FK,CST_ORDEPROD,EGEN_ESTADO,1
SYSTEM,OPRD_LTPR_FK,CST_ORDEPROD,LTPR_CODIGO,1
SYSTEM,OPRD_PK,CST_ORDEPROD,NUMERO,1
SYSTEM,OPRD_PK,CST_ORDEPROD,OFCN_COMPANIA,2
SYSTEM,OPRD_PK,CST_ORDEPROD,OFCN_OFICINA,3
SYSTEM,OPRD_RCTA_FK,CST_ORDEPROD,RCTA_ID,1
SYSTEM,SYS_C0010872,CST_ORDEPROD,OFCN_COMPANIA,
SYSTEM,SYS_C0010873,CST_ORDEPROD,OFCN_OFICINA,
SYSTEM,SYS_C0010874,CST_ORDEPROD,NUMERO,
SYSTEM,SYS_C0010875,CST_ORDEPROD,FECHA,
SYSTEM,SYS_C0010876,CST_ORDEPROD,NUMEPARA,
SYSTEM,SYS_C0010877,CST_ORDEPROD,CANTPRES,
SYSTEM,SYS_C0010878,CST_ORDEPROD,ARTL_COMPANIA,
SYSTEM,SYS_C0010879,CST_ORDEPROD,ARTL_CLASE,
SYSTEM,SYS_C0010880,CST_ORDEPROD,ARTL_CODIGRUP,
SYSTEM,SYS_C0010881,CST_ORDEPROD,ARTL_ARTICULO,
SYSTEM,SYS_C0010882,CST_ORDEPROD,EGEN_ESTADO,
SYSTEM,SYS_C0010883,CST_ORDEPROD,FECHCREA,
SYSTEM,SYS_C0010884,CST_ORDEPROD,USUACREA,
SYSTEM,PROD_PK,CST_PRODUCCN,NUMERO,1
SYSTEM,PROD_PK,CST_PRODUCCN,DTCC_DTCC_ID,2
SYSTEM,SYS_C0010887,CST_PRODUCCN,NUMERO,
SYSTEM,SYS_C0010888,CST_PRODUCCN,FECHA,
SYSTEM,SYS_C0010889,CST_PRODUCCN,USUACREA,
SYSTEM,SYS_C0010890,CST_PRODUCCN,FECHCREA,
SYSTEM,SYS_C0010891,CST_PRODUCCN,DTCC_DTCC_ID,
SYSTEM,SYS_C0010892,CST_PRODUCCN,CLPR_TIPO,
SYSTEM,SYS_C0010893,CST_PRODUCCN,LTPC_ID,
SYSTEM,DSIM_PK,CST_SIMUDETA,DSIM_ID,1
SYSTEM,DSIM_SIMU_FK,CST_SIMUDETA,SIMU_SIMU_ID,1
SYSTEM,SYS_C0010924,CST_SIMUDETA,DSIM_ID,
SYSTEM,SYS_C0010925,CST_SIMUDETA,ARTICULO,
SYSTEM,SYS_C0010926,CST_SIMUDETA,NOMBRE,
SYSTEM,SYS_C0010927,CST_SIMUDETA,CANTIDAD,
SYSTEM,SYS_C0010928,CST_SIMUDETA,UNIDAD,
SYSTEM,SYS_C0010929,CST_SIMUDETA,COSTO,
SYSTEM,SYS_C0010930,CST_SIMUDETA,FECHCREA,
SYSTEM,SYS_C0010931,CST_SIMUDETA,USUACREA,
SYSTEM,SYS_C0010932,CST_SIMUDETA,SIMU_SIMU_ID,
SYSTEM,SYS_C0010945,CST_VARIPROD,VARP_ID,
SYSTEM,SYS_C0010946,CST_VARIPROD,DESCRIPC,
SYSTEM,SYS_C0010947,CST_VARIPROD,VIGENTE,
SYSTEM,SYS_C0010948,CST_VARIPROD,USUACREA,
SYSTEM,SYS_C0010949,CST_VARIPROD,FECHCREA,
SYSTEM,VARP_PK,CST_VARIPROD,VARP_ID,1
SYSTEM,VARP_VARP_FK,CST_VARIPROD,VARP_VARP_ID,1
SYSTEM,DWVN_PK,DWH_VENTAS,DWVN_ID,1
SYSTEM,SYS_C0010960,DWH_VENTAS,DWVN_ID,
SYSTEM,SYS_C0010961,DWH_VENTAS,FECHCREA,
SYSTEM,SYS_C0010962,DWH_VENTAS,USUACREA,
SYSTEM,SYS_C0010965,DWH_VENTAS_081124,DWVN_ID,
SYSTEM,SYS_C0010966,DWH_VENTAS_081124,FECHCREA,
SYSTEM,SYS_C0010967,DWH_VENTAS_081124,USUACREA,
SYSTEM,AVCON_1220130717_GRUPO_001,ECL_DETAFORMU,GRUPO,
SYSTEM,AVCON_1220130717_REQUE_000,ECL_DETAFORMU,REQUERID,
SYSTEM,AVCON_1220130717_VIGEN_021,ECL_DETAFORMU,VIGENTE,
SYSTEM,DTFR_DTFR_FK,ECL_DETAFORMU,DTFR_CODICAMP,1
SYSTEM,DTFR_DTFR_FK,ECL_DETAFORMU,DTFR_CODIGO,2
SYSTEM,DTFR_FRML_FK,ECL_DETAFORMU,FRML_CODIGO,1
SYSTEM,DTFR_PK,ECL_DETAFORMU,CODICAMP,1
SYSTEM,DTFR_PK,ECL_DETAFORMU,FRML_CODIGO,2
SYSTEM,SYS_C0010978,ECL_DETAFORMU,FRML_CODIGO,
SYSTEM,SYS_C0010979,ECL_DETAFORMU,CODICAMP,
SYSTEM,SYS_C0010980,ECL_DETAFORMU,DESCRIPC,
SYSTEM,SYS_C0010981,ECL_DETAFORMU,REQUERID,
SYSTEM,SYS_C0010982,ECL_DETAFORMU,GRUPO,
SYSTEM,SYS_C0010983,ECL_DETAFORMU,VIGENTE,
SYSTEM,SYS_C0010984,ECL_DETAFORMU,FECHCREA,
SYSTEM,SYS_C0010985,ECL_DETAFORMU,USUACREA,
SYSTEM,DTDC_DTFR_FK,ECT_DETADECLA,DTFR_CODICAMP,1
SYSTEM,DTDC_DTFR_FK,ECT_DETADECLA,DTFR_CODIGO,2
SYSTEM,DTDC_PK,ECT_DETADECLA,DTDC_ID,1
SYSTEM,SYS_C0011011,ECT_DETADECLA,DTDC_ID,
SYSTEM,SYS_C0011012,ECT_DETADECLA,DCRN_DCRN_ID,
SYSTEM,SYS_C0011013,ECT_DETADECLA,DTFR_CODICAMP,
SYSTEM,SYS_C0011014,ECT_DETADECLA,DTFR_CODIGO,
SYSTEM,SYS_C0011015,ECT_DETADECLA,VALOR,
SYSTEM,SYS_C0011016,ECT_DETADECLA,FECHCREA,
SYSTEM,SYS_C0011017,ECT_DETADECLA,USUACREA,
SYSTEM,AVCON_1220130717_DEFEC_001,GEN_FORMPAGO,DEFECTO,
SYSTEM,AVCON_1220130717_FORMU_000,GEN_FORMPAGO,FORMULAR,
SYSTEM,AVCON_1220130717_VIGEN_033,GEN_FORMPAGO,VIGENTE,
SYSTEM,FRPG_PK,GEN_FORMPAGO,FORMPAGO,1
SYSTEM,SYS_C0011220,GEN_FORMPAGO,FORMPAGO,
SYSTEM,SYS_C0011221,GEN_FORMPAGO,DESCRIPC,
SYSTEM,SYS_C0011222,GEN_FORMPAGO,FECHCREA,
SYSTEM,SYS_C0011223,GEN_FORMPAGO,USUACREA,
SYSTEM,SYS_C0011224,GEN_FORMPAGO,VIGENTE,
SYSTEM,SYS_C0011225,GEN_FORMPAGO,FORMULAR,
SYSTEM,SYS_C0011226,GEN_FORMPAGO,DEFECTO,
SYSTEM,AVCON_1220130717_DISPO_006,GEN_PERIPAGO,DISPONIBLE,
SYSTEM,PRPG_FRPG_FK,GEN_PERIPAGO,FRPG_FORMPAGO,1
SYSTEM,PRPG_PK,GEN_PERIPAGO,CODIPERI,1
SYSTEM,SYS_C0011347,GEN_PERIPAGO,CODIPERI,
SYSTEM,SYS_C0011348,GEN_PERIPAGO,DISPONIBLE,
SYSTEM,SYS_C0011349,GEN_PERIPAGO,FECHCREA,
SYSTEM,SYS_C0011350,GEN_PERIPAGO,USUACREA,
SYSTEM,AVCON_1220130717_DISPO_001,GEN_PRODUCTOS,DISPONIB,
SYSTEM,PRDT_PK,GEN_PRODUCTOS,PRODUCTO,1
SYSTEM,SYS_C0011406,GEN_PRODUCTOS,PRODUCTO,
SYSTEM,SYS_C0011407,GEN_PRODUCTOS,NOMBLARG,
SYSTEM,SYS_C0011408,GEN_PRODUCTOS,NOMBCORT,
SYSTEM,SYS_C0011409,GEN_PRODUCTOS,FECHCREA,
SYSTEM,SYS_C0011410,GEN_PRODUCTOS,USUACREA,
SYSTEM,SYS_C0011588,GEN_TIPOPAGO,CODIGO,
SYSTEM,SYS_C0011589,GEN_TIPOPAGO,DESCRIPC,
SYSTEM,SYS_C0011590,GEN_TIPOPAGO,USUACREA,
SYSTEM,SYS_C0011591,GEN_TIPOPAGO,FECHCREA,
SYSTEM,TPPG_PK,GEN_TIPOPAGO,CODIGO,1
SYSTEM,AVCON_1220130717_APROB_000,IMP_DENOTAPEDI,APROBADO,
SYSTEM,DTNP_DREQ_FK,IMP_DENOTAPEDI,DREQ_DREQ_ID,1
SYSTEM,DTNP_DTNP_FK,IMP_DENOTAPEDI,DTNP_DTNP_ID,1
SYSTEM,DTNP_NTPD_FK,IMP_DENOTAPEDI,NTPD_COMPANIA,1
SYSTEM,DTNP_NTPD_FK,IMP_DENOTAPEDI,NTPD_OFICINA,2
SYSTEM,DTNP_NTPD_FK,IMP_DENOTAPEDI,NTPD_NUMERO,3
SYSTEM,DTNP_PK,IMP_DENOTAPEDI,DTNP_ID,1
SYSTEM,SYS_C0011713,IMP_DENOTAPEDI,DTNP_ID,
SYSTEM,SYS_C0011714,IMP_DENOTAPEDI,PRECUNIT,
SYSTEM,SYS_C0011715,IMP_DENOTAPEDI,CANTPEDI,
SYSTEM,SYS_C0011716,IMP_DENOTAPEDI,CANTAPRO,
SYSTEM,SYS_C0011717,IMP_DENOTAPEDI,CANTFACT,
SYSTEM,SYS_C0011718,IMP_DENOTAPEDI,CANTPESO,
SYSTEM,SYS_C0011719,IMP_DENOTAPEDI,FECHCREA,
SYSTEM,SYS_C0011720,IMP_DENOTAPEDI,USUACREA,
SYSTEM,SYS_C0011721,IMP_DENOTAPEDI,ARTL_CLASE,
SYSTEM,SYS_C0011722,IMP_DENOTAPEDI,ARTL_COMPANIA,
SYSTEM,SYS_C0011723,IMP_DENOTAPEDI,ARTL_CODIGRUP,
SYSTEM,SYS_C0011724,IMP_DENOTAPEDI,ARTL_ARTICULO,
SYSTEM,NTPD_ASGR_FK,IMP_NOTAPEDI,ASGR_ASGR_ID,1
SYSTEM,NTPD_CBAN_FK,IMP_NOTAPEDI,CBAN_COMPANIA,1
SYSTEM,NTPD_CBAN_FK,IMP_NOTAPEDI,CBAN_CATALOGO,2
SYSTEM,NTPD_CBAN_FK,IMP_NOTAPEDI,CBAN_CODIGO,3
SYSTEM,NTPD_EGEN_FK,IMP_NOTAPEDI,EGEN_ESTADO,1
SYSTEM,NTPD_IMPT_FK,IMP_NOTAPEDI,IMPT_COMPANIA,1
SYSTEM,NTPD_IMPT_FK,IMP_NOTAPEDI,IMPT_OFICINA,2
SYSTEM,NTPD_IMPT_FK,IMP_NOTAPEDI,IMPT_NUMEIMPO,3
SYSTEM,NTPD_MONE_FK,IMP_NOTAPEDI,MONE_MONEDA,1
SYSTEM,NTPD_NTPD_FK,IMP_NOTAPEDI,NTPD_COMPANIA,1
SYSTEM,NTPD_NTPD_FK,IMP_NOTAPEDI,NTPD_OFICINA,2
SYSTEM,NTPD_NTPD_FK,IMP_NOTAPEDI,NTPD_NUMERO,3
SYSTEM,NTPD_PK,IMP_NOTAPEDI,OFCN_COMPANIA,1
SYSTEM,NTPD_PK,IMP_NOTAPEDI,OFCN_OFICINA,2
SYSTEM,NTPD_PK,IMP_NOTAPEDI,NUMERO,3
SYSTEM,NTPD_REQU_FK,IMP_NOTAPEDI,REQU_NUMERO,1
SYSTEM,NTPD_REQU_FK,IMP_NOTAPEDI,REQU_COMPANIA,2
SYSTEM,NTPD_REQU_FK,IMP_NOTAPEDI,REQU_OFICINA,3
SYSTEM,NTPD_REQU_FK,IMP_NOTAPEDI,REQU_TIPODOCU,4
SYSTEM,NTPD_UMED_FK,IMP_NOTAPEDI,UMED_UNIDMEDI,1
SYSTEM,SYS_C0011804,IMP_NOTAPEDI,OFCN_COMPANIA,
SYSTEM,SYS_C0011805,IMP_NOTAPEDI,OFCN_OFICINA,
SYSTEM,SYS_C0011806,IMP_NOTAPEDI,NUMERO,
SYSTEM,SYS_C0011807,IMP_NOTAPEDI,FECHA,
SYSTEM,SYS_C0011808,IMP_NOTAPEDI,PORDSCTO,
SYSTEM,SYS_C0011809,IMP_NOTAPEDI,VALDSCTO,
SYSTEM,SYS_C0011810,IMP_NOTAPEDI,EGEN_ESTADO,
SYSTEM,SYS_C0011811,IMP_NOTAPEDI,MONE_MONEDA,
SYSTEM,SYS_C0011812,IMP_NOTAPEDI,UMED_UNIDMEDI,
SYSTEM,SYS_C0011813,IMP_NOTAPEDI,FECHCREA,
SYSTEM,SYS_C0011814,IMP_NOTAPEDI,USUACREA,
SYSTEM,INDE_EGEN_FK,INF_DETAEQUI,EGEN_ESTADO,1
SYSTEM,INDE_PK,INF_DETAEQUI,INDE_ID,1
SYSTEM,SYS_C0011881,INF_DETAEQUI,INDE_ID,
SYSTEM,SYS_C0011882,INF_DETAEQUI,FECHA,
SYSTEM,SYS_C0011883,INF_DETAEQUI,USUACREA,
SYSTEM,SYS_C0011884,INF_DETAEQUI,FECHCREA,
SYSTEM,SYS_C0011885,INF_DETAEQUI,EGEN_ESTADO,
SYSTEM,SYS_C0011886,INF_DETAEQUI,INDN_INDN_ID,
SYSTEM,SYS_C0011887,INF_DETAEQUI,AFIJ_CODIGO,
SYSTEM,SYS_C0011888,INF_DETAEQUI,AFIJ_CLASE,
SYSTEM,SYS_C0011889,INF_DETAEQUI,AFIJ_COMPANIA,
SYSTEM,DPAG_ASTO_FK,PAG_DETAPAGO,ASTO_COMPANIA,1
SYSTEM,DPAG_ASTO_FK,PAG_DETAPAGO,ASTO_NUMEDIAR,2
SYSTEM,DPAG_EGEN_FK,PAG_DETAPAGO,EGEN_ESTADO,1
SYSTEM,DPAG_NCPR_FK,PAG_DETAPAGO,NCPR_COMPANIA,1
SYSTEM,DPAG_NCPR_FK,PAG_DETAPAGO,NCPR_CEDURUC,2
SYSTEM,DPAG_NCPR_FK,PAG_DETAPAGO,NCPR_SERIE,3
SYSTEM,DPAG_NCPR_FK,PAG_DETAPAGO,NCPR_NUMERO,4
SYSTEM,DPAG_NCPR_FK,PAG_DETAPAGO,NCPR_ALCANCE,5
SYSTEM,DPAG_PK,PAG_DETAPAGO,DPAG_ID,1
SYSTEM,DPAG_PPAG_FK,PAG_DETAPAGO,PPAG_PPAG_ID,1
SYSTEM,SYS_C0012034,PAG_DETAPAGO,DPAG_ID,
SYSTEM,SYS_C0012035,PAG_DETAPAGO,ASTO_COMPANIA,
SYSTEM,SYS_C0012036,PAG_DETAPAGO,ASTO_NUMEDIAR,
SYSTEM,SYS_C0012037,PAG_DETAPAGO,EGEN_ESTADO,
SYSTEM,SYS_C0012038,PAG_DETAPAGO,PPAG_PPAG_ID,
SYSTEM,SYS_C0012039,PAG_DETAPAGO,FECHA,
SYSTEM,SYS_C0012040,PAG_DETAPAGO,VALOR,
SYSTEM,SYS_C0012041,PAG_DETAPAGO,REFER,
SYSTEM,SYS_C0012042,PAG_DETAPAGO,FECHCREA,
SYSTEM,SYS_C0012043,PAG_DETAPAGO,USUACREA,
SYSTEM,AVCON_1641237567_TIPO_000,PRT_DETASIENTO,TIPO,
SYSTEM,PDAS_GPCM_FK,PRT_DETASIENTO,GPCM_CODIGRUP,1
SYSTEM,PDAS_PCTS_FK,PRT_DETASIENTO,PCTS_CODIGO,1
SYSTEM,PDAS_PK,PRT_DETASIENTO,PDAS_ID,1
SYSTEM,PDAS_PTBN_FK,PRT_DETASIENTO,PTBN_NUMEOPER,1
SYSTEM,SYS_C0012243,PRT_DETASIENTO,PDAS_ID,
SYSTEM,SYS_C0012244,PRT_DETASIENTO,TIPO,
SYSTEM,SYS_C0012245,PRT_DETASIENTO,VALOR,
SYSTEM,SYS_C0012246,PRT_DETASIENTO,FECHCREA,
SYSTEM,SYS_C0012247,PRT_DETASIENTO,USUACREA,
SYSTEM,SYS_C0012248,PRT_DETASIENTO,PCTS_CODIGO,
SYSTEM,SYS_C0012249,PRT_DETASIENTO,GPCM_CODIGRUP,
SYSTEM,SYS_C0012250,PRT_DETASIENTO,PTBN_NUMEOPER,
SYSTEM,AVCON_1641237567_APROB_001,PRT_DETASOLI,APROBADO,
SYSTEM,AVCON_1641237567_EXEPC_001,PRT_DETASOLI,EXEPCION,
SYSTEM,AVCON_1705010623_APROB_002,PRT_DETASOLI,APROBADOC2,
SYSTEM,AVCON_1705010623_APROB_003,PRT_DETASOLI,APROBADOC3,
SYSTEM,AVCON_1705010623_APROB_004,PRT_DETASOLI,APROBADOC4,
SYSTEM,AVCON_1705010623_APROB_005,PRT_DETASOLI,APROBADOC5,
SYSTEM,PDSL_ESOL_FK,PRT_DETASOLI,ESOL_ESTADO,1
SYSTEM,PDSL_PCRG_FK,PRT_DETASOLI,PCRG_TIPO,1
SYSTEM,PDSL_PK,PRT_DETASOLI,PDSL_ID,1
SYSTEM,PDSL_PRTC_FK,PRT_DETASOLI,PRTC_TIPOCRED,1
SYSTEM,PDSL_PSLG_FK,PRT_DETASOLI,PSLG_NUMERO,1
SYSTEM,PDSL_TPDC_FK,PRT_DETASOLI,TPDC_TIPODOCU,1
SYSTEM,SYS_C0012254,PRT_DETASOLI,PDSL_ID,
SYSTEM,SYS_C0012255,PRT_DETASOLI,MONTO,
SYSTEM,SYS_C0012256,PRT_DETASOLI,APROBADO,
SYSTEM,SYS_C0012257,PRT_DETASOLI,EXEPCION,
SYSTEM,SYS_C0012258,PRT_DETASOLI,USUACREA,
SYSTEM,SYS_C0012259,PRT_DETASOLI,FECHCREA,
SYSTEM,SYS_C0012260,PRT_DETASOLI,CLTE_IDCLIENTE,
SYSTEM,SYS_C0012261,PRT_DETASOLI,CLTE_COMPANIA,
SYSTEM,SYS_C0012262,PRT_DETASOLI,TPDC_TIPODOCU,
SYSTEM,SYS_C0012263,PRT_DETASOLI,PSLG_NUMERO,
SYSTEM,SYS_C0012264,PRT_DETASOLI,PCRG_TIPO,
SYSTEM,SYS_C0012265,PRT_DETASOLI,ESOL_ESTADO,
SYSTEM,SYS_C0012266,PRT_DETASOLI,MONTOC2,
SYSTEM,SYS_C0012267,PRT_DETASOLI,MONTOC3,
SYSTEM,SYS_C0012268,PRT_DETASOLI,MONTOC4,
SYSTEM,SYS_C0012269,PRT_DETASOLI,MONTOC5,
SYSTEM,SYS_C0012270,PRT_DETASOLI,APROBADOC2,
SYSTEM,SYS_C0012271,PRT_DETASOLI,APROBADOC3,
SYSTEM,SYS_C0012272,PRT_DETASOLI,APROBADOC4,
SYSTEM,SYS_C0012273,PRT_DETASOLI,APROBADOC5,
SYSTEM,AVCON_1641237567_TIPO_001,PRT_DETIPCAU,TIPO,
SYSTEM,DCSL_PCTS_FK,PRT_DETIPCAU,PCTS_CODIGO,1
SYSTEM,DCSL_PK,PRT_DETIPCAU,DCSL_ID,1
SYSTEM,DCSL_TCSL_FK,PRT_DETIPCAU,TCSL_TIPCASUA,1
SYSTEM,DCSL_TPDC_FK,PRT_DETIPCAU,TPDC_TIPODOCU,1
SYSTEM,SYS_C0012282,PRT_DETIPCAU,DCSL_ID,
SYSTEM,SYS_C0012283,PRT_DETIPCAU,VARSISTEMA,
SYSTEM,SYS_C0012284,PRT_DETIPCAU,TIPO,
SYSTEM,SYS_C0012285,PRT_DETIPCAU,USUACREA,
SYSTEM,SYS_C0012286,PRT_DETIPCAU,FECHCREA,
SYSTEM,SYS_C0012287,PRT_DETIPCAU,TCSL_TIPCASUA,
SYSTEM,SYS_C0012288,PRT_DETIPCAU,TPDC_TIPODOCU,
SYSTEM,SYS_C0012289,PRT_DETIPCAU,PCTS_CODIGO,
SYSTEM,SDET_CCPT_FK,PRT_SIMUDETA,CCPT_TIPOCAPI,1
SYSTEM,SDET_EGEN_FK,PRT_SIMUDETA,EGEN_ESTADO,1
SYSTEM,SDET_FRPG_FK,PRT_SIMUDETA,FRPG_FORMPAGO,1
SYSTEM,SDET_PK,PRT_SIMUDETA,SDET_ID,1
SYSTEM,SDET_SMCR_FK,PRT_SIMUDETA,SMCR_SMCR_ID,1
SYSTEM,SYS_C0012472,PRT_SIMUDETA,SDET_ID,
SYSTEM,SYS_C0012473,PRT_SIMUDETA,NUMECUOT,
SYSTEM,SYS_C0012474,PRT_SIMUDETA,VALOCOUT,
SYSTEM,SYS_C0012475,PRT_SIMUDETA,CAPITAL,
SYSTEM,SYS_C0012476,PRT_SIMUDETA,DIAS,
SYSTEM,SYS_C0012477,PRT_SIMUDETA,FECHVENC,
SYSTEM,SYS_C0012478,PRT_SIMUDETA,TASAINTE,
SYSTEM,SYS_C0012479,PRT_SIMUDETA,FECHCREA,
SYSTEM,SYS_C0012480,PRT_SIMUDETA,USUACREA,
SYSTEM,SYS_C0012481,PRT_SIMUDETA,EGEN_ESTADO,
SYSTEM,SYS_C0012482,PRT_SIMUDETA,SMCR_SMCR_ID,
SYSTEM,SYS_C0012483,PRT_SIMUDETA,FRPG_FORMPAGO,
SYSTEM,SYS_C0012484,PRT_SIMUDETA,CCPT_TIPOCAPI,
SYSTEM,DPRS_PK,RHH_DETAPRES,DPRS_ID,1
SYSTEM,DPRS_PRS_FK,RHH_DETAPRES,PRS_NUMERO,1
SYSTEM,DPRS_PRS_FK,RHH_DETAPRES,PRS_COMPANIA,2
SYSTEM,DPRS_PRS_FK,RHH_DETAPRES,PRS_OFICINA,3
SYSTEM,SYS_C0012810,RHH_DETAPRES,DPRS_ID,
SYSTEM,SYS_C0012811,RHH_DETAPRES,TIPO,
SYSTEM,SYS_C0012812,RHH_DETAPRES,CANTIDAD,
SYSTEM,SYS_C0012813,RHH_DETAPRES,COSTO,
SYSTEM,SYS_C0012814,RHH_DETAPRES,VALOR,
SYSTEM,SYS_C0012815,RHH_DETAPRES,TCSI_TIPOCOST,
SYSTEM,SYS_C0012816,RHH_DETAPRES,TCSI_COMPANIA,
SYSTEM,SYS_C0012817,RHH_DETAPRES,PRS_NUMERO,
SYSTEM,SYS_C0012818,RHH_DETAPRES,PRS_OFICINA,
SYSTEM,SYS_C0012819,RHH_DETAPRES,PRS_COMPANIA,
SYSTEM,SYS_C0012820,RHH_DETAPRES,RHHS_CEDURUC,
SYSTEM,SYS_C0012821,RHH_DETAPRES,ARTL_COMPANIA,
SYSTEM,SYS_C0012822,RHH_DETAPRES,ARTL_ARTICULO,
SYSTEM,SYS_C0012823,RHH_DETAPRES,ARTL_CLASE,
SYSTEM,SYS_C0012824,RHH_DETAPRES,ARTL_CODIGRUP,
SYSTEM,SYS_C0012825,RHH_DETAPRES,FECHCREA,
SYSTEM,SYS_C0012826,RHH_DETAPRES,USUACREA,
SYSTEM,CUOTAS_ASTO_FK,RHH_DETAVENC,ASTO_CMPN_COMPANIA,1
SYSTEM,CUOTAS_ASTO_FK,RHH_DETAVENC,ASTO_NUMEDIAR,2
SYSTEM,CUOTAS_EGEN_FK,RHH_DETAVENC,EGEN_ESTADO,1
SYSTEM,CUOTAS_PK,RHH_DETAVENC,CUOTAS_ID,1
SYSTEM,CUOTAS_VNCT_FK,RHH_DETAVENC,VNCT_ID,1
SYSTEM,SYS_C0012829,RHH_DETAVENC,CUOTAS_ID,
SYSTEM,SYS_C0012830,RHH_DETAVENC,FECHCREA,
SYSTEM,SYS_C0012831,RHH_DETAVENC,USUACREA,
SYSTEM,SYS_C0012832,RHH_DETAVENC,VNCT_ID,
SYSTEM,SYS_C0012833,RHH_DETAVENC,EGEN_ESTADO,
SYSTEM,PGVC_EGEN_FK,RHH_PAGOVACA,EGEN_ESTADO,1
SYSTEM,PGVC_PK,RHH_PAGOVACA,PGVC_ID,1
SYSTEM,PGVC_PRVN_FK,RHH_PAGOVACA,PRVN_FECHA,1
SYSTEM,PGVC_PRVN_FK,RHH_PAGOVACA,PRVN_CODIPROV,2
SYSTEM,PGVC_PRVN_FK,RHH_PAGOVACA,PRVN_CEDURUC,3
SYSTEM,SYS_C0013003,RHH_PAGOVACA,PGVC_ID,
SYSTEM,SYS_C0013004,RHH_PAGOVACA,VALOR,
SYSTEM,SYS_C0013005,RHH_PAGOVACA,FECHA,
SYSTEM,SYS_C0013006,RHH_PAGOVACA,USUACREA,
SYSTEM,SYS_C0013007,RHH_PAGOVACA,FECHCREA,
SYSTEM,SYS_C0013008,RHH_PAGOVACA,PRVN_CEDURUC,
SYSTEM,SYS_C0013009,RHH_PAGOVACA,PRVN_CODIPROV,
SYSTEM,SYS_C0013010,RHH_PAGOVACA,PRVN_FECHA,
SYSTEM,PRAC_PK2,RHH_PRODUCTOS,CODIGO,1
SYSTEM,SYS_C0013059,RHH_PRODUCTOS,CODIGO,
SYSTEM,SYS_C0013060,RHH_PRODUCTOS,NOMBRE,
SYSTEM,SYS_C0013061,RHH_PRODUCTOS,FECHCREA,
SYSTEM,SYS_C0013062,RHH_PRODUCTOS,USUACREA,
SYSTEM,AVCON_1704213247_VIGEN_005,SEG_PRODUCTO,VIGENTE,
SYSTEM,SPRO_PK,SEG_PRODUCTO,PRODUCTO,1
SYSTEM,SYS_C0013490,SEG_PRODUCTO,PRODUCTO,
SYSTEM,SYS_C0013491,SEG_PRODUCTO,DESCRIPC,
SYSTEM,SYS_C0013492,SEG_PRODUCTO,VIGENTE,
SYSTEM,SYS_C0013493,SEG_PRODUCTO,FECHCREA,
SYSTEM,SYS_C0013494,SEG_PRODUCTO,USUACREA,
SYSTEM,PDUS_PK,SEG_PRODUSUA,PRDT_PRODUCTO,1
SYSTEM,PDUS_PK,SEG_PRODUSUA,USUA_IDUSUAR,2
SYSTEM,PDUS_PRDT_FK,SEG_PRODUSUA,PRDT_PRODUCTO,1
SYSTEM,PDUS_USUA_FK,SEG_PRODUSUA,USUA_IDUSUAR,1
SYSTEM,SYS_C0013498,SEG_PRODUSUA,USUA_IDUSUAR,
SYSTEM,SYS_C0013499,SEG_PRODUSUA,PRDT_PRODUCTO,
SYSTEM,SYS_C0013500,SEG_PRODUSUA,FECHCREA,
SYSTEM,SYS_C0013501,SEG_PRODUSUA,USUACREA,
SYSTEM,SYS_C0013502,SEG_PRODUSUA,USUACTUA,
SYSTEM,ERDO_LGFA_FK,SRI_DETALOGF,LGFA_LGFA_ID,1
SYSTEM,ERDO_PK,SRI_DETALOGF,ERDO_ID,1
SYSTEM,ERDO_TPER_FK,SRI_DETALOGF,TPER_CODIERRO,1
SYSTEM,SYS_C0013611,SRI_DETALOGF,ERDO_ID,
SYSTEM,SYS_C0013612,SRI_DETALOGF,LGFA_LGFA_ID,
SYSTEM,SYS_C0013613,SRI_DETALOGF,USUACREA,
SYSTEM,SYS_C0013614,SRI_DETALOGF,FECHCREA,
SYSTEM,AVCON_1512061302_AUTOR_000,SRI_LOGFACTU,AUTORIZA,
SYSTEM,LGFA_PK,SRI_LOGFACTU,LGFA_ID,1
SYSTEM,LGFA_TPCM_FK,SRI_LOGFACTU,TPCM_TIPOCOMP,1
SYSTEM,SYS_C0013617,SRI_LOGFACTU,LGFA_ID,
SYSTEM,SYS_C0013618,SRI_LOGFACTU,NOMBDOCU,
SYSTEM,SYS_C0013619,SRI_LOGFACTU,FECHA,
SYSTEM,SYS_C0013620,SRI_LOGFACTU,USUACREA,
SYSTEM,SYS_C0013621,SRI_LOGFACTU,FECHCREA,
SYSTEM,INDT_PK,SRV_INDETEOB,ABRTECOB,1
SYSTEM,SYS_C0013675,SRV_INDETEOB,ABRTECOB,
SYSTEM,SYS_C0013676,SRV_INDETEOB,NOMENCLA,
SYSTEM,SYS_C0013677,SRV_INDETEOB,DEFINICI,
SYSTEM,SYS_C0013678,SRV_INDETEOB,EXPLICAC,
SYSTEM,SYS_C0013679,SRV_INDETEOB,USUACREA,
SYSTEM,SYS_C0013680,SRV_INDETEOB,FECHCREA,
SYSTEM,AVCON_1291673938_SEHAF_000,SRV_SEPRVDET,SEHAFACT,
SYSTEM,SPVD_EGEN_FK,SRV_SEPRVDET,EGEN_ESTADO,1
SYSTEM,SPVD_PK,SRV_SEPRVDET,SPVD_ID,1
SYSTEM,SPVD_RCDP_FK,SRV_SEPRVDET,CLTE_COMPANIA,1
SYSTEM,SPVD_RCDP_FK,SRV_SEPRVDET,CLTE_IDCLIENTE,2
SYSTEM,SPVD_RCDP_FK,SRV_SEPRVDET,RCDP_IDRESCLI,3
SYSTEM,SPVD_SPVC_FK,SRV_SEPRVDET,SPVC_SPVC_ID,1
SYSTEM,SPVD_SPVD_FK,SRV_SEPRVDET,SPVD_SPVD_ID,1
SYSTEM,SPVD_STCR_FK,SRV_SEPRVDET,STCR_STCR_ID,1
SYSTEM,SPVD_UMED_FK,SRV_SEPRVDET,UMED_UNIDMEDI,1
SYSTEM,SYS_C0013771,SRV_SEPRVDET,EGEN_ESTADO,
SYSTEM,SYS_C0013772,SRV_SEPRVDET,SPVD_ID,
SYSTEM,SYS_C0013773,SRV_SEPRVDET,SPVC_SPVC_ID,
SYSTEM,SYS_C0013774,SRV_SEPRVDET,ARTL_CODIGRUP,
SYSTEM,SYS_C0013775,SRV_SEPRVDET,ARTL_CLASE,
SYSTEM,SYS_C0013776,SRV_SEPRVDET,ARTL_ARTICULO,
SYSTEM,SYS_C0013777,SRV_SEPRVDET,ARTL_COMPANIA,
SYSTEM,SYS_C0013778,SRV_SEPRVDET,UMED_UNIDMEDI,
SYSTEM,SYS_C0013779,SRV_SEPRVDET,CANTIDAD,
SYSTEM,SYS_C0013780,SRV_SEPRVDET,USUACREA,
SYSTEM,SYS_C0013781,SRV_SEPRVDET,FECHCREA,
SYSTEM,AVCON_1291735497_EXTER_000,TLL_DETAORDEN,EXTERNO,
SYSTEM,DTOR_ORTB_FK,TLL_DETAORDEN,ORTB_ORDEN,1
SYSTEM,DTOR_ORTB_FK,TLL_DETAORDEN,ORTB_COMPANIA,2
SYSTEM,DTOR_ORTB_FK,TLL_DETAORDEN,ORTB_OFICINA,3
SYSTEM,DTOR_PK,TLL_DETAORDEN,DTOR_ID,1
SYSTEM,SYS_C0013816,TLL_DETAORDEN,DTOR_ID,
SYSTEM,SYS_C0013817,TLL_DETAORDEN,ORTB_COMPANIA,
SYSTEM,SYS_C0013818,TLL_DETAORDEN,ORTB_OFICINA,
SYSTEM,SYS_C0013819,TLL_DETAORDEN,ORTB_ORDEN,
SYSTEM,SYS_C0013820,TLL_DETAORDEN,EXTERNO,
SYSTEM,SYS_C0013821,TLL_DETAORDEN,USUACREA,
SYSTEM,SYS_C0013822,TLL_DETAORDEN,FECHCREA,
SYSTEM,DTRQ_BDGA_FK,TLL_DETAREQUI,BDGA_CODIBODE,1
SYSTEM,DTRQ_BDGA_FK,TLL_DETAREQUI,BDGA_COMPANIA,2
SYSTEM,DTRQ_BDGA_FK,TLL_DETAREQUI,BDGA_OFICINA,3
SYSTEM,DTRQ_ONRC_FK,TLL_DETAREQUI,ONRC_NUMERO,1
SYSTEM,DTRQ_ONRC_FK,TLL_DETAREQUI,ONRC_COMPANIA,2
SYSTEM,DTRQ_ONRC_FK,TLL_DETAREQUI,ONRC_OFICINA,3
SYSTEM,DTRQ_ONRC_FK,TLL_DETAREQUI,ONRC_ORDEN,4
SYSTEM,DTRQ_PK,TLL_DETAREQUI,DTRQ_ID,1
SYSTEM,SYS_C0013826,TLL_DETAREQUI,BDGA_OFICINA,
SYSTEM,SYS_C0013827,TLL_DETAREQUI,BDGA_COMPANIA,
SYSTEM,SYS_C0013828,TLL_DETAREQUI,BDGA_CODIBODE,
SYSTEM,SYS_C0013829,TLL_DETAREQUI,DTRQ_ID,
SYSTEM,SYS_C0013830,TLL_DETAREQUI,USUACREA,
SYSTEM,SYS_C0013831,TLL_DETAREQUI,FECHCREA,
SYSTEM,SYS_C0013832,TLL_DETAREQUI,ARTL_ARTICULO,
SYSTEM,SYS_C0013833,TLL_DETAREQUI,ARTL_CLASE,
SYSTEM,SYS_C0013834,TLL_DETAREQUI,ARTL_COMPANIA,
SYSTEM,SYS_C0013835,TLL_DETAREQUI,ARTL_CODIGRUP,
SYSTEM,SYS_C0013836,TLL_DETAREQUI,ONRC_NUMERO,
SYSTEM,SYS_C0013837,TLL_DETAREQUI,ONRC_COMPANIA,
SYSTEM,SYS_C0013838,TLL_DETAREQUI,ONRC_OFICINA,
SYSTEM,SYS_C0013839,TLL_DETAREQUI,ONRC_ORDEN,
SYSTEM,ONRC_DTOR_FK,TLL_ORDENTRC,DTOR_DTOR_ID,1
SYSTEM,ONRC_ENSA_FK,TLL_ORDENTRC,ENSA_COMPANIA,1
SYSTEM,ONRC_ENSA_FK,TLL_ORDENTRC,ENSA_OFICINA,2
SYSTEM,ONRC_ENSA_FK,TLL_ORDENTRC,ENSA_TIPODOCU,3
SYSTEM,ONRC_ENSA_FK,TLL_ORDENTRC,ENSA_NUMERO,4
SYSTEM,ONRC_ORTB_FK,TLL_ORDENTRC,ORTB_ORDEN,1
SYSTEM,ONRC_ORTB_FK,TLL_ORDENTRC,ORTB_COMPANIA,2
SYSTEM,ONRC_ORTB_FK,TLL_ORDENTRC,ORTB_OFICINA,3
SYSTEM,ONRC_PK,TLL_ORDENTRC,NUMERO,1
SYSTEM,ONRC_PK,TLL_ORDENTRC,ORTB_COMPANIA,2
SYSTEM,ONRC_PK,TLL_ORDENTRC,ORTB_OFICINA,3
SYSTEM,ONRC_PK,TLL_ORDENTRC,ORTB_ORDEN,4
SYSTEM,SYS_C0013851,TLL_ORDENTRC,NUMERO,
SYSTEM,SYS_C0013852,TLL_ORDENTRC,FECHA,
SYSTEM,SYS_C0013853,TLL_ORDENTRC,USUACREA,
SYSTEM,SYS_C0013854,TLL_ORDENTRC,FECHCREA,
SYSTEM,SYS_C0013855,TLL_ORDENTRC,EGEN_ESTADO,
SYSTEM,SYS_C0013856,TLL_ORDENTRC,ORTB_COMPANIA,
SYSTEM,SYS_C0013857,TLL_ORDENTRC,ORTB_OFICINA,
SYSTEM,SYS_C0013858,TLL_ORDENTRC,ORTB_ORDEN,
SYSTEM,SYS_C0013859,TLL_ORDENTRC,SOLICITA,
SYSTEM,AVCON_1291735497_MEDID_000,TLL_ORDETRAB,MEDIDA,
SYSTEM,ORTB_CDT_FK,TLL_ORDETRAB,CDT_CDT_ID,1
SYSTEM,ORTB_EGEN_FK,TLL_ORDETRAB,EGEN_ESTADO,1
SYSTEM,ORTB_ORTB_FK,TLL_ORDETRAB,ORTB_ORDEN,1
SYSTEM,ORTB_ORTB_FK,TLL_ORDETRAB,ORTB_COMPANIA,2
SYSTEM,ORTB_ORTB_FK,TLL_ORDETRAB,ORTB_OFICINA,3
SYSTEM,ORTB_PK,TLL_ORDETRAB,ORDEN,1
SYSTEM,ORTB_PK,TLL_ORDETRAB,OFCN_COMPANIA,2
SYSTEM,ORTB_PK,TLL_ORDETRAB,OFCN_OFICINA,3
SYSTEM,ORTB_TPDG_FK,TLL_ORDETRAB,TPDG_CODIGO,1
SYSTEM,ORTB_TPTB_FK,TLL_ORDETRAB,TPTB_TP,1
SYSTEM,ORTB_VHTL_FK,TLL_ORDETRAB,VHTL_PLACA,1
SYSTEM,ORTB_VHTL_FK,TLL_ORDETRAB,VHTL_COMPANIA,2
SYSTEM,ORTB_VHTL_FK,TLL_ORDETRAB,VHTL_IDCLIENTE,3
SYSTEM,SYS_C0013862,TLL_ORDETRAB,OFCN_COMPANIA,
SYSTEM,SYS_C0013863,TLL_ORDETRAB,OFCN_OFICINA,
SYSTEM,SYS_C0013864,TLL_ORDETRAB,ORDEN,
SYSTEM,SYS_C0013865,TLL_ORDETRAB,EGEN_ESTADO,
SYSTEM,SYS_C0013866,TLL_ORDETRAB,RHHS_CEDURUC,
SYSTEM,SYS_C0013867,TLL_ORDETRAB,FECHINGR,
SYSTEM,SYS_C0013868,TLL_ORDETRAB,USUACREA,
SYSTEM,SYS_C0013869,TLL_ORDETRAB,FECHCREA,
SYSTEM,SYS_C0013870,TLL_ORDETRAB,TPTB_TP,
SYSTEM,SYS_C0013871,TLL_ORDETRAB,VHTL_IDCLIENTE,
SYSTEM,SYS_C0013872,TLL_ORDETRAB,VHTL_COMPANIA,
SYSTEM,SYS_C0013873,TLL_ORDETRAB,VHTL_PLACA,
SYSTEM,SYS_C0013935,TMP_DETAREQU,PROVEEDOR,
SYSTEM,SYS_C0013936,TMP_DETAREQU,COMPANIA,
SYSTEM,SYS_C0013937,TMP_DETAREQU,OFICINA,
SYSTEM,SYS_C0013938,TMP_DETAREQU,BODEGA,
SYSTEM,SYS_C0013939,TMP_DETAREQU,SECCION,
SYSTEM,SYS_C0013940,TMP_DETAREQU,CLASE,
SYSTEM,SYS_C0013941,TMP_DETAREQU,GRUPO,
SYSTEM,SYS_C0013942,TMP_DETAREQU,ARTICULO,
SYSTEM,SYS_C0013943,TMP_DETAREQU,CANTSOLI,
SYSTEM,SYS_C0013944,TMP_DETAREQU,TMDR_ID,
SYSTEM,TMDR_PK,TMP_DETAREQU,TMDR_ID,1
SYSTEM,DTFC_PK,VEN_DETAFACT,DTFC_ID,1
SYSTEM,SYS_C0014045,VEN_DETAFACT,DTFC_ID,
SYSTEM,SYS_C0014046,VEN_DETAFACT,FECHCREA,
SYSTEM,SYS_C0014047,VEN_DETAFACT,USUACREA,
SYSTEM,SYS_C0014048,VEN_DETAFACT,USUACTUA,
SYSTEM,DTFL_CANT_FK,VEN_DETAFLET,CANT_CODICANT,1
SYSTEM,DTFL_CANT_FK,VEN_DETAFLET,CANT_CODIPROV,2
SYSTEM,DTFL_PK,VEN_DETAFLET,DTFL_ID,1
SYSTEM,DTFL_SRFL_FK,VEN_DETAFLET,SRFL_COMPANIA,1
SYSTEM,DTFL_SRFL_FK,VEN_DETAFLET,SRFL_OFICINA,2
SYSTEM,DTFL_SRFL_FK,VEN_DETAFLET,SRFL_CODIFLET,3
SYSTEM,SYS_C0014051,VEN_DETAFLET,CANT_CODICANT,
SYSTEM,SYS_C0014052,VEN_DETAFLET,CANT_CODIPROV,
SYSTEM,SYS_C0014053,VEN_DETAFLET,SRFL_CODIFLET,
SYSTEM,SYS_C0014054,VEN_DETAFLET,SRFL_COMPANIA,
SYSTEM,SYS_C0014055,VEN_DETAFLET,SRFL_OFICINA,
SYSTEM,SYS_C0014056,VEN_DETAFLET,VALOFLET,
SYSTEM,SYS_C0014057,VEN_DETAFLET,DTFL_ID,
SYSTEM,SYS_C0014058,VEN_DETAFLET,FECHCREA,
SYSTEM,SYS_C0014059,VEN_DETAFLET,USUACREA,
SYSTEM,AVCON_1645635961_PROMO_001,VEN_DETAPROD,PROMOCION,
SYSTEM,AVCON_1645635961_PRORA_001,VEN_DETAPROD,PRORATEO,
SYSTEM,DPR_DPR_FK,VEN_DETAPROD,DPR_DPR_ID,1
SYSTEM,DPR_NCCL_FK,VEN_DETAPROD,NCCL_COMPANIA,1
SYSTEM,DPR_NCCL_FK,VEN_DETAPROD,NCCL_OFICINA,2
SYSTEM,DPR_NCCL_FK,VEN_DETAPROD,NCCL_SERIE,3
SYSTEM,DPR_NCCL_FK,VEN_DETAPROD,NCCL_NUMERO,4
SYSTEM,DPR_PK,VEN_DETAPROD,DPR_ID,1
SYSTEM,DPR_VNTA_FK,VEN_DETAPROD,VNTA_COMPANIA,1
SYSTEM,DPR_VNTA_FK,VEN_DETAPROD,VNTA_OFICINA,2
SYSTEM,DPR_VNTA_FK,VEN_DETAPROD,VNTA_SERIE,3
SYSTEM,DPR_VNTA_FK,VEN_DETAPROD,VNTA_NUMERO,4
SYSTEM,DPR_VNTA_FK,VEN_DETAPROD,VNTA_TIPOCOMP,5
SYSTEM,SYS_C0014062,VEN_DETAPROD,DPR_ID,
SYSTEM,SYS_C0014063,VEN_DETAPROD,VALOR,
SYSTEM,SYS_C0014064,VEN_DETAPROD,CANTIDAD,
SYSTEM,SYS_C0014065,VEN_DETAPROD,PRECUNIT,
SYSTEM,SYS_C0014066,VEN_DETAPROD,USUACREA,
SYSTEM,SYS_C0014067,VEN_DETAPROD,FECHCREA,
SYSTEM,SYS_C0014068,VEN_DETAPROD,ENTRSALI,
SYSTEM,SYS_C0014069,VEN_DETAPROD,VALDESC,
SYSTEM,SYS_C0014070,VEN_DETAPROD,VNTA_COMPANIA,
SYSTEM,SYS_C0014071,VEN_DETAPROD,VNTA_TIPOCOMP,
SYSTEM,SYS_C0014072,VEN_DETAPROD,VNTA_OFICINA,
SYSTEM,SYS_C0014073,VEN_DETAPROD,VNTA_SERIE,
SYSTEM,SYS_C0014074,VEN_DETAPROD,VNTA_NUMERO,
SYSTEM,SYS_C0014075,VEN_DETAPROD,ARTL_COMPANIA,
SYSTEM,SYS_C0014076,VEN_DETAPROD,ARTL_CODIGRUP,
SYSTEM,SYS_C0014077,VEN_DETAPROD,ARTL_ARTICULO,
SYSTEM,SYS_C0014078,VEN_DETAPROD,ARTL_CLASE,
SYSTEM,SYS_C0014079,VEN_DETAPROD,PROMOCION,
SYSTEM,SYS_C0014080,VEN_DETAPROD,PRORATEO,
SYSTEM,SYS_C0014081,VEN_DETAPROD,TIPO,
SYSTEM,SYS_C0014082,VEN_DETAPROD,COSTUNIT,
SYSTEM,AVCON_1236622818_PROMO_001,VEN_DETAPROF,PROMOCION,
SYSTEM,AVCON_1236622818_PRORA_001,VEN_DETAPROF,PRORATEO,
SYSTEM,AVCON_1291677050_VEDID_000,VEN_DETAPROF,VEDIDO,
SYSTEM,AVCON_1706563851_COMBO_001,VEN_DETAPROF,COMBO,
SYSTEM,DPRF_DPRF_FK,VEN_DETAPROF,DPRF_DPRF_ID,1
SYSTEM,DPRF_PK,VEN_DETAPROF,DPRF_ID,1
SYSTEM,DPRF_PRFM_FK,VEN_DETAPROF,PRFM_PRFM_ID,1
SYSTEM,DPRF_RCTA_FK,VEN_DETAPROF,RCTA_RCTA_ID,1
SYSTEM,DPRF_SECC_FK,VEN_DETAPROF,SECC_COMPANIA,1
SYSTEM,DPRF_SECC_FK,VEN_DETAPROF,SECC_OFICINA,2
SYSTEM,DPRF_SECC_FK,VEN_DETAPROF,SECC_CODIBODE,3
SYSTEM,DPRF_SECC_FK,VEN_DETAPROF,SECC_CODISECC,4
SYSTEM,DPRF_UMED_FK,VEN_DETAPROF,UMED_UNIDMEDI,1
SYSTEM,DPRF_UMED_FK2,VEN_DETAPROF,UMED_UNIDMEDI_CAJA,1
SYSTEM,SYS_C0014087,VEN_DETAPROF,ARTL_COMPANIA,
SYSTEM,SYS_C0014088,VEN_DETAPROF,ARTL_CLASE,
SYSTEM,SYS_C0014089,VEN_DETAPROF,ARTL_CODIGRUP,
SYSTEM,SYS_C0014090,VEN_DETAPROF,ARTL_ARTICULO,
SYSTEM,SYS_C0014091,VEN_DETAPROF,PRFM_PRFM_ID,
SYSTEM,SYS_C0014092,VEN_DETAPROF,CANTIDAD,
SYSTEM,SYS_C0014093,VEN_DETAPROF,PRECUNIT,
SYSTEM,SYS_C0014094,VEN_DETAPROF,PRECTOTA,
SYSTEM,SYS_C0014095,VEN_DETAPROF,DPRF_ID,
SYSTEM,SYS_C0014096,VEN_DETAPROF,FECHCREA,
SYSTEM,SYS_C0014097,VEN_DETAPROF,USUACREA,
SYSTEM,SYS_C0014098,VEN_DETAPROF,PROMOCION,
SYSTEM,SYS_C0014099,VEN_DETAPROF,PRORATEO,
SYSTEM,SYS_C0014100,VEN_DETAPROF,VEDIDO,
SYSTEM,SYS_C0014101,VEN_DETAPROF,PRECSINPR,
SYSTEM,SYS_C0014102,VEN_DETAPROF,VALDESC,
SYSTEM,SYS_C0014103,VEN_DETAPROF,COMBO,
SYSTEM,AVCON_1236868237_VIGEN_001,VEN_DETARTPR,VIGENTE,
SYSTEM,DTPR_LNEA_FK,VEN_DETARTPR,LNEA_CODLINEA,1
SYSTEM,DTPR_LNEA_FK,VEN_DETARTPR,LNEA_COMPANIA,2
SYSTEM,DTPR_PK,VEN_DETARTPR,ARTL_COMPANIA,1
SYSTEM,DTPR_PK,VEN_DETARTPR,ARTL_CLASE,2
SYSTEM,DTPR_PK,VEN_DETARTPR,ARTL_CODIGRUP,3
SYSTEM,DTPR_PK,VEN_DETARTPR,ARTL_ARTICULO,4
SYSTEM,DTPR_PK,VEN_DETARTPR,LNEA_CODLINEA,5
SYSTEM,DTPR_PK,VEN_DETARTPR,LNEA_COMPANIA,6
SYSTEM,DTPR_VEXI_FK,VEN_DETARTPR,VEXI_VEXI_ID,1
SYSTEM,SYS_C0014110,VEN_DETARTPR,VIGENTE,
SYSTEM,SYS_C0014111,VEN_DETARTPR,FECHCREA,
SYSTEM,SYS_C0014112,VEN_DETARTPR,USUACREA,
SYSTEM,SYS_C0014113,VEN_DETARTPR,ARTL_CLASE,
SYSTEM,SYS_C0014114,VEN_DETARTPR,ARTL_COMPANIA,
SYSTEM,SYS_C0014115,VEN_DETARTPR,ARTL_ARTICULO,
SYSTEM,SYS_C0014116,VEN_DETARTPR,ARTL_CODIGRUP,
SYSTEM,SYS_C0014117,VEN_DETARTPR,LNEA_COMPANIA,
SYSTEM,SYS_C0014118,VEN_DETARTPR,LNEA_CODLINEA,
SYSTEM,SYS_C0014119,VEN_DETARTPR,VEXI_VEXI_ID,
SYSTEM,GRVN_CDT_FK,VEN_GRPOVENT,CDT_CDT_ID,1
SYSTEM,GRVN_PK,VEN_GRPOVENT,GRVN_ID,1
SYSTEM,GRVN_PRFM_FK,VEN_GRPOVENT,PRFM_PRFM_ID,1
SYSTEM,GRVN_VHCL_FK,VEN_GRPOVENT,VHCL_VHCL_ID,1
SYSTEM,SYS_C0014163,VEN_GRPOVENT,GRVN_ID,
SYSTEM,SYS_C0014164,VEN_GRPOVENT,CDT_CDT_ID,
SYSTEM,SYS_C0014165,VEN_GRPOVENT,PRFM_PRFM_ID,
SYSTEM,SYS_C0014166,VEN_GRPOVENT,VHCL_VHCL_ID,
SYSTEM,SYS_C0014167,VEN_GRPOVENT,USUACREA,
SYSTEM,SYS_C0014168,VEN_GRPOVENT,FECHCREA,
SYSTEM,PLPP_EGEN_FK,VEN_PLANPAGO,EGEN_ESTADO,1
SYSTEM,PLPP_PK,VEN_PLANPAGO,PLPP_ID,1
SYSTEM,PLPP_PRFM_FK,VEN_PLANPAGO,PRFM_PRFM_ID,1
SYSTEM,SYS_C0014339,VEN_PLANPAGO,EGEN_ESTADO,
SYSTEM,SYS_C0014340,VEN_PLANPAGO,PLPP_ID,
SYSTEM,SYS_C0014341,VEN_PLANPAGO,NUMEPLAN,
SYSTEM,SYS_C0014342,VEN_PLANPAGO,FECHA,
SYSTEM,SYS_C0014343,VEN_PLANPAGO,VALOR,
SYSTEM,SYS_C0014344,VEN_PLANPAGO,USUACREA,
SYSTEM,SYS_C0014345,VEN_PLANPAGO,FECHCREA,
SYSTEM,SYS_C0014346,VEN_PLANPAGO,PRFM_PRFM_ID,
SYSTEM,SYS_C0014609,VEN_TMPRETDETA,TRDT_ID,
SYSTEM,SYS_C0014610,VEN_TMPRETDETA,USUACREA,
SYSTEM,SYS_C0014611,VEN_TMPRETDETA,FECHCREA,
SYSTEM,SYS_C0014612,VEN_TMPRETDETA,TMRT_CEDURUCCL,
SYSTEM,SYS_C0014613,VEN_TMPRETDETA,TMRT_SERIE,
SYSTEM,SYS_C0014614,VEN_TMPRETDETA,TMRT_NUMERO,
SYSTEM,TRDT_PK,VEN_TMPRETDETA,TRDT_ID,1
SYSTEM,TRDT_TMRT_FK,VEN_TMPRETDETA,TMRT_CEDURUCCL,1
SYSTEM,TRDT_TMRT_FK,VEN_TMPRETDETA,TMRT_SERIE,2
SYSTEM,TRDT_TMRT_FK,VEN_TMPRETDETA,TMRT_NUMERO,3
SYSTEM,TRDT_TRET_FK,VEN_TMPRETDETA,TRET_TIPORETE,1
SYSTEM,AVCON_1220130717_ANEXO_002,VEN_VENTAS,ANEXO,
SYSTEM,AVCON_1220130717_DESPA_001,VEN_VENTAS,DESPACHO,
SYSTEM,AVCON_1220130717_ESPEC_001,VEN_VENTAS,ESPECIAL,
SYSTEM,AVCON_1220130717_IMPRE_003,VEN_VENTAS,IMPRESO,
SYSTEM,AVCON_1220130717_IMPSE_000,VEN_VENTAS,IMPSERVI,
SYSTEM,AVCON_1292023653_FLETE_001,VEN_VENTAS,FLETE,
SYSTEM,AVCON_1348587939_EMAIL_000,VEN_VENTAS,EMAIL,
SYSTEM,AVCON_1643202630_ENTRP_001,VEN_VENTAS,ENTRPARC,
SYSTEM,SYS_C0014643,VEN_VENTAS,OFCN_COMPANIA,
SYSTEM,SYS_C0014644,VEN_VENTAS,IMPRESO,
SYSTEM,SYS_C0014645,VEN_VENTAS,ESPECIAL,
SYSTEM,SYS_C0014646,VEN_VENTAS,DESPACHO,
SYSTEM,SYS_C0014647,VEN_VENTAS,OFCN_OFICINA,
SYSTEM,SYS_C0014648,VEN_VENTAS,SERIE,
SYSTEM,SYS_C0014649,VEN_VENTAS,NUMERO,
SYSTEM,SYS_C0014650,VEN_VENTAS,FECHA,
SYSTEM,SYS_C0014651,VEN_VENTAS,TASAIVA,
SYSTEM,SYS_C0014652,VEN_VENTAS,BASEIVA0,
SYSTEM,SYS_C0014653,VEN_VENTAS,ANEXO,
SYSTEM,SYS_C0014654,VEN_VENTAS,IMPSERVI,
SYSTEM,SYS_C0014655,VEN_VENTAS,BASEIVA,
SYSTEM,SYS_C0014656,VEN_VENTAS,EGEN_ESTADO,
SYSTEM,SYS_C0014657,VEN_VENTAS,FRPG_FORMPAGO,
SYSTEM,SYS_C0014658,VEN_VENTAS,GRPS_COMPANIA,
SYSTEM,SYS_C0014659,VEN_VENTAS,GRPS_IDCLIENTE,
SYSTEM,SYS_C0014660,VEN_VENTAS,GRPS_LSPR_ID,
SYSTEM,SYS_C0014661,VEN_VENTAS,VNDR_COMPANIA,
SYSTEM,SYS_C0014662,VEN_VENTAS,VNDR_OFICINA,
SYSTEM,SYS_C0014663,VEN_VENTAS,VNDR_CODIGO,
SYSTEM,SYS_C0014664,VEN_VENTAS,MONE_MONEDA,
SYSTEM,SYS_C0014665,VEN_VENTAS,PRPG_CODIPERI,
SYSTEM,SYS_C0014666,VEN_VENTAS,SCTR_SECUTRAN,
SYSTEM,SYS_C0014667,VEN_VENTAS,TPCM_TIPOCOMP,
SYSTEM,SYS_C0014668,VEN_VENTAS,FECHCREA,
SYSTEM,SYS_C0014669,VEN_VENTAS,USUACREA,
SYSTEM,SYS_C0014670,VEN_VENTAS,VALDESC,
SYSTEM,SYS_C0014671,VEN_VENTAS,FLETE,
SYSTEM,SYS_C0014672,VEN_VENTAS,ENTRPARC,
SYSTEM,SYS_C0014673,VEN_VENTAS,BASENOIVA,
SYSTEM,SYS_C0014674,VEN_VENTAS,BASEEXIVA,
SYSTEM,VNTA_ASTO_FK,VEN_VENTAS,ASTO_COMPANIA,1
SYSTEM,VNTA_ASTO_FK,VEN_VENTAS,ASTO_NUMEDIAR,2
SYSTEM,VNTA_DIDE_FK,VEN_VENTAS,DIDE_DIDE_ID,1
SYSTEM,VNTA_EGEN_FK,VEN_VENTAS,EGEN_ESTADO,1
SYSTEM,VNTA_FRPG_FK,VEN_VENTAS,FRPG_FORMPAGO,1
SYSTEM,VNTA_GRPS_FK,VEN_VENTAS,GRPS_COMPANIA,1
SYSTEM,VNTA_GRPS_FK,VEN_VENTAS,GRPS_IDCLIENTE,2
SYSTEM,VNTA_GRPS_FK,VEN_VENTAS,VNDR_COMPANIA,3
SYSTEM,VNTA_GRPS_FK,VEN_VENTAS,VNDR_OFICINA,4
SYSTEM,VNTA_GRPS_FK,VEN_VENTAS,VNDR_CODIGO,5
SYSTEM,VNTA_GRPS_FK,VEN_VENTAS,GRPS_LSPR_ID,6
SYSTEM,VNTA_INCN_FK,VEN_VENTAS,INCN_COMPANIA,1
SYSTEM,VNTA_INCN_FK,VEN_VENTAS,INCN_PRODUCTO,2
SYSTEM,VNTA_INCN_FK,VEN_VENTAS,INCN_TIPODOCU,3
SYSTEM,VNTA_INCN_FK,VEN_VENTAS,INCN_CODITRAN,4
SYSTEM,VNTA_LTPR_FK,VEN_VENTAS,LTPR_CODIGO,1
SYSTEM,VNTA_MONE_FK,VEN_VENTAS,MONE_MONEDA,1
SYSTEM,VNTA_ORTB_FK,VEN_VENTAS,ORTB_ORDEN,1
SYSTEM,VNTA_ORTB_FK,VEN_VENTAS,ORTB_COMPANIA,2
SYSTEM,VNTA_ORTB_FK,VEN_VENTAS,ORTB_OFICINA,3
SYSTEM,VNTA_PK,VEN_VENTAS,OFCN_COMPANIA,1
SYSTEM,VNTA_PK,VEN_VENTAS,OFCN_OFICINA,2
SYSTEM,VNTA_PK,VEN_VENTAS,SERIE,3
SYSTEM,VNTA_PK,VEN_VENTAS,NUMERO,4
SYSTEM,VNTA_PK,VEN_VENTAS,TPCM_TIPOCOMP,5
SYSTEM,VNTA_PRFM_FK,VEN_VENTAS,PRFM_PRFM_ID,1
SYSTEM,VNTA_PRPG_FK,VEN_VENTAS,PRPG_CODIPERI,1
SYSTEM,VNTA_SCTR_FK,VEN_VENTAS,SCTR_SECUTRAN,1
SYSTEM,VNTA_TPAG_FK,VEN_VENTAS,TPAG_CODIGO,1
SYSTEM,VNTA_TPCM_FK,VEN_VENTAS,TPCM_TIPOCOMP,1
SYSTEM,VNTA_VNTA_FK,VEN_VENTAS,VNTA_COMPANIA,1
SYSTEM,VNTA_VNTA_FK,VEN_VENTAS,VNTA_OFICINA,2
SYSTEM,VNTA_VNTA_FK,VEN_VENTAS,VNTA_SERIE,3
SYSTEM,VNTA_VNTA_FK,VEN_VENTAS,VNTA_NUMERO,4
SYSTEM,VNTA_VNTA_FK,VEN_VENTAS,VNTA_TIPOCOMP,5
SYSTEM,SYS_C0014685,VEN_VENTPERD,OFCN_COMPANIA,
SYSTEM,SYS_C0014686,VEN_VENTPERD,OFCN_OFICINA,
SYSTEM,SYS_C0014687,VEN_VENTPERD,VNPD_ID,
SYSTEM,SYS_C0014688,VEN_VENTPERD,CANTIDAD,
SYSTEM,SYS_C0014689,VEN_VENTPERD,FECHA,
SYSTEM,SYS_C0014690,VEN_VENTPERD,USUACREA,
SYSTEM,SYS_C0014691,VEN_VENTPERD,FECHCREA,
SYSTEM,VNPD_PK,VEN_VENTPERD,VNPD_ID,1
SYSTEM,VNPD_VNTA_FK,VEN_VENTPERD,VNTA_COMPANIA,1
SYSTEM,VNPD_VNTA_FK,VEN_VENTPERD,VNTA_OFICINA,2
SYSTEM,VNPD_VNTA_FK,VEN_VENTPERD,VNTA_SERIE,3
SYSTEM,VNPD_VNTA_FK,VEN_VENTPERD,VNTA_NUMERO,4
SYSTEM,VNPD_VNTA_FK,VEN_VENTPERD,VNTA_TIPOCOMP,5
