OWNER,INDEX_NAME,TABLE_OWNER,TABLE_NAME,UNIQUENESS,INDEX_TYPE,STATUS
SYSTEM,DTAU_AUTO_FK_I,SYSTEM,ADM_DETAUTOR,NONUNIQUE,NORMAL,VALID
SYSTEM,DTAU_PK,SYSTEM,ADM_DETAUTOR,UNIQUE,NORMAL,VALID
SYSTEM,AFDM_AFIJ_FK_I,SYSTEM,AFJ_AFDETMOV,NONUNIQUE,NORMAL,VALID
SYSTEM,AFDM_AFRQ_FK_I,SYSTEM,AFJ_AFDETMOV,NONUNIQUE,NORMAL,VALID
SYSTEM,AFDM_INRN_FK_I,SYSTEM,AFJ_AFDETMOV,NONUNIQUE,NORMAL,VALID
SYSTEM,AFDM_MEMO_FK_I,SYSTEM,AFJ_AFDETMOV,NONUNIQUE,NORMAL,VALID
SYSTEM,AFDM_PK,SYSTEM,AFJ_AFDETMOV,UNIQUE,NORMAL,VALID
SYSTEM,AFDM_RCDP_FK_I,SYSTEM,AFJ_AFDETMOV,NONUNIQUE,NORMAL,VALID
SYSTEM,AFDM_RHHS_FK_I,SYSTEM,AFJ_AFDETMOV,NONUNIQUE,NORMAL,VALID
SYSTEM,AFDM_STCT_FK_I,SYSTEM,AFJ_AFDETMOV,NONUNIQUE,NORMAL,VALID
SYSTEM,AFDM_UMED_FK_I,SYSTEM,AFJ_AFDETMOV,NONUNIQUE,NORMAL,VALID
SYSTEM,DAC1_AFIJ_FK_I,SYSTEM,AFJ_DETALLE,NONUNIQUE,NORMAL,VALID
SYSTEM,DAC1_ASTO_FK_I,SYSTEM,AFJ_DETALLE,NONUNIQUE,NORMAL,VALID
SYSTEM,DAC1_MEMO_FK_I,SYSTEM,AFJ_DETALLE,NONUNIQUE,NORMAL,VALID
SYSTEM,DAC1_PK,SYSTEM,AFJ_DETALLE,UNIQUE,NORMAL,VALID
SYSTEM,DTBA_ORCP_FK_I,SYSTEM,ALM_DETABASC,NONUNIQUE,NORMAL,VALID
SYSTEM,DTBA_PK,SYSTEM,ALM_DETABASC,UNIQUE,NORMAL,VALID
SYSTEM,DTBA_PRFM_FK_I,SYSTEM,ALM_DETABASC,NONUNIQUE,NORMAL,VALID
SYSTEM,DTBA_UMED_FK_I,SYSTEM,ALM_DETABASC,NONUNIQUE,NORMAL,VALID
SYSTEM,DTPS_DSPO_FK_I,SYSTEM,ALM_DETADESP,NONUNIQUE,NORMAL,VALID
SYSTEM,DTPS_PK,SYSTEM,ALM_DETADESP,UNIQUE,NORMAL,VALID
SYSTEM,DTLT_DTMV_FK_I,SYSTEM,ALM_DETALOTE,NONUNIQUE,NORMAL,VALID
SYSTEM,DTLT_LOTE_FK_I,SYSTEM,ALM_DETALOTE,NONUNIQUE,NORMAL,VALID
SYSTEM,DTLT_PK,SYSTEM,ALM_DETALOTE,UNIQUE,NORMAL,VALID
SYSTEM,DTMV_ARTL_FK_I,SYSTEM,ALM_DETAMOVI,NONUNIQUE,NORMAL,VALID
SYSTEM,DTMV_CMPR_FK_I,SYSTEM,ALM_DETAMOVI,NONUNIQUE,NORMAL,VALID
SYSTEM,DTMV_DCAM_FK_I,SYSTEM,ALM_DETAMOVI,NONUNIQUE,NORMAL,VALID
SYSTEM,DTMV_DREQ_FK_I,SYSTEM,ALM_DETAMOVI,NONUNIQUE,NORMAL,VALID
SYSTEM,DTMV_DTMV_FK_I,SYSTEM,ALM_DETAMOVI,NONUNIQUE,NORMAL,VALID
SYSTEM,DTMV_ENSA_FK_I,SYSTEM,ALM_DETAMOVI,NONUNIQUE,NORMAL,VALID
SYSTEM,DTMV_IMPT_FK_I,SYSTEM,ALM_DETAMOVI,NONUNIQUE,NORMAL,VALID
SYSTEM,DTMV_LSPR_FK_I,SYSTEM,ALM_DETAMOVI,NONUNIQUE,NORMAL,VALID
SYSTEM,DTMV_NCCL_FK_I,SYSTEM,ALM_DETAMOVI,NONUNIQUE,NORMAL,VALID
SYSTEM,DTMV_NCPR_FK_I,SYSTEM,ALM_DETAMOVI,NONUNIQUE,NORMAL,VALID
SYSTEM,DTMV_PK,SYSTEM,ALM_DETAMOVI,UNIQUE,NORMAL,VALID
SYSTEM,DTMV_RCTA_FK_I,SYSTEM,ALM_DETAMOVI,NONUNIQUE,NORMAL,VALID
SYSTEM,DTMV_SECC_FK_I,SYSTEM,ALM_DETAMOVI,NONUNIQUE,NORMAL,VALID
SYSTEM,DTMV_UMED_FK_I,SYSTEM,ALM_DETAMOVI,NONUNIQUE,NORMAL,VALID
SYSTEM,DTMV_UMED_FK2_I,SYSTEM,ALM_DETAMOVI,NONUNIQUE,NORMAL,VALID
SYSTEM,DTMV_VNTA_FK_I,SYSTEM,ALM_DETAMOVI,NONUNIQUE,NORMAL,VALID
SYSTEM,IDX$$_AE800001,SYSTEM,ALM_DETAMOVI,NONUNIQUE,NORMAL,VALID
SYSTEM,DTPL_PK_1,SYSTEM,ALM_DETAPLAN,UNIQUE,NORMAL,VALID
SYSTEM,DPRO_ARTL_FK_I,SYSTEM,ALM_DETAPROY,NONUNIQUE,NORMAL,VALID
SYSTEM,DPRO_PK,SYSTEM,ALM_DETAPROY,UNIQUE,NORMAL,VALID
SYSTEM,DPRO_PRPD_FK_I,SYSTEM,ALM_DETAPROY,NONUNIQUE,NORMAL,VALID
SYSTEM,DPRO_RCTA_FK_I,SYSTEM,ALM_DETAPROY,NONUNIQUE,NORMAL,VALID
SYSTEM,DREQ_ARTL_FK_I,SYSTEM,ALM_DETAREQU,NONUNIQUE,NORMAL,VALID
SYSTEM,DREQ_PK,SYSTEM,ALM_DETAREQU,UNIQUE,NORMAL,VALID
SYSTEM,DREQ_REQU_FK_I,SYSTEM,ALM_DETAREQU,NONUNIQUE,NORMAL,VALID
SYSTEM,DREQ_SECC_FK_I,SYSTEM,ALM_DETAREQU,NONUNIQUE,NORMAL,VALID
SYSTEM,DATLL_PK,SYSTEM,ALM_DETARTLL,UNIQUE,NORMAL,VALID
SYSTEM,ADTF_ARTL_FK_I,SYSTEM,ALM_DETATOFI,NONUNIQUE,NORMAL,VALID
SYSTEM,ADTF_ATFS_FK_I,SYSTEM,ALM_DETATOFI,NONUNIQUE,NORMAL,VALID
SYSTEM,ADTF_ENSA_FK_I,SYSTEM,ALM_DETATOFI,NONUNIQUE,NORMAL,VALID
SYSTEM,ADTF_PK,SYSTEM,ALM_DETATOFI,UNIQUE,NORMAL,VALID
SYSTEM,ADTF_SECC_FK_I,SYSTEM,ALM_DETATOFI,NONUNIQUE,NORMAL,VALID
SYSTEM,PRPD_PK,SYSTEM,ALM_PROYPROD,UNIQUE,NORMAL,VALID
SYSTEM,TDLT_DPR_FK_I,SYSTEM,ALM_TMPDETALOTE,NONUNIQUE,NORMAL,VALID
SYSTEM,TDLT_DXML_FK_I,SYSTEM,ALM_TMPDETALOTE,NONUNIQUE,NORMAL,VALID
SYSTEM,TDLT_LOTE_FK_I,SYSTEM,ALM_TMPDETALOTE,NONUNIQUE,NORMAL,VALID
SYSTEM,TDLT_PK,SYSTEM,ALM_TMPDETALOTE,UNIQUE,NORMAL,VALID
SYSTEM,DXML_ARTL_FK_I,SYSTEM,ALM_TMPDETAMOVI,NONUNIQUE,NORMAL,VALID
SYSTEM,DXML_CXML_FK_I,SYSTEM,ALM_TMPDETAMOVI,NONUNIQUE,NORMAL,VALID
SYSTEM,DXML_PK,SYSTEM,ALM_TMPDETAMOVI,UNIQUE,NORMAL,VALID
SYSTEM,DXML_VEXI_FK_I,SYSTEM,ALM_TMPDETAMOVI,NONUNIQUE,NORMAL,VALID
SYSTEM,ACTI_NTRL_FK_I,SYSTEM,CLI_ACTIVCLIEN,NONUNIQUE,NORMAL,VALID
SYSTEM,ACTI_PK,SYSTEM,CLI_ACTIVCLIEN,UNIQUE,NORMAL,VALID
SYSTEM,DEIE_PK,SYSTEM,CLI_DETAINGEGR,UNIQUE,NORMAL,VALID
SYSTEM,DTLN_LNCR_FK_I,SYSTEM,CLI_DETALINE,NONUNIQUE,NORMAL,VALID
SYSTEM,DTLN_PK,SYSTEM,CLI_DETALINE,UNIQUE,NORMAL,VALID
SYSTEM,DTVS_PK,SYSTEM,CLI_DETAVISITA,UNIQUE,NORMAL,VALID
SYSTEM,PRCL_NTRL_FK_I,SYSTEM,CLI_PROPICLIEN,NONUNIQUE,NORMAL,VALID
SYSTEM,PRCL_PK,SYSTEM,CLI_PROPICLIEN,UNIQUE,NORMAL,VALID
SYSTEM,DAST_ASTO_FK_I,SYSTEM,CNT_DETASIENTO,NONUNIQUE,NORMAL,VALID
SYSTEM,DAST_CCST_FK_I,SYSTEM,CNT_DETASIENTO,NONUNIQUE,NORMAL,VALID
SYSTEM,DAST_CTAS_FK_I,SYSTEM,CNT_DETASIENTO,NONUNIQUE,NORMAL,VALID
SYSTEM,DAST_DAST_FK_I,SYSTEM,CNT_DETASIENTO,NONUNIQUE,NORMAL,VALID
SYSTEM,DAST_IDX,SYSTEM,CNT_DETASIENTO,NONUNIQUE,NORMAL,VALID
SYSTEM,DAST_PK,SYSTEM,CNT_DETASIENTO,UNIQUE,NORMAL,VALID
SYSTEM,IDX$$_BF1A0001,SYSTEM,CNT_DETASIENTO,NONUNIQUE,NORMAL,VALID
SYSTEM,IDX$$_108070002,SYSTEM,CNT_DETASIENTO,NONUNIQUE,NORMAL,VALID
SYSTEM,DTIP_PK,SYSTEM,CNT_DETIPIMP,UNIQUE,NORMAL,VALID
SYSTEM,DTIP_TPIM_FK_I,SYSTEM,CNT_DETIPIMP,NONUNIQUE,NORMAL,VALID
SYSTEM,DCHE_CHQE_FK_I,SYSTEM,COB_DETACHEQ,NONUNIQUE,NORMAL,VALID
SYSTEM,DCHE_EGEN_FK_I,SYSTEM,COB_DETACHEQ,NONUNIQUE,NORMAL,VALID
SYSTEM,DCHE_PK,SYSTEM,COB_DETACHEQ,UNIQUE,NORMAL,VALID
SYSTEM,DCHE_PLCB_FK_I,SYSTEM,COB_DETACHEQ,NONUNIQUE,NORMAL,VALID
SYSTEM,DTCB_ASTO_FK_I,SYSTEM,COB_DETACOBRO,NONUNIQUE,NORMAL,VALID
SYSTEM,DTCB_EGEN_FK_I,SYSTEM,COB_DETACOBRO,NONUNIQUE,NORMAL,VALID
SYSTEM,DTCB_NCCL_FK_I,SYSTEM,COB_DETACOBRO,NONUNIQUE,NORMAL,VALID
SYSTEM,DTCB_PK,SYSTEM,COB_DETACOBRO,UNIQUE,NORMAL,VALID
SYSTEM,DTCB_PLCB_FK_I,SYSTEM,COB_DETACOBRO,NONUNIQUE,NORMAL,VALID
SYSTEM,DTCB_PTBN_FK_I,SYSTEM,COB_DETACOBRO,NONUNIQUE,NORMAL,VALID
SYSTEM,DTCB_RCCB_FK_I,SYSTEM,COB_DETACOBRO,NONUNIQUE,NORMAL,VALID
SYSTEM,DTCB_VNDR_FK_I,SYSTEM,COB_DETACOBRO,NONUNIQUE,NORMAL,VALID
SYSTEM,DDEB_ARTL_FK_I,SYSTEM,COB_DETADEBI,NONUNIQUE,NORMAL,VALID
SYSTEM,DDEB_OTRC_FK_I,SYSTEM,COB_DETADEBI,NONUNIQUE,NORMAL,VALID
SYSTEM,DDEB_PK,SYSTEM,COB_DETADEBI,UNIQUE,NORMAL,VALID
SYSTEM,CMDT_CMPR_FK_I,SYSTEM,COM_DETACOMP,NONUNIQUE,NORMAL,VALID
SYSTEM,CMDT_DTIP_FK_I,SYSTEM,COM_DETACOMP,NONUNIQUE,NORMAL,VALID
SYSTEM,CMDT_PK,SYSTEM,COM_DETACOMP,UNIQUE,NORMAL,VALID
SYSTEM,DSOL_DTMV_FK_I,SYSTEM,COM_DETASOLI,NONUNIQUE,NORMAL,VALID
SYSTEM,DSOL_PK,SYSTEM,COM_DETASOLI,UNIQUE,NORMAL,VALID
SYSTEM,DSOL_SCOM_FK_I,SYSTEM,COM_DETASOLI,NONUNIQUE,NORMAL,VALID
SYSTEM,DTOC_ARTL_FK_I,SYSTEM,COM_DETORDCP,NONUNIQUE,NORMAL,VALID
SYSTEM,DTOC_PK,SYSTEM,COM_DETORDCP,UNIQUE,NORMAL,VALID
SYSTEM,IDX$$_10B090001,SYSTEM,COM_PLANPAGO,NONUNIQUE,NORMAL,VALID
SYSTEM,IDX$$_10B090003,SYSTEM,COM_PLANPAGO,NONUNIQUE,NORMAL,VALID
SYSTEM,PPAG_CMPR_FK_I,SYSTEM,COM_PLANPAGO,NONUNIQUE,NORMAL,VALID
SYSTEM,PPAG_EGEN_FK_I,SYSTEM,COM_PLANPAGO,NONUNIQUE,NORMAL,VALID
SYSTEM,PPAG_OTRS_FK_I,SYSTEM,COM_PLANPAGO,NONUNIQUE,NORMAL,VALID
SYSTEM,PPAG_PK,SYSTEM,COM_PLANPAGO,UNIQUE,NORMAL,VALID
SYSTEM,CXML_EGEN_FK_I,SYSTEM,COM_TMPCOMPRAS,NONUNIQUE,NORMAL,VALID
SYSTEM,CXML_FRPG_FK_I,SYSTEM,COM_TMPCOMPRAS,NONUNIQUE,NORMAL,VALID
SYSTEM,CXML_INCN_FK_I,SYSTEM,COM_TMPCOMPRAS,NONUNIQUE,NORMAL,VALID
SYSTEM,CXML_MONE_FK_I,SYSTEM,COM_TMPCOMPRAS,NONUNIQUE,NORMAL,VALID
SYSTEM,CXML_PAIS_FK_I,SYSTEM,COM_TMPCOMPRAS,NONUNIQUE,NORMAL,VALID
SYSTEM,CXML_PK,SYSTEM,COM_TMPCOMPRAS,UNIQUE,NORMAL,VALID
SYSTEM,CXML_PRPG_DEFINIENDO_FK_I,SYSTEM,COM_TMPCOMPRAS,NONUNIQUE,NORMAL,VALID
SYSTEM,CXML_SCTR_FK_I,SYSTEM,COM_TMPCOMPRAS,NONUNIQUE,NORMAL,VALID
SYSTEM,CXML_STCM_FK_I,SYSTEM,COM_TMPCOMPRAS,NONUNIQUE,NORMAL,VALID
SYSTEM,CXML_TPPG_FK_I,SYSTEM,COM_TMPCOMPRAS,NONUNIQUE,NORMAL,VALID
SYSTEM,DTRC_ARTL_FK_I,SYSTEM,CST_DETARECT,NONUNIQUE,NORMAL,VALID
SYSTEM,DTRC_PK,SYSTEM,CST_DETARECT,UNIQUE,NORMAL,VALID
SYSTEM,DTRC_RCTA_FK_I,SYSTEM,CST_DETARECT,NONUNIQUE,NORMAL,VALID
SYSTEM,DTCC_LTPR_FK_I,SYSTEM,CST_DETCENCS,NONUNIQUE,NORMAL,VALID
SYSTEM,DTCC_PK,SYSTEM,CST_DETCENCS,UNIQUE,NORMAL,VALID
SYSTEM,OPRD_ARTL_FK_I,SYSTEM,CST_ORDEPROD,NONUNIQUE,NORMAL,VALID
SYSTEM,OPRD_ASTO_FK_I,SYSTEM,CST_ORDEPROD,NONUNIQUE,NORMAL,VALID
SYSTEM,OPRD_CLTE_FK_I,SYSTEM,CST_ORDEPROD,NONUNIQUE,NORMAL,VALID
SYSTEM,OPRD_EGEN_FK_I,SYSTEM,CST_ORDEPROD,NONUNIQUE,NORMAL,VALID
SYSTEM,OPRD_LTPR_FK_I,SYSTEM,CST_ORDEPROD,NONUNIQUE,NORMAL,VALID
SYSTEM,OPRD_OFCN_FK_I,SYSTEM,CST_ORDEPROD,NONUNIQUE,NORMAL,VALID
SYSTEM,OPRD_PK,SYSTEM,CST_ORDEPROD,UNIQUE,NORMAL,VALID
SYSTEM,OPRD_RCTA_FK_I,SYSTEM,CST_ORDEPROD,NONUNIQUE,NORMAL,VALID
SYSTEM,PROD_PK,SYSTEM,CST_PRODUCCN,UNIQUE,NORMAL,VALID
SYSTEM,DSIM_PK,SYSTEM,CST_SIMUDETA,UNIQUE,NORMAL,VALID
SYSTEM,DSIM_SIMU_FK_I,SYSTEM,CST_SIMUDETA,NONUNIQUE,NORMAL,VALID
SYSTEM,VARP_PK,SYSTEM,CST_VARIPROD,UNIQUE,NORMAL,VALID
SYSTEM,VARP_1_VARP_1_FK_I,SYSTEM,CST_VARIPROD,NONUNIQUE,NORMAL,VALID
SYSTEM,DWVN_PK,SYSTEM,DWH_VENTAS,UNIQUE,NORMAL,VALID
SYSTEM,DTFR_DTFR_FK_I,SYSTEM,ECL_DETAFORMU,NONUNIQUE,NORMAL,VALID
SYSTEM,DTFR_FRML_FK_I,SYSTEM,ECL_DETAFORMU,NONUNIQUE,NORMAL,VALID
SYSTEM,DTFR_PK,SYSTEM,ECL_DETAFORMU,UNIQUE,NORMAL,VALID
SYSTEM,DTDC_DCRN_FK_I,SYSTEM,ECT_DETADECLA,NONUNIQUE,NORMAL,VALID
SYSTEM,DTDC_DTFR_FK_I,SYSTEM,ECT_DETADECLA,NONUNIQUE,NORMAL,VALID
SYSTEM,DTDC_PK,SYSTEM,ECT_DETADECLA,UNIQUE,NORMAL,VALID
SYSTEM,FRPG_PK,SYSTEM,GEN_FORMPAGO,UNIQUE,NORMAL,VALID
SYSTEM,PRPG_PK,SYSTEM,GEN_PERIPAGO,UNIQUE,NORMAL,VALID
SYSTEM,PRDT_PK,SYSTEM,GEN_PRODUCTOS,UNIQUE,NORMAL,VALID
SYSTEM,TPPG_PK,SYSTEM,GEN_TIPOPAGO,UNIQUE,NORMAL,VALID
SYSTEM,DTNP_ARTL_FK_I,SYSTEM,IMP_DENOTAPEDI,NONUNIQUE,NORMAL,VALID
SYSTEM,DTNP_NTPD_FK_I,SYSTEM,IMP_DENOTAPEDI,NONUNIQUE,NORMAL,VALID
SYSTEM,DTNP_PK,SYSTEM,IMP_DENOTAPEDI,UNIQUE,NORMAL,VALID
SYSTEM,NTPD_ASGR_FK_I,SYSTEM,IMP_NOTAPEDI,NONUNIQUE,NORMAL,VALID
SYSTEM,NTPD_CBAN_FK_I,SYSTEM,IMP_NOTAPEDI,NONUNIQUE,NORMAL,VALID
SYSTEM,NTPD_EGEN_FK_I,SYSTEM,IMP_NOTAPEDI,NONUNIQUE,NORMAL,VALID
SYSTEM,NTPD_IMPT_FK_I,SYSTEM,IMP_NOTAPEDI,NONUNIQUE,NORMAL,VALID
SYSTEM,NTPD_MONE_FK_I,SYSTEM,IMP_NOTAPEDI,NONUNIQUE,NORMAL,VALID
SYSTEM,NTPD_OFCN_FK_I,SYSTEM,IMP_NOTAPEDI,NONUNIQUE,NORMAL,VALID
SYSTEM,NTPD_PK,SYSTEM,IMP_NOTAPEDI,UNIQUE,NORMAL,VALID
SYSTEM,NTPD_PROV_FK_I,SYSTEM,IMP_NOTAPEDI,NONUNIQUE,NORMAL,VALID
SYSTEM,NTPD_REQU_FK,SYSTEM,IMP_NOTAPEDI,NONUNIQUE,NORMAL,VALID
SYSTEM,NTPD_UMED_FK_I,SYSTEM,IMP_NOTAPEDI,NONUNIQUE,NORMAL,VALID
SYSTEM,INDE_AFIJ_FK_I,SYSTEM,INF_DETAEQUI,NONUNIQUE,NORMAL,VALID
SYSTEM,INDE_EGEN_FK_I,SYSTEM,INF_DETAEQUI,NONUNIQUE,NORMAL,VALID
SYSTEM,INDE_INDN_FK_I,SYSTEM,INF_DETAEQUI,NONUNIQUE,NORMAL,VALID
SYSTEM,INDE_PK,SYSTEM,INF_DETAEQUI,UNIQUE,NORMAL,VALID
SYSTEM,DPAG_ASTO_FK_I,SYSTEM,PAG_DETAPAGO,NONUNIQUE,NORMAL,VALID
SYSTEM,DPAG_EGEN_FK_I,SYSTEM,PAG_DETAPAGO,NONUNIQUE,NORMAL,VALID
SYSTEM,DPAG_NCPR_FK_I,SYSTEM,PAG_DETAPAGO,NONUNIQUE,NORMAL,VALID
SYSTEM,DPAG_PK,SYSTEM,PAG_DETAPAGO,UNIQUE,NORMAL,VALID
SYSTEM,DPAG_PPAG_FK_I,SYSTEM,PAG_DETAPAGO,NONUNIQUE,NORMAL,VALID
SYSTEM,PDAS_GPCM_FK_I,SYSTEM,PRT_DETASIENTO,NONUNIQUE,NORMAL,VALID
SYSTEM,PDAS_PCTS_FK_I,SYSTEM,PRT_DETASIENTO,NONUNIQUE,NORMAL,VALID
SYSTEM,PDAS_PK,SYSTEM,PRT_DETASIENTO,UNIQUE,NORMAL,VALID
SYSTEM,PDAS_PTBN_FK_I,SYSTEM,PRT_DETASIENTO,NONUNIQUE,NORMAL,VALID
SYSTEM,PDSL_CLTE_FK_I,SYSTEM,PRT_DETASOLI,NONUNIQUE,NORMAL,VALID
SYSTEM,PDSL_ESOL_FK_I,SYSTEM,PRT_DETASOLI,NONUNIQUE,NORMAL,VALID
SYSTEM,PDSL_PCRG_FK_I,SYSTEM,PRT_DETASOLI,NONUNIQUE,NORMAL,VALID
SYSTEM,PDSL_PK,SYSTEM,PRT_DETASOLI,UNIQUE,NORMAL,VALID
SYSTEM,PDSL_PRTC_FK_I,SYSTEM,PRT_DETASOLI,NONUNIQUE,NORMAL,VALID
SYSTEM,PDSL_PSLG_FK_I,SYSTEM,PRT_DETASOLI,NONUNIQUE,NORMAL,VALID
SYSTEM,PDSL_TPDC_FK_I,SYSTEM,PRT_DETASOLI,NONUNIQUE,NORMAL,VALID
SYSTEM,DCSL_PCTS_FK_I,SYSTEM,PRT_DETIPCAU,NONUNIQUE,NORMAL,VALID
SYSTEM,DCSL_PK,SYSTEM,PRT_DETIPCAU,UNIQUE,NORMAL,VALID
SYSTEM,DCSL_TCSL_FK_I,SYSTEM,PRT_DETIPCAU,NONUNIQUE,NORMAL,VALID
SYSTEM,DCSL_TPDC_FK_I,SYSTEM,PRT_DETIPCAU,NONUNIQUE,NORMAL,VALID
SYSTEM,SDET_CCPT_FK_I,SYSTEM,PRT_SIMUDETA,NONUNIQUE,NORMAL,VALID
SYSTEM,SDET_EGEN_FK_I,SYSTEM,PRT_SIMUDETA,NONUNIQUE,NORMAL,VALID
SYSTEM,SDET_FRPG_FK_I,SYSTEM,PRT_SIMUDETA,NONUNIQUE,NORMAL,VALID
SYSTEM,SDET_PK,SYSTEM,PRT_SIMUDETA,UNIQUE,NORMAL,VALID
SYSTEM,SDET_SMCR_FK_I,SYSTEM,PRT_SIMUDETA,NONUNIQUE,NORMAL,VALID
SYSTEM,DPRS_ARTL_FK_I,SYSTEM,RHH_DETAPRES,NONUNIQUE,NORMAL,VALID
SYSTEM,DPRS_PK,SYSTEM,RHH_DETAPRES,UNIQUE,NORMAL,VALID
SYSTEM,DPRS_PRS_FK_I,SYSTEM,RHH_DETAPRES,NONUNIQUE,NORMAL,VALID
SYSTEM,DPRS_RHHS_FK_I,SYSTEM,RHH_DETAPRES,NONUNIQUE,NORMAL,VALID
SYSTEM,DPRS_TCSI_FK_I,SYSTEM,RHH_DETAPRES,NONUNIQUE,NORMAL,VALID
SYSTEM,CUOTAS_ASTO_FK_I,SYSTEM,RHH_DETAVENC,NONUNIQUE,NORMAL,VALID
SYSTEM,CUOTAS_EGEN_FK_I,SYSTEM,RHH_DETAVENC,NONUNIQUE,NORMAL,VALID
SYSTEM,CUOTAS_PK,SYSTEM,RHH_DETAVENC,UNIQUE,NORMAL,VALID
SYSTEM,CUOTAS_VNCT_FK_I,SYSTEM,RHH_DETAVENC,NONUNIQUE,NORMAL,VALID
SYSTEM,PGVC_ASTO_FK_I,SYSTEM,RHH_PAGOVACA,NONUNIQUE,NORMAL,VALID
SYSTEM,PGVC_EGEN_FK_I,SYSTEM,RHH_PAGOVACA,NONUNIQUE,NORMAL,VALID
SYSTEM,PGVC_PK,SYSTEM,RHH_PAGOVACA,UNIQUE,NORMAL,VALID
SYSTEM,PGVC_PRVN_FK_I,SYSTEM,RHH_PAGOVACA,NONUNIQUE,NORMAL,VALID
SYSTEM,PRAC_PK2,SYSTEM,RHH_PRODUCTOS,UNIQUE,NORMAL,VALID
SYSTEM,SPRO_PK,SYSTEM,SEG_PRODUCTO,UNIQUE,NORMAL,VALID
SYSTEM,PDUS_PK,SYSTEM,SEG_PRODUSUA,UNIQUE,NORMAL,VALID
SYSTEM,PDUS_PRDT_FK_I,SYSTEM,SEG_PRODUSUA,NONUNIQUE,NORMAL,VALID
SYSTEM,PDUS_USUA_FK_I,SYSTEM,SEG_PRODUSUA,NONUNIQUE,NORMAL,VALID
SYSTEM,ERDO_LGFA_FK_I,SYSTEM,SRI_DETALOGF,NONUNIQUE,NORMAL,VALID
SYSTEM,ERDO_PK,SYSTEM,SRI_DETALOGF,UNIQUE,NORMAL,VALID
SYSTEM,ERDO_TPER_FK_I,SYSTEM,SRI_DETALOGF,NONUNIQUE,NORMAL,VALID
SYSTEM,LGFA_PK,SYSTEM,SRI_LOGFACTU,UNIQUE,NORMAL,VALID
SYSTEM,INDT_PK,SYSTEM,SRV_INDETEOB,UNIQUE,NORMAL,VALID
SYSTEM,SPVD_ARTL_FK_I,SYSTEM,SRV_SEPRVDET,NONUNIQUE,NORMAL,VALID
SYSTEM,SPVD_PK,SYSTEM,SRV_SEPRVDET,UNIQUE,NORMAL,VALID
SYSTEM,SPVD_SPVC_FK_I,SYSTEM,SRV_SEPRVDET,NONUNIQUE,NORMAL,VALID
SYSTEM,SPVD_STCR_FK_I,SYSTEM,SRV_SEPRVDET,NONUNIQUE,NORMAL,VALID
SYSTEM,SPVD_UMED_FK_I,SYSTEM,SRV_SEPRVDET,NONUNIQUE,NORMAL,VALID
SYSTEM,DTOR_PK,SYSTEM,TLL_DETAORDEN,UNIQUE,NORMAL,VALID
SYSTEM,DTRQ_ARTL_FK_I,SYSTEM,TLL_DETAREQUI,NONUNIQUE,NORMAL,VALID
SYSTEM,DTRQ_PK,SYSTEM,TLL_DETAREQUI,UNIQUE,NORMAL,VALID
SYSTEM,ONRC_EGEN_FK_I,SYSTEM,TLL_ORDENTRC,NONUNIQUE,NORMAL,VALID
SYSTEM,ONRC_PK,SYSTEM,TLL_ORDENTRC,UNIQUE,NORMAL,VALID
SYSTEM,ORTB_CDT_FK_I,SYSTEM,TLL_ORDETRAB,NONUNIQUE,NORMAL,VALID
SYSTEM,ORTB_EGEN_FK_I,SYSTEM,TLL_ORDETRAB,NONUNIQUE,NORMAL,VALID
SYSTEM,ORTB_OFCN_FK_I,SYSTEM,TLL_ORDETRAB,NONUNIQUE,NORMAL,VALID
SYSTEM,ORTB_PK,SYSTEM,TLL_ORDETRAB,UNIQUE,NORMAL,VALID
SYSTEM,ORTB_RHHS_FK_I,SYSTEM,TLL_ORDETRAB,NONUNIQUE,NORMAL,VALID
SYSTEM,TMDR_PK,SYSTEM,TMP_DETAREQU,UNIQUE,NORMAL,VALID
SYSTEM,DTFC_PK,SYSTEM,VEN_DETAFACT,UNIQUE,NORMAL,VALID
SYSTEM,DTFL_CANT_FK_I,SYSTEM,VEN_DETAFLET,NONUNIQUE,NORMAL,VALID
SYSTEM,DTFL_PK,SYSTEM,VEN_DETAFLET,UNIQUE,NORMAL,VALID
SYSTEM,DTFL_SRFL_FK_I,SYSTEM,VEN_DETAFLET,NONUNIQUE,NORMAL,VALID
SYSTEM,DPR_ARTL_FK_I,SYSTEM,VEN_DETAPROD,NONUNIQUE,NORMAL,VALID
SYSTEM,DPR_DPR_FK_I,SYSTEM,VEN_DETAPROD,NONUNIQUE,NORMAL,VALID
SYSTEM,DPR_NCCL_FK_I,SYSTEM,VEN_DETAPROD,NONUNIQUE,NORMAL,VALID
SYSTEM,DPR_PK,SYSTEM,VEN_DETAPROD,UNIQUE,NORMAL,VALID
SYSTEM,DPR_VNTA_FK_I,SYSTEM,VEN_DETAPROD,NONUNIQUE,NORMAL,VALID
SYSTEM,DPRF_ARTL_FK_I,SYSTEM,VEN_DETAPROF,NONUNIQUE,NORMAL,VALID
SYSTEM,DPRF_DPRF_FK_I,SYSTEM,VEN_DETAPROF,NONUNIQUE,NORMAL,VALID
SYSTEM,DPRF_PK,SYSTEM,VEN_DETAPROF,UNIQUE,NORMAL,VALID
SYSTEM,DPRF_PRFM_FK_I,SYSTEM,VEN_DETAPROF,NONUNIQUE,NORMAL,VALID
SYSTEM,DPRF_RCTA_FK_I,SYSTEM,VEN_DETAPROF,NONUNIQUE,NORMAL,VALID
SYSTEM,DPRF_SECC_FK_I,SYSTEM,VEN_DETAPROF,NONUNIQUE,NORMAL,VALID
SYSTEM,DPRF_UMED_FK_I,SYSTEM,VEN_DETAPROF,NONUNIQUE,NORMAL,VALID
SYSTEM,DPRF_UMED_FK2_I,SYSTEM,VEN_DETAPROF,NONUNIQUE,NORMAL,VALID
SYSTEM,DTPR_ARTL_FK_I,SYSTEM,VEN_DETARTPR,NONUNIQUE,NORMAL,VALID
SYSTEM,DTPR_LNEA_FK_I,SYSTEM,VEN_DETARTPR,NONUNIQUE,NORMAL,VALID
SYSTEM,DTPR_PK,SYSTEM,VEN_DETARTPR,UNIQUE,NORMAL,VALID
SYSTEM,DTPR_VEXI_FK_I,SYSTEM,VEN_DETARTPR,NONUNIQUE,NORMAL,VALID
SYSTEM,GRVN_CDT_FK_I,SYSTEM,VEN_GRPOVENT,NONUNIQUE,NORMAL,VALID
SYSTEM,GRVN_PK,SYSTEM,VEN_GRPOVENT,UNIQUE,NORMAL,VALID
SYSTEM,GRVN_PRFM_FK_I,SYSTEM,VEN_GRPOVENT,NONUNIQUE,NORMAL,VALID
SYSTEM,GRVN_VHCL_FK_I,SYSTEM,VEN_GRPOVENT,NONUNIQUE,NORMAL,VALID
SYSTEM,PLPP_PK,SYSTEM,VEN_PLANPAGO,UNIQUE,NORMAL,VALID
SYSTEM,PLPP_PRFM_FK_I,SYSTEM,VEN_PLANPAGO,NONUNIQUE,NORMAL,VALID
SYSTEM,TRDT_PK,SYSTEM,VEN_TMPRETDETA,UNIQUE,NORMAL,VALID
SYSTEM,TRDT_TMRT_FK_I,SYSTEM,VEN_TMPRETDETA,NONUNIQUE,NORMAL,VALID
SYSTEM,TRDT_TRET_FK_I,SYSTEM,VEN_TMPRETDETA,NONUNIQUE,NORMAL,VALID
SYSTEM,IDX$$_AE890001,SYSTEM,VEN_VENTAS,NONUNIQUE,NORMAL,VALID
SYSTEM,IDX$$_AE890002,SYSTEM,VEN_VENTAS,NONUNIQUE,NORMAL,VALID
SYSTEM,IDX$$_015F0001,SYSTEM,VEN_VENTAS,NONUNIQUE,NORMAL,VALID
SYSTEM,IDX$$_02630001,SYSTEM,VEN_VENTAS,NONUNIQUE,NORMAL,VALID
SYSTEM,VNTA_ASTO_FK_I,SYSTEM,VEN_VENTAS,NONUNIQUE,NORMAL,VALID
SYSTEM,VNTA_DIDE_FK_I,SYSTEM,VEN_VENTAS,NONUNIQUE,NORMAL,VALID
SYSTEM,VNTA_EGEN_FK_I,SYSTEM,VEN_VENTAS,NONUNIQUE,NORMAL,VALID
SYSTEM,VNTA_FECHA_I,SYSTEM,VEN_VENTAS,NONUNIQUE,FUNCTION-BASED NORMAL,VALID
SYSTEM,VNTA_FRPG_FK_I,SYSTEM,VEN_VENTAS,NONUNIQUE,NORMAL,VALID
SYSTEM,VNTA_GRPS_FK_I,SYSTEM,VEN_VENTAS,NONUNIQUE,NORMAL,VALID
SYSTEM,VNTA_INCN_FK_I,SYSTEM,VEN_VENTAS,NONUNIQUE,NORMAL,VALID
SYSTEM,VNTA_LTPR_FK_I,SYSTEM,VEN_VENTAS,NONUNIQUE,NORMAL,VALID
SYSTEM,VNTA_MONE_FK_I,SYSTEM,VEN_VENTAS,NONUNIQUE,NORMAL,VALID
SYSTEM,VNTA_OFCN_FK_I,SYSTEM,VEN_VENTAS,NONUNIQUE,NORMAL,VALID
SYSTEM,VNTA_ORTR_FK_I,SYSTEM,VEN_VENTAS,NONUNIQUE,NORMAL,VALID
SYSTEM,VNTA_PK,SYSTEM,VEN_VENTAS,UNIQUE,NORMAL,VALID
SYSTEM,VNTA_PK_I,SYSTEM,VEN_VENTAS,NONUNIQUE,NORMAL,VALID
SYSTEM,VNTA_PRFM_FK_I,SYSTEM,VEN_VENTAS,NONUNIQUE,NORMAL,VALID
SYSTEM,VNTA_PRPG_FK_I,SYSTEM,VEN_VENTAS,NONUNIQUE,NORMAL,VALID
SYSTEM,VNTA_SCTR_FK_I,SYSTEM,VEN_VENTAS,NONUNIQUE,NORMAL,VALID
SYSTEM,VNTA_TPAG_FK_I,SYSTEM,VEN_VENTAS,NONUNIQUE,NORMAL,VALID
SYSTEM,VNTA_TPCM_FK_I,SYSTEM,VEN_VENTAS,NONUNIQUE,NORMAL,VALID
SYSTEM,VNTA_UNNE_FK_I,SYSTEM,VEN_VENTAS,NONUNIQUE,NORMAL,VALID
SYSTEM,VNTA_VNTA_FK_I,SYSTEM,VEN_VENTAS,NONUNIQUE,NORMAL,VALID
SYSTEM,VNPD_ARTL_FK_I,SYSTEM,VEN_VENTPERD,NONUNIQUE,NORMAL,VALID
SYSTEM,VNPD_PK,SYSTEM,VEN_VENTPERD,UNIQUE,NORMAL,VALID
SYSTEM,VNPD_VNTA_FK_I,SYSTEM,VEN_VENTPERD,NONUNIQUE,NORMAL,VALID
