INDEX_OWNER,INDEX_NAME,TABLE_OWNER,TABLE_NAME,COLUMN_POSITION,COLUMN_NAME,DESCEND
SYSTEM,DTAU_AUTO_FK_I,SYSTEM,ADM_DETAUTOR,1,AUTO_AUTO_ID,ASC
SYSTEM,DTAU_PK,SYSTEM,ADM_DETAUTOR,1,DTAU_ID,ASC
SYSTEM,AFDM_AFIJ_FK_I,SYSTEM,AFJ_AFDETMOV,1,AFIJ_CLASE,ASC
SYSTEM,AFDM_AFIJ_FK_I,SYSTEM,AFJ_AFDETMOV,2,AFIJ_COMPANIA,ASC
SYSTEM,AFDM_AFIJ_FK_I,SYSTEM,AFJ_AFDETMOV,3,AFIJ_CODIGO,ASC
SYSTEM,AFDM_AFRQ_FK_I,SYSTEM,AFJ_AFDETMOV,1,AFRQ_NUMERO,ASC
SYSTEM,AFDM_INRN_FK_I,SYSTEM,AFJ_AFDETMOV,1,INRN_ID,ASC
SYSTEM,AFDM_MEMO_FK_I,SYSTEM,AFJ_AFDETMOV,1,MEMO_ID,ASC
SYSTEM,AFDM_PK,SYSTEM,AFJ_AFDETMOV,1,AFDM_ID,ASC
SYSTEM,AFDM_RCDP_FK_I,SYSTEM,AFJ_AFDETMOV,1,RCDP_COMPANIA,ASC
SYSTEM,AFDM_RCDP_FK_I,SYSTEM,AFJ_AFDETMOV,2,RCDP_IDCLIENTE,ASC
SYSTEM,AFDM_RCDP_FK_I,SYSTEM,AFJ_AFDETMOV,3,RCDP_IDRESCLI,ASC
SYSTEM,AFDM_RHHS_FK_I,SYSTEM,AFJ_AFDETMOV,1,RHHS_CEDURUC,ASC
SYSTEM,AFDM_STCT_FK_I,SYSTEM,AFJ_AFDETMOV,1,STCT_ID,ASC
SYSTEM,AFDM_UMED_FK_I,SYSTEM,AFJ_AFDETMOV,1,UMED_UNIDMEDI,ASC
SYSTEM,DAC1_AFIJ_FK_I,SYSTEM,AFJ_DETALLE,1,AFIJ_CLASE,ASC
SYSTEM,DAC1_AFIJ_FK_I,SYSTEM,AFJ_DETALLE,2,AFIJ_COMPANIA,ASC
SYSTEM,DAC1_AFIJ_FK_I,SYSTEM,AFJ_DETALLE,3,AFIJ_CODIGO,ASC
SYSTEM,DAC1_ASTO_FK_I,SYSTEM,AFJ_DETALLE,1,ASTO_COMPANIA,ASC
SYSTEM,DAC1_ASTO_FK_I,SYSTEM,AFJ_DETALLE,2,ASTO_NUMEDIAR,ASC
SYSTEM,DAC1_MEMO_FK_I,SYSTEM,AFJ_DETALLE,1,MEMO_MEMO_ID,ASC
SYSTEM,DAC1_PK,SYSTEM,AFJ_DETALLE,1,DAC1_ID,ASC
SYSTEM,DTBA_ORCP_FK_I,SYSTEM,ALM_DETABASC,1,ORCP_COMPANIA,ASC
SYSTEM,DTBA_ORCP_FK_I,SYSTEM,ALM_DETABASC,2,ORCP_OFICINA,ASC
SYSTEM,DTBA_ORCP_FK_I,SYSTEM,ALM_DETABASC,3,ORCP_NUMEORDE,ASC
SYSTEM,DTBA_PK,SYSTEM,ALM_DETABASC,1,DTBA_ID,ASC
SYSTEM,DTBA_PRFM_FK_I,SYSTEM,ALM_DETABASC,1,PRFM_PRFM_ID,ASC
SYSTEM,DTBA_UMED_FK_I,SYSTEM,ALM_DETABASC,1,UMED_UNIDMEDI,ASC
SYSTEM,DTPS_DSPO_FK_I,SYSTEM,ALM_DETADESP,1,DSPO_NUMERO,ASC
SYSTEM,DTPS_PK,SYSTEM,ALM_DETADESP,1,DTPS_ID,ASC
SYSTEM,DTLT_DTMV_FK_I,SYSTEM,ALM_DETALOTE,1,DTMV_DTMV_ID,ASC
SYSTEM,DTLT_LOTE_FK_I,SYSTEM,ALM_DETALOTE,1,LOTE_COMPANIA,ASC
SYSTEM,DTLT_LOTE_FK_I,SYSTEM,ALM_DETALOTE,2,LOTE_NUMELOTE,ASC
SYSTEM,DTLT_LOTE_FK_I,SYSTEM,ALM_DETALOTE,3,LOTE_ALCANCE,ASC
SYSTEM,DTLT_PK,SYSTEM,ALM_DETALOTE,1,DTLT_ID,ASC
SYSTEM,DTMV_ARTL_FK_I,SYSTEM,ALM_DETAMOVI,1,ARTL_COMPANIA,ASC
SYSTEM,DTMV_ARTL_FK_I,SYSTEM,ALM_DETAMOVI,2,ARTL_CLASE,ASC
SYSTEM,DTMV_ARTL_FK_I,SYSTEM,ALM_DETAMOVI,3,ARTL_CODIGRUP,ASC
SYSTEM,DTMV_ARTL_FK_I,SYSTEM,ALM_DETAMOVI,4,ARTL_ARTICULO,ASC
SYSTEM,DTMV_CMPR_FK_I,SYSTEM,ALM_DETAMOVI,1,CMPR_COMPANIA,ASC
SYSTEM,DTMV_CMPR_FK_I,SYSTEM,ALM_DETAMOVI,2,CMPR_ALCANCE,ASC
SYSTEM,DTMV_CMPR_FK_I,SYSTEM,ALM_DETAMOVI,3,CMPR_CEDURUC,ASC
SYSTEM,DTMV_CMPR_FK_I,SYSTEM,ALM_DETAMOVI,4,CMPR_SERIE,ASC
SYSTEM,DTMV_CMPR_FK_I,SYSTEM,ALM_DETAMOVI,5,CMPR_NUMERO,ASC
SYSTEM,DTMV_DCAM_FK_I,SYSTEM,ALM_DETAMOVI,1,DCAM_DCAM_ID,ASC
SYSTEM,DTMV_DREQ_FK_I,SYSTEM,ALM_DETAMOVI,1,DREQ_DREQ_ID,ASC
SYSTEM,DTMV_DTMV_FK_I,SYSTEM,ALM_DETAMOVI,1,DTMV_DTMV_ID,ASC
SYSTEM,DTMV_ENSA_FK_I,SYSTEM,ALM_DETAMOVI,1,ENSA_TIPODOCU,ASC
SYSTEM,DTMV_ENSA_FK_I,SYSTEM,ALM_DETAMOVI,2,ENSA_COMPANIA,ASC
SYSTEM,DTMV_ENSA_FK_I,SYSTEM,ALM_DETAMOVI,3,ENSA_OFICINA,ASC
SYSTEM,DTMV_ENSA_FK_I,SYSTEM,ALM_DETAMOVI,4,ENSA_NUMERO,ASC
SYSTEM,DTMV_IMPT_FK_I,SYSTEM,ALM_DETAMOVI,1,IMPT_COMPANIA,ASC
SYSTEM,DTMV_IMPT_FK_I,SYSTEM,ALM_DETAMOVI,2,IMPT_NUMEIMPO,ASC
SYSTEM,DTMV_IMPT_FK_I,SYSTEM,ALM_DETAMOVI,3,IMPT_OFICINA,ASC
SYSTEM,DTMV_LSPR_FK_I,SYSTEM,ALM_DETAMOVI,1,LSPR_LSPR_ID,ASC
SYSTEM,DTMV_NCCL_FK_I,SYSTEM,ALM_DETAMOVI,1,NCCL_COMPANIA,ASC
SYSTEM,DTMV_NCCL_FK_I,SYSTEM,ALM_DETAMOVI,2,NCCL_SERIE,ASC
SYSTEM,DTMV_NCCL_FK_I,SYSTEM,ALM_DETAMOVI,3,NCCL_OFICINA,ASC
SYSTEM,DTMV_NCCL_FK_I,SYSTEM,ALM_DETAMOVI,4,NCCL_NUMERO,ASC
SYSTEM,DTMV_NCPR_FK_I,SYSTEM,ALM_DETAMOVI,1,NCPR_CEDURUC,ASC
SYSTEM,DTMV_NCPR_FK_I,SYSTEM,ALM_DETAMOVI,2,NCPR_COMPANIA,ASC
SYSTEM,DTMV_NCPR_FK_I,SYSTEM,ALM_DETAMOVI,3,NCPR_SERIE,ASC
SYSTEM,DTMV_NCPR_FK_I,SYSTEM,ALM_DETAMOVI,4,NCPR_ALCANCE,ASC
SYSTEM,DTMV_NCPR_FK_I,SYSTEM,ALM_DETAMOVI,5,NCPR_NUMERO,ASC
SYSTEM,DTMV_PK,SYSTEM,ALM_DETAMOVI,1,DTMV_ID,ASC
SYSTEM,DTMV_RCTA_FK_I,SYSTEM,ALM_DETAMOVI,1,RCTA_RCTA_ID,ASC
SYSTEM,DTMV_SECC_FK_I,SYSTEM,ALM_DETAMOVI,1,SECC_COMPANIA,ASC
SYSTEM,DTMV_SECC_FK_I,SYSTEM,ALM_DETAMOVI,2,SECC_OFICINA,ASC
SYSTEM,DTMV_SECC_FK_I,SYSTEM,ALM_DETAMOVI,3,SECC_CODIBODE,ASC
SYSTEM,DTMV_SECC_FK_I,SYSTEM,ALM_DETAMOVI,4,SECC_CODISECC,ASC
SYSTEM,DTMV_UMED_FK_I,SYSTEM,ALM_DETAMOVI,1,UMED_UNIDMEDI,ASC
SYSTEM,DTMV_UMED_FK2_I,SYSTEM,ALM_DETAMOVI,1,UMED_UNIDMEDI_CAJA,ASC
SYSTEM,DTMV_VNTA_FK_I,SYSTEM,ALM_DETAMOVI,1,VNTA_COMPANIA,ASC
SYSTEM,DTMV_VNTA_FK_I,SYSTEM,ALM_DETAMOVI,2,VNTA_OFICINA,ASC
SYSTEM,DTMV_VNTA_FK_I,SYSTEM,ALM_DETAMOVI,3,VNTA_NUMERO,ASC
SYSTEM,DTMV_VNTA_FK_I,SYSTEM,ALM_DETAMOVI,4,VNTA_SERIE,ASC
SYSTEM,DTMV_VNTA_FK_I,SYSTEM,ALM_DETAMOVI,5,VNTA_TIPOCOMP,ASC
SYSTEM,IDX$$_AE800001,SYSTEM,ALM_DETAMOVI,1,ARTL_ARTICULO,ASC
SYSTEM,IDX$$_AE800001,SYSTEM,ALM_DETAMOVI,2,ARTL_CODIGRUP,ASC
SYSTEM,IDX$$_AE800001,SYSTEM,ALM_DETAMOVI,3,ARTL_CLASE,ASC
SYSTEM,IDX$$_AE800001,SYSTEM,ALM_DETAMOVI,4,NCCL_NUMERO,ASC
SYSTEM,IDX$$_AE800001,SYSTEM,ALM_DETAMOVI,5,VNTA_OFICINA,ASC
SYSTEM,DTPL_PK_1,SYSTEM,ALM_DETAPLAN,1,DTPL_ID,ASC
SYSTEM,DPRO_ARTL_FK_I,SYSTEM,ALM_DETAPROY,1,ARTL_COMPANIA,ASC
SYSTEM,DPRO_ARTL_FK_I,SYSTEM,ALM_DETAPROY,2,ARTL_CLASE,ASC
SYSTEM,DPRO_ARTL_FK_I,SYSTEM,ALM_DETAPROY,3,ARTL_CODIGRUP,ASC
SYSTEM,DPRO_ARTL_FK_I,SYSTEM,ALM_DETAPROY,4,ARTL_ARTICULO,ASC
SYSTEM,DPRO_PK,SYSTEM,ALM_DETAPROY,1,DPRO_ID,ASC
SYSTEM,DPRO_PRPD_FK_I,SYSTEM,ALM_DETAPROY,1,PRPD_PRPD_ID,ASC
SYSTEM,DPRO_RCTA_FK_I,SYSTEM,ALM_DETAPROY,1,RCTA_RCTA_ID,ASC
SYSTEM,DREQ_ARTL_FK_I,SYSTEM,ALM_DETAREQU,1,ARTL_COMPANIA,ASC
SYSTEM,DREQ_ARTL_FK_I,SYSTEM,ALM_DETAREQU,2,ARTL_CLASE,ASC
SYSTEM,DREQ_ARTL_FK_I,SYSTEM,ALM_DETAREQU,3,ARTL_CODIGRUP,ASC
SYSTEM,DREQ_ARTL_FK_I,SYSTEM,ALM_DETAREQU,4,ARTL_ARTICULO,ASC
SYSTEM,DREQ_PK,SYSTEM,ALM_DETAREQU,1,DREQ_ID,ASC
SYSTEM,DREQ_REQU_FK_I,SYSTEM,ALM_DETAREQU,1,REQU_NUMERO,ASC
SYSTEM,DREQ_REQU_FK_I,SYSTEM,ALM_DETAREQU,2,REQU_COMPANIA,ASC
SYSTEM,DREQ_REQU_FK_I,SYSTEM,ALM_DETAREQU,3,REQU_OFICINA,ASC
SYSTEM,DREQ_SECC_FK_I,SYSTEM,ALM_DETAREQU,1,SECC_CODISECC,ASC
SYSTEM,DREQ_SECC_FK_I,SYSTEM,ALM_DETAREQU,2,SECC_OFICINA,ASC
SYSTEM,DREQ_SECC_FK_I,SYSTEM,ALM_DETAREQU,3,SECC_COMPANIA,ASC
SYSTEM,DREQ_SECC_FK_I,SYSTEM,ALM_DETAREQU,4,SECC_CODIBODE,ASC
SYSTEM,DATLL_PK,SYSTEM,ALM_DETARTLL,1,DATLL_ID,ASC
SYSTEM,ADTF_ARTL_FK_I,SYSTEM,ALM_DETATOFI,1,ARTL_COMPANIA,ASC
SYSTEM,ADTF_ARTL_FK_I,SYSTEM,ALM_DETATOFI,2,ARTL_CLASE,ASC
SYSTEM,ADTF_ARTL_FK_I,SYSTEM,ALM_DETATOFI,3,ARTL_CODIGRUP,ASC
SYSTEM,ADTF_ARTL_FK_I,SYSTEM,ALM_DETATOFI,4,ARTL_ARTICULO,ASC
SYSTEM,ADTF_ATFS_FK_I,SYSTEM,ALM_DETATOFI,1,ATFS_COMPANIA,ASC
SYSTEM,ADTF_ATFS_FK_I,SYSTEM,ALM_DETATOFI,2,ATFS_OFICINA,ASC
SYSTEM,ADTF_ATFS_FK_I,SYSTEM,ALM_DETATOFI,3,ATFS_NUMERO,ASC
SYSTEM,ADTF_ATFS_FK_I,SYSTEM,ALM_DETATOFI,4,ATFS_TIPODOCU,ASC
SYSTEM,ADTF_ENSA_FK_I,SYSTEM,ALM_DETATOFI,1,ENSA_COMPANIA,ASC
SYSTEM,ADTF_ENSA_FK_I,SYSTEM,ALM_DETATOFI,2,ENSA_OFICINA,ASC
SYSTEM,ADTF_ENSA_FK_I,SYSTEM,ALM_DETATOFI,3,ENSA_TIPODOCU,ASC
SYSTEM,ADTF_ENSA_FK_I,SYSTEM,ALM_DETATOFI,4,ENSA_NUMERO,ASC
SYSTEM,ADTF_PK,SYSTEM,ALM_DETATOFI,1,ADTF_ID,ASC
SYSTEM,ADTF_SECC_FK_I,SYSTEM,ALM_DETATOFI,1,SECC_CODISECC,ASC
SYSTEM,ADTF_SECC_FK_I,SYSTEM,ALM_DETATOFI,2,SECC_COMPANIA,ASC
SYSTEM,ADTF_SECC_FK_I,SYSTEM,ALM_DETATOFI,3,SECC_OFICINA,ASC
SYSTEM,ADTF_SECC_FK_I,SYSTEM,ALM_DETATOFI,4,SECC_CODIBODE,ASC
SYSTEM,PRPD_PK,SYSTEM,ALM_PROYPROD,1,PRPD_ID,ASC
SYSTEM,TDLT_DPR_FK_I,SYSTEM,ALM_TMPDETALOTE,1,DPR_DPR_ID,ASC
SYSTEM,TDLT_DXML_FK_I,SYSTEM,ALM_TMPDETALOTE,1,DXML_DXML_ID,ASC
SYSTEM,TDLT_LOTE_FK_I,SYSTEM,ALM_TMPDETALOTE,1,LOTE_COMPANIA,ASC
SYSTEM,TDLT_LOTE_FK_I,SYSTEM,ALM_TMPDETALOTE,2,LOTE_NUMELOTE,ASC
SYSTEM,TDLT_LOTE_FK_I,SYSTEM,ALM_TMPDETALOTE,3,LOTE_ALCANCE,ASC
SYSTEM,TDLT_PK,SYSTEM,ALM_TMPDETALOTE,1,TDLT_ID,ASC
SYSTEM,DXML_ARTL_FK_I,SYSTEM,ALM_TMPDETAMOVI,1,ARTL_COMPANIA,ASC
SYSTEM,DXML_ARTL_FK_I,SYSTEM,ALM_TMPDETAMOVI,2,ARTL_CLASE,ASC
SYSTEM,DXML_ARTL_FK_I,SYSTEM,ALM_TMPDETAMOVI,3,ARTL_CODIGRUP,ASC
SYSTEM,DXML_ARTL_FK_I,SYSTEM,ALM_TMPDETAMOVI,4,ARTL_ARTICULO,ASC
SYSTEM,DXML_CXML_FK_I,SYSTEM,ALM_TMPDETAMOVI,1,CMPR_SERIE,ASC
SYSTEM,DXML_CXML_FK_I,SYSTEM,ALM_TMPDETAMOVI,2,CMPR_NUMERO,ASC
SYSTEM,DXML_CXML_FK_I,SYSTEM,ALM_TMPDETAMOVI,3,CMPR_CEDURUC,ASC
SYSTEM,DXML_CXML_FK_I,SYSTEM,ALM_TMPDETAMOVI,4,CMPR_ALCANCE,ASC
SYSTEM,DXML_CXML_FK_I,SYSTEM,ALM_TMPDETAMOVI,5,CMPR_COMPANIA,ASC
SYSTEM,DXML_PK,SYSTEM,ALM_TMPDETAMOVI,1,DXML_ID,ASC
SYSTEM,DXML_VEXI_FK_I,SYSTEM,ALM_TMPDETAMOVI,1,VEXI_VEXI_ID,ASC
SYSTEM,ACTI_NTRL_FK_I,SYSTEM,CLI_ACTIVCLIEN,1,NTRL_COMPANIA,ASC
SYSTEM,ACTI_NTRL_FK_I,SYSTEM,CLI_ACTIVCLIEN,2,NTRL_IDCLIENTE,ASC
SYSTEM,ACTI_PK,SYSTEM,CLI_ACTIVCLIEN,1,ACTI_ID,ASC
SYSTEM,DEIE_PK,SYSTEM,CLI_DETAINGEGR,1,TIPOINEG,ASC
SYSTEM,DTLN_LNCR_FK_I,SYSTEM,CLI_DETALINE,1,LNCR_COMPANIA,ASC
SYSTEM,DTLN_LNCR_FK_I,SYSTEM,CLI_DETALINE,2,LNCR_IDCLIENTE,ASC
SYSTEM,DTLN_PK,SYSTEM,CLI_DETALINE,1,DTLN_ID,ASC
SYSTEM,DTVS_PK,SYSTEM,CLI_DETAVISITA,1,DTVS_ID,ASC
SYSTEM,PRCL_NTRL_FK_I,SYSTEM,CLI_PROPICLIEN,1,NTRL_COMPANIA,ASC
SYSTEM,PRCL_NTRL_FK_I,SYSTEM,CLI_PROPICLIEN,2,NTRL_IDCLIENTE,ASC
SYSTEM,PRCL_PK,SYSTEM,CLI_PROPICLIEN,1,PRCL_ID,ASC
SYSTEM,DAST_ASTO_FK_I,SYSTEM,CNT_DETASIENTO,1,ASTO_COMPANIA,ASC
SYSTEM,DAST_ASTO_FK_I,SYSTEM,CNT_DETASIENTO,2,ASTO_NUMEDIAR,ASC
SYSTEM,DAST_CCST_FK_I,SYSTEM,CNT_DETASIENTO,1,CCST_COMPANIA,ASC
SYSTEM,DAST_CCST_FK_I,SYSTEM,CNT_DETASIENTO,2,CCST_OFICINA,ASC
SYSTEM,DAST_CCST_FK_I,SYSTEM,CNT_DETASIENTO,3,CCST_CODIGO,ASC
SYSTEM,DAST_CTAS_FK_I,SYSTEM,CNT_DETASIENTO,1,CTAS_COMPANIA,ASC
SYSTEM,DAST_CTAS_FK_I,SYSTEM,CNT_DETASIENTO,2,CTAS_CATALOGO,ASC
SYSTEM,DAST_CTAS_FK_I,SYSTEM,CNT_DETASIENTO,3,CTAS_CODIGO,ASC
SYSTEM,DAST_DAST_FK_I,SYSTEM,CNT_DETASIENTO,1,DAST_DAST_ID,ASC
SYSTEM,DAST_IDX,SYSTEM,CNT_DETASIENTO,1,CTAS_CODIGO,ASC
SYSTEM,DAST_PK,SYSTEM,CNT_DETASIENTO,1,DAST_ID,ASC
SYSTEM,IDX$$_BF1A0001,SYSTEM,CNT_DETASIENTO,1,CTAS_CATALOGO,ASC
SYSTEM,IDX$$_BF1A0001,SYSTEM,CNT_DETASIENTO,2,CTAS_CODIGO,ASC
SYSTEM,IDX$$_108070002,SYSTEM,CNT_DETASIENTO,1,ASTO_NUMEDIAR,ASC
SYSTEM,DTIP_PK,SYSTEM,CNT_DETIPIMP,1,DTIP_ID,ASC
SYSTEM,DTIP_TPIM_FK_I,SYSTEM,CNT_DETIPIMP,1,TPIM_TIPOIMPU,ASC
SYSTEM,DCHE_CHQE_FK_I,SYSTEM,COB_DETACHEQ,1,CHQE_CHQE_ID,ASC
SYSTEM,DCHE_EGEN_FK_I,SYSTEM,COB_DETACHEQ,1,EGEN_ESTADO,ASC
SYSTEM,DCHE_PK,SYSTEM,COB_DETACHEQ,1,DCHE_ID,ASC
SYSTEM,DCHE_PLCB_FK_I,SYSTEM,COB_DETACHEQ,1,PLCB_PLCB_ID,ASC
SYSTEM,DTCB_ASTO_FK_I,SYSTEM,COB_DETACOBRO,1,ASTO_COMPANIA,ASC
SYSTEM,DTCB_ASTO_FK_I,SYSTEM,COB_DETACOBRO,2,ASTO_NUMEDIAR,ASC
SYSTEM,DTCB_EGEN_FK_I,SYSTEM,COB_DETACOBRO,1,EGEN_ESTADO,ASC
SYSTEM,DTCB_NCCL_FK_I,SYSTEM,COB_DETACOBRO,1,NCCL_COMPANIA,ASC
SYSTEM,DTCB_NCCL_FK_I,SYSTEM,COB_DETACOBRO,2,NCCL_OFICINA,ASC
SYSTEM,DTCB_NCCL_FK_I,SYSTEM,COB_DETACOBRO,3,NCCL_SERIE,ASC
SYSTEM,DTCB_NCCL_FK_I,SYSTEM,COB_DETACOBRO,4,NCCL_NUMERO,ASC
SYSTEM,DTCB_PK,SYSTEM,COB_DETACOBRO,1,DTCB_ID,ASC
SYSTEM,DTCB_PLCB_FK_I,SYSTEM,COB_DETACOBRO,1,PLCB_PLCB_ID,ASC
SYSTEM,DTCB_PTBN_FK_I,SYSTEM,COB_DETACOBRO,1,PTBN_NUMEOPER,ASC
SYSTEM,DTCB_RCCB_FK_I,SYSTEM,COB_DETACOBRO,1,RCCB_NUMERO,ASC
SYSTEM,DTCB_VNDR_FK_I,SYSTEM,COB_DETACOBRO,1,VNDR_COMPANIA,ASC
SYSTEM,DTCB_VNDR_FK_I,SYSTEM,COB_DETACOBRO,2,VNDR_OFICINA,ASC
SYSTEM,DTCB_VNDR_FK_I,SYSTEM,COB_DETACOBRO,3,VNDR_CODIGO,ASC
SYSTEM,DDEB_ARTL_FK_I,SYSTEM,COB_DETADEBI,1,ARTL_COMPANIA,ASC
SYSTEM,DDEB_ARTL_FK_I,SYSTEM,COB_DETADEBI,2,ARTL_CLASE,ASC
SYSTEM,DDEB_ARTL_FK_I,SYSTEM,COB_DETADEBI,3,ARTL_CODIGRUP,ASC
SYSTEM,DDEB_ARTL_FK_I,SYSTEM,COB_DETADEBI,4,ARTL_ARTICULO,ASC
SYSTEM,DDEB_OTRC_FK_I,SYSTEM,COB_DETADEBI,1,OTRC_OTRC_ID,ASC
SYSTEM,DDEB_PK,SYSTEM,COB_DETADEBI,1,DDEB_ID,ASC
SYSTEM,CMDT_CMPR_FK_I,SYSTEM,COM_DETACOMP,1,CMPR_COMPANIA,ASC
SYSTEM,CMDT_CMPR_FK_I,SYSTEM,COM_DETACOMP,2,CMPR_CEDURUC,ASC
SYSTEM,CMDT_CMPR_FK_I,SYSTEM,COM_DETACOMP,3,CMPR_SERIE,ASC
SYSTEM,CMDT_CMPR_FK_I,SYSTEM,COM_DETACOMP,4,CMPR_NUMERO,ASC
SYSTEM,CMDT_CMPR_FK_I,SYSTEM,COM_DETACOMP,5,CMPR_ALCANCE,ASC
SYSTEM,CMDT_DTIP_FK_I,SYSTEM,COM_DETACOMP,1,DTIP_DTIP_ID,ASC
SYSTEM,CMDT_PK,SYSTEM,COM_DETACOMP,1,CMDT_ID,ASC
SYSTEM,DSOL_DTMV_FK_I,SYSTEM,COM_DETASOLI,1,DTMV_DTMV_ID,ASC
SYSTEM,DSOL_PK,SYSTEM,COM_DETASOLI,1,DSOL_ID,ASC
SYSTEM,DSOL_SCOM_FK_I,SYSTEM,COM_DETASOLI,1,SCOM_SCOM_ID,ASC
SYSTEM,DTOC_ARTL_FK_I,SYSTEM,COM_DETORDCP,1,ARTL_COMPANIA,ASC
SYSTEM,DTOC_ARTL_FK_I,SYSTEM,COM_DETORDCP,2,ARTL_CLASE,ASC
SYSTEM,DTOC_ARTL_FK_I,SYSTEM,COM_DETORDCP,3,ARTL_CODIGRUP,ASC
SYSTEM,DTOC_ARTL_FK_I,SYSTEM,COM_DETORDCP,4,ARTL_ARTICULO,ASC
SYSTEM,DTOC_PK,SYSTEM,COM_DETORDCP,1,DTOC_ID,ASC
SYSTEM,IDX$$_10B090001,SYSTEM,COM_PLANPAGO,1,CMPR_NUMERO,ASC
SYSTEM,IDX$$_10B090001,SYSTEM,COM_PLANPAGO,2,CMPR_CEDURUC,ASC
SYSTEM,IDX$$_10B090003,SYSTEM,COM_PLANPAGO,1,CMPR_NUMERO,ASC
SYSTEM,IDX$$_10B090003,SYSTEM,COM_PLANPAGO,2,CMPR_CEDURUC,ASC
SYSTEM,IDX$$_10B090003,SYSTEM,COM_PLANPAGO,3,CMPR_SERIE,ASC
SYSTEM,IDX$$_10B090003,SYSTEM,COM_PLANPAGO,4,CMPR_ALCANCE,ASC
SYSTEM,PPAG_CMPR_FK_I,SYSTEM,COM_PLANPAGO,1,CMPR_COMPANIA,ASC
SYSTEM,PPAG_CMPR_FK_I,SYSTEM,COM_PLANPAGO,2,CMPR_CEDURUC,ASC
SYSTEM,PPAG_CMPR_FK_I,SYSTEM,COM_PLANPAGO,3,CMPR_SERIE,ASC
SYSTEM,PPAG_CMPR_FK_I,SYSTEM,COM_PLANPAGO,4,CMPR_NUMERO,ASC
SYSTEM,PPAG_CMPR_FK_I,SYSTEM,COM_PLANPAGO,5,CMPR_ALCANCE,ASC
SYSTEM,PPAG_EGEN_FK_I,SYSTEM,COM_PLANPAGO,1,EGEN_ESTADO,ASC
SYSTEM,PPAG_OTRS_FK_I,SYSTEM,COM_PLANPAGO,1,OTRS_OTRS_ID,ASC
SYSTEM,PPAG_PK,SYSTEM,COM_PLANPAGO,1,PPAG_ID,ASC
SYSTEM,CXML_EGEN_FK_I,SYSTEM,COM_TMPCOMPRAS,1,EGEN_ESTADO,ASC
SYSTEM,CXML_FRPG_FK_I,SYSTEM,COM_TMPCOMPRAS,1,FRPG_FORMPAGO,ASC
SYSTEM,CXML_INCN_FK_I,SYSTEM,COM_TMPCOMPRAS,1,INCN_COMPANIA,ASC
SYSTEM,CXML_INCN_FK_I,SYSTEM,COM_TMPCOMPRAS,2,INCN_PRODUCTO,ASC
SYSTEM,CXML_INCN_FK_I,SYSTEM,COM_TMPCOMPRAS,3,INCN_TIPODOCU,ASC
SYSTEM,CXML_INCN_FK_I,SYSTEM,COM_TMPCOMPRAS,4,INCN_CODITRAN,ASC
SYSTEM,CXML_MONE_FK_I,SYSTEM,COM_TMPCOMPRAS,1,MONE_MONEDA,ASC
SYSTEM,CXML_PAIS_FK_I,SYSTEM,COM_TMPCOMPRAS,1,PAIS_CODIPAIS,ASC
SYSTEM,CXML_PK,SYSTEM,COM_TMPCOMPRAS,1,SERIE,ASC
SYSTEM,CXML_PK,SYSTEM,COM_TMPCOMPRAS,2,NUMERO,ASC
SYSTEM,CXML_PK,SYSTEM,COM_TMPCOMPRAS,3,PROV_CEDURUC,ASC
SYSTEM,CXML_PK,SYSTEM,COM_TMPCOMPRAS,4,ALCANCE,ASC
SYSTEM,CXML_PK,SYSTEM,COM_TMPCOMPRAS,5,PROV_COMPANIA,ASC
SYSTEM,CXML_PRPG_DEFINIENDO_FK_I,SYSTEM,COM_TMPCOMPRAS,1,PRPG_CODIPERI,ASC
SYSTEM,CXML_SCTR_FK_I,SYSTEM,COM_TMPCOMPRAS,1,SCTR_SECUTRAN,ASC
SYSTEM,CXML_STCM_FK_I,SYSTEM,COM_TMPCOMPRAS,1,STCM_SUSTENTO,ASC
SYSTEM,CXML_TPPG_FK_I,SYSTEM,COM_TMPCOMPRAS,1,TPPG_CODIGO,ASC
SYSTEM,DTRC_ARTL_FK_I,SYSTEM,CST_DETARECT,1,ARTL_COMPANIA,ASC
SYSTEM,DTRC_ARTL_FK_I,SYSTEM,CST_DETARECT,2,ARTL_CLASE,ASC
SYSTEM,DTRC_ARTL_FK_I,SYSTEM,CST_DETARECT,3,ARTL_CODIGRUP,ASC
SYSTEM,DTRC_ARTL_FK_I,SYSTEM,CST_DETARECT,4,ARTL_ARTICULO,ASC
SYSTEM,DTRC_PK,SYSTEM,CST_DETARECT,1,ARTL_CODIGRUP,ASC
SYSTEM,DTRC_PK,SYSTEM,CST_DETARECT,2,ARTL_COMPANIA,ASC
SYSTEM,DTRC_PK,SYSTEM,CST_DETARECT,3,ARTL_CLASE,ASC
SYSTEM,DTRC_PK,SYSTEM,CST_DETARECT,4,ARTL_ARTICULO,ASC
SYSTEM,DTRC_PK,SYSTEM,CST_DETARECT,5,RCTA_ID,ASC
SYSTEM,DTRC_RCTA_FK_I,SYSTEM,CST_DETARECT,1,RCTA_ID,ASC
SYSTEM,DTCC_LTPR_FK_I,SYSTEM,CST_DETCENCS,1,LTPR_CODIGO,ASC
SYSTEM,DTCC_PK,SYSTEM,CST_DETCENCS,1,DTCC_ID,ASC
SYSTEM,OPRD_ARTL_FK_I,SYSTEM,CST_ORDEPROD,1,ARTL_COMPANIA,ASC
SYSTEM,OPRD_ARTL_FK_I,SYSTEM,CST_ORDEPROD,2,ARTL_CLASE,ASC
SYSTEM,OPRD_ARTL_FK_I,SYSTEM,CST_ORDEPROD,3,ARTL_CODIGRUP,ASC
SYSTEM,OPRD_ARTL_FK_I,SYSTEM,CST_ORDEPROD,4,ARTL_ARTICULO,ASC
SYSTEM,OPRD_ASTO_FK_I,SYSTEM,CST_ORDEPROD,1,ASTO_COMPANIA,ASC
SYSTEM,OPRD_ASTO_FK_I,SYSTEM,CST_ORDEPROD,2,ASTO_NUMEDIAR,ASC
SYSTEM,OPRD_CLTE_FK_I,SYSTEM,CST_ORDEPROD,1,CLTE_COMPANIA,ASC
SYSTEM,OPRD_CLTE_FK_I,SYSTEM,CST_ORDEPROD,2,CLTE_IDCLIENTE,ASC
SYSTEM,OPRD_EGEN_FK_I,SYSTEM,CST_ORDEPROD,1,EGEN_ESTADO,ASC
SYSTEM,OPRD_LTPR_FK_I,SYSTEM,CST_ORDEPROD,1,LTPR_CODIGO,ASC
SYSTEM,OPRD_OFCN_FK_I,SYSTEM,CST_ORDEPROD,1,OFCN_COMPANIA,ASC
SYSTEM,OPRD_OFCN_FK_I,SYSTEM,CST_ORDEPROD,2,OFCN_OFICINA,ASC
SYSTEM,OPRD_PK,SYSTEM,CST_ORDEPROD,1,NUMERO,ASC
SYSTEM,OPRD_PK,SYSTEM,CST_ORDEPROD,2,OFCN_COMPANIA,ASC
SYSTEM,OPRD_PK,SYSTEM,CST_ORDEPROD,3,OFCN_OFICINA,ASC
SYSTEM,OPRD_RCTA_FK_I,SYSTEM,CST_ORDEPROD,1,RCTA_ID,ASC
SYSTEM,PROD_PK,SYSTEM,CST_PRODUCCN,1,NUMERO,ASC
SYSTEM,PROD_PK,SYSTEM,CST_PRODUCCN,2,DTCC_DTCC_ID,ASC
SYSTEM,DSIM_PK,SYSTEM,CST_SIMUDETA,1,DSIM_ID,ASC
SYSTEM,DSIM_SIMU_FK_I,SYSTEM,CST_SIMUDETA,1,SIMU_SIMU_ID,ASC
SYSTEM,VARP_PK,SYSTEM,CST_VARIPROD,1,VARP_ID,ASC
SYSTEM,VARP_1_VARP_1_FK_I,SYSTEM,CST_VARIPROD,1,VARP_VARP_ID,ASC
SYSTEM,DWVN_PK,SYSTEM,DWH_VENTAS,1,DWVN_ID,ASC
SYSTEM,DTFR_DTFR_FK_I,SYSTEM,ECL_DETAFORMU,1,DTFR_CODICAMP,ASC
SYSTEM,DTFR_DTFR_FK_I,SYSTEM,ECL_DETAFORMU,2,DTFR_CODIGO,ASC
SYSTEM,DTFR_FRML_FK_I,SYSTEM,ECL_DETAFORMU,1,FRML_CODIGO,ASC
SYSTEM,DTFR_PK,SYSTEM,ECL_DETAFORMU,1,CODICAMP,ASC
SYSTEM,DTFR_PK,SYSTEM,ECL_DETAFORMU,2,FRML_CODIGO,ASC
SYSTEM,DTDC_DCRN_FK_I,SYSTEM,ECT_DETADECLA,1,DCRN_DCRN_ID,ASC
SYSTEM,DTDC_DTFR_FK_I,SYSTEM,ECT_DETADECLA,1,DTFR_CODICAMP,ASC
SYSTEM,DTDC_DTFR_FK_I,SYSTEM,ECT_DETADECLA,2,DTFR_CODIGO,ASC
SYSTEM,DTDC_PK,SYSTEM,ECT_DETADECLA,1,DTDC_ID,ASC
SYSTEM,FRPG_PK,SYSTEM,GEN_FORMPAGO,1,FORMPAGO,ASC
SYSTEM,PRPG_PK,SYSTEM,GEN_PERIPAGO,1,CODIPERI,ASC
SYSTEM,PRDT_PK,SYSTEM,GEN_PRODUCTOS,1,PRODUCTO,ASC
SYSTEM,TPPG_PK,SYSTEM,GEN_TIPOPAGO,1,CODIGO,ASC
SYSTEM,DTNP_ARTL_FK_I,SYSTEM,IMP_DENOTAPEDI,1,ARTL_COMPANIA,ASC
SYSTEM,DTNP_ARTL_FK_I,SYSTEM,IMP_DENOTAPEDI,2,ARTL_CLASE,ASC
SYSTEM,DTNP_ARTL_FK_I,SYSTEM,IMP_DENOTAPEDI,3,ARTL_CODIGRUP,ASC
SYSTEM,DTNP_ARTL_FK_I,SYSTEM,IMP_DENOTAPEDI,4,ARTL_ARTICULO,ASC
SYSTEM,DTNP_NTPD_FK_I,SYSTEM,IMP_DENOTAPEDI,1,NTPD_COMPANIA,ASC
SYSTEM,DTNP_NTPD_FK_I,SYSTEM,IMP_DENOTAPEDI,2,NTPD_OFICINA,ASC
SYSTEM,DTNP_NTPD_FK_I,SYSTEM,IMP_DENOTAPEDI,3,NTPD_NUMERO,ASC
SYSTEM,DTNP_PK,SYSTEM,IMP_DENOTAPEDI,1,DTNP_ID,ASC
SYSTEM,NTPD_ASGR_FK_I,SYSTEM,IMP_NOTAPEDI,1,ASGR_ASGR_ID,ASC
SYSTEM,NTPD_CBAN_FK_I,SYSTEM,IMP_NOTAPEDI,1,CBAN_CODIGO,ASC
SYSTEM,NTPD_CBAN_FK_I,SYSTEM,IMP_NOTAPEDI,2,CBAN_CATALOGO,ASC
SYSTEM,NTPD_CBAN_FK_I,SYSTEM,IMP_NOTAPEDI,3,CBAN_COMPANIA,ASC
SYSTEM,NTPD_EGEN_FK_I,SYSTEM,IMP_NOTAPEDI,1,EGEN_ESTADO,ASC
SYSTEM,NTPD_IMPT_FK_I,SYSTEM,IMP_NOTAPEDI,1,IMPT_NUMEIMPO,ASC
SYSTEM,NTPD_IMPT_FK_I,SYSTEM,IMP_NOTAPEDI,2,IMPT_OFICINA,ASC
SYSTEM,NTPD_IMPT_FK_I,SYSTEM,IMP_NOTAPEDI,3,IMPT_COMPANIA,ASC
SYSTEM,NTPD_MONE_FK_I,SYSTEM,IMP_NOTAPEDI,1,MONE_MONEDA,ASC
SYSTEM,NTPD_OFCN_FK_I,SYSTEM,IMP_NOTAPEDI,1,OFCN_COMPANIA,ASC
SYSTEM,NTPD_OFCN_FK_I,SYSTEM,IMP_NOTAPEDI,2,OFCN_OFICINA,ASC
SYSTEM,NTPD_PK,SYSTEM,IMP_NOTAPEDI,1,OFCN_COMPANIA,ASC
SYSTEM,NTPD_PK,SYSTEM,IMP_NOTAPEDI,2,OFCN_OFICINA,ASC
SYSTEM,NTPD_PK,SYSTEM,IMP_NOTAPEDI,3,NUMERO,ASC
SYSTEM,NTPD_PROV_FK_I,SYSTEM,IMP_NOTAPEDI,1,PROV_COMPANIA,ASC
SYSTEM,NTPD_PROV_FK_I,SYSTEM,IMP_NOTAPEDI,2,PROV_CEDURUC,ASC
SYSTEM,NTPD_REQU_FK,SYSTEM,IMP_NOTAPEDI,1,REQU_NUMERO,ASC
SYSTEM,NTPD_REQU_FK,SYSTEM,IMP_NOTAPEDI,2,REQU_COMPANIA,ASC
SYSTEM,NTPD_REQU_FK,SYSTEM,IMP_NOTAPEDI,3,REQU_OFICINA,ASC
SYSTEM,NTPD_UMED_FK_I,SYSTEM,IMP_NOTAPEDI,1,UMED_UNIDMEDI,ASC
SYSTEM,INDE_AFIJ_FK_I,SYSTEM,INF_DETAEQUI,1,AFIJ_CLASE,ASC
SYSTEM,INDE_AFIJ_FK_I,SYSTEM,INF_DETAEQUI,2,AFIJ_COMPANIA,ASC
SYSTEM,INDE_AFIJ_FK_I,SYSTEM,INF_DETAEQUI,3,AFIJ_CODIGO,ASC
SYSTEM,INDE_EGEN_FK_I,SYSTEM,INF_DETAEQUI,1,EGEN_ESTADO,ASC
SYSTEM,INDE_INDN_FK_I,SYSTEM,INF_DETAEQUI,1,INDN_INDN_ID,ASC
SYSTEM,INDE_PK,SYSTEM,INF_DETAEQUI,1,INDE_ID,ASC
SYSTEM,DPAG_ASTO_FK_I,SYSTEM,PAG_DETAPAGO,1,ASTO_COMPANIA,ASC
SYSTEM,DPAG_ASTO_FK_I,SYSTEM,PAG_DETAPAGO,2,ASTO_NUMEDIAR,ASC
SYSTEM,DPAG_EGEN_FK_I,SYSTEM,PAG_DETAPAGO,1,EGEN_ESTADO,ASC
SYSTEM,DPAG_NCPR_FK_I,SYSTEM,PAG_DETAPAGO,1,NCPR_COMPANIA,ASC
SYSTEM,DPAG_NCPR_FK_I,SYSTEM,PAG_DETAPAGO,2,NCPR_CEDURUC,ASC
SYSTEM,DPAG_NCPR_FK_I,SYSTEM,PAG_DETAPAGO,3,NCPR_SERIE,ASC
SYSTEM,DPAG_NCPR_FK_I,SYSTEM,PAG_DETAPAGO,4,NCPR_NUMERO,ASC
SYSTEM,DPAG_NCPR_FK_I,SYSTEM,PAG_DETAPAGO,5,NCPR_ALCANCE,ASC
SYSTEM,DPAG_PK,SYSTEM,PAG_DETAPAGO,1,DPAG_ID,ASC
SYSTEM,DPAG_PPAG_FK_I,SYSTEM,PAG_DETAPAGO,1,PPAG_PPAG_ID,ASC
SYSTEM,PDAS_GPCM_FK_I,SYSTEM,PRT_DETASIENTO,1,GPCM_CODIGRUP,ASC
SYSTEM,PDAS_PCTS_FK_I,SYSTEM,PRT_DETASIENTO,1,PCTS_CODIGO,ASC
SYSTEM,PDAS_PK,SYSTEM,PRT_DETASIENTO,1,PDAS_ID,ASC
SYSTEM,PDAS_PTBN_FK_I,SYSTEM,PRT_DETASIENTO,1,PTBN_NUMEOPER,ASC
SYSTEM,PDSL_CLTE_FK_I,SYSTEM,PRT_DETASOLI,1,CLTE_COMPANIA,ASC
SYSTEM,PDSL_CLTE_FK_I,SYSTEM,PRT_DETASOLI,2,CLTE_IDCLIENTE,ASC
SYSTEM,PDSL_ESOL_FK_I,SYSTEM,PRT_DETASOLI,1,ESOL_ESTADO,ASC
SYSTEM,PDSL_PCRG_FK_I,SYSTEM,PRT_DETASOLI,1,PCRG_TIPO,ASC
SYSTEM,PDSL_PK,SYSTEM,PRT_DETASOLI,1,PDSL_ID,ASC
SYSTEM,PDSL_PRTC_FK_I,SYSTEM,PRT_DETASOLI,1,PRTC_TIPOCRED,ASC
SYSTEM,PDSL_PSLG_FK_I,SYSTEM,PRT_DETASOLI,1,PSLG_NUMERO,ASC
SYSTEM,PDSL_TPDC_FK_I,SYSTEM,PRT_DETASOLI,1,TPDC_TIPODOCU,ASC
SYSTEM,DCSL_PCTS_FK_I,SYSTEM,PRT_DETIPCAU,1,PCTS_CODIGO,ASC
SYSTEM,DCSL_PK,SYSTEM,PRT_DETIPCAU,1,DCSL_ID,ASC
SYSTEM,DCSL_TCSL_FK_I,SYSTEM,PRT_DETIPCAU,1,TCSL_TIPCASUA,ASC
SYSTEM,DCSL_TPDC_FK_I,SYSTEM,PRT_DETIPCAU,1,TPDC_TIPODOCU,ASC
SYSTEM,SDET_CCPT_FK_I,SYSTEM,PRT_SIMUDETA,1,CCPT_TIPOCAPI,ASC
SYSTEM,SDET_EGEN_FK_I,SYSTEM,PRT_SIMUDETA,1,EGEN_ESTADO,ASC
SYSTEM,SDET_FRPG_FK_I,SYSTEM,PRT_SIMUDETA,1,FRPG_FORMPAGO,ASC
SYSTEM,SDET_PK,SYSTEM,PRT_SIMUDETA,1,SDET_ID,ASC
SYSTEM,SDET_SMCR_FK_I,SYSTEM,PRT_SIMUDETA,1,SMCR_SMCR_ID,ASC
SYSTEM,DPRS_ARTL_FK_I,SYSTEM,RHH_DETAPRES,1,ARTL_COMPANIA,ASC
SYSTEM,DPRS_ARTL_FK_I,SYSTEM,RHH_DETAPRES,2,ARTL_CLASE,ASC
SYSTEM,DPRS_ARTL_FK_I,SYSTEM,RHH_DETAPRES,3,ARTL_CODIGRUP,ASC
SYSTEM,DPRS_ARTL_FK_I,SYSTEM,RHH_DETAPRES,4,ARTL_ARTICULO,ASC
SYSTEM,DPRS_PK,SYSTEM,RHH_DETAPRES,1,DPRS_ID,ASC
SYSTEM,DPRS_PRS_FK_I,SYSTEM,RHH_DETAPRES,1,PRS_NUMERO,ASC
SYSTEM,DPRS_PRS_FK_I,SYSTEM,RHH_DETAPRES,2,PRS_COMPANIA,ASC
SYSTEM,DPRS_PRS_FK_I,SYSTEM,RHH_DETAPRES,3,PRS_OFICINA,ASC
SYSTEM,DPRS_RHHS_FK_I,SYSTEM,RHH_DETAPRES,1,RHHS_CEDURUC,ASC
SYSTEM,DPRS_TCSI_FK_I,SYSTEM,RHH_DETAPRES,1,TCSI_COMPANIA,ASC
SYSTEM,DPRS_TCSI_FK_I,SYSTEM,RHH_DETAPRES,2,TCSI_TIPOCOST,ASC
SYSTEM,CUOTAS_ASTO_FK_I,SYSTEM,RHH_DETAVENC,1,ASTO_CMPN_COMPANIA,ASC
SYSTEM,CUOTAS_ASTO_FK_I,SYSTEM,RHH_DETAVENC,2,ASTO_NUMEDIAR,ASC
SYSTEM,CUOTAS_EGEN_FK_I,SYSTEM,RHH_DETAVENC,1,EGEN_ESTADO,ASC
SYSTEM,CUOTAS_PK,SYSTEM,RHH_DETAVENC,1,CUOTAS_ID,ASC
SYSTEM,CUOTAS_VNCT_FK_I,SYSTEM,RHH_DETAVENC,1,VNCT_ID,ASC
SYSTEM,PGVC_ASTO_FK_I,SYSTEM,RHH_PAGOVACA,1,ASTO_COMPANIA,ASC
SYSTEM,PGVC_ASTO_FK_I,SYSTEM,RHH_PAGOVACA,2,ASTO_NUMEDIAR,ASC
SYSTEM,PGVC_EGEN_FK_I,SYSTEM,RHH_PAGOVACA,1,EGEN_ESTADO,ASC
SYSTEM,PGVC_PK,SYSTEM,RHH_PAGOVACA,1,PGVC_ID,ASC
SYSTEM,PGVC_PRVN_FK_I,SYSTEM,RHH_PAGOVACA,1,PRVN_FECHA,ASC
SYSTEM,PGVC_PRVN_FK_I,SYSTEM,RHH_PAGOVACA,2,PRVN_CODIPROV,ASC
SYSTEM,PGVC_PRVN_FK_I,SYSTEM,RHH_PAGOVACA,3,PRVN_CEDURUC,ASC
SYSTEM,PRAC_PK2,SYSTEM,RHH_PRODUCTOS,1,CODIGO,ASC
SYSTEM,SPRO_PK,SYSTEM,SEG_PRODUCTO,1,PRODUCTO,ASC
SYSTEM,PDUS_PK,SYSTEM,SEG_PRODUSUA,1,PRDT_PRODUCTO,ASC
SYSTEM,PDUS_PK,SYSTEM,SEG_PRODUSUA,2,USUA_IDUSUAR,ASC
SYSTEM,PDUS_PRDT_FK_I,SYSTEM,SEG_PRODUSUA,1,PRDT_PRODUCTO,ASC
SYSTEM,PDUS_USUA_FK_I,SYSTEM,SEG_PRODUSUA,1,USUA_IDUSUAR,ASC
SYSTEM,ERDO_LGFA_FK_I,SYSTEM,SRI_DETALOGF,1,LGFA_LGFA_ID,ASC
SYSTEM,ERDO_PK,SYSTEM,SRI_DETALOGF,1,ERDO_ID,ASC
SYSTEM,ERDO_TPER_FK_I,SYSTEM,SRI_DETALOGF,1,TPER_CODIERRO,ASC
SYSTEM,LGFA_PK,SYSTEM,SRI_LOGFACTU,1,LGFA_ID,ASC
SYSTEM,INDT_PK,SYSTEM,SRV_INDETEOB,1,ABRTECOB,ASC
SYSTEM,SPVD_ARTL_FK_I,SYSTEM,SRV_SEPRVDET,1,ARTL_COMPANIA,ASC
SYSTEM,SPVD_ARTL_FK_I,SYSTEM,SRV_SEPRVDET,2,ARTL_CLASE,ASC
SYSTEM,SPVD_ARTL_FK_I,SYSTEM,SRV_SEPRVDET,3,ARTL_CODIGRUP,ASC
SYSTEM,SPVD_ARTL_FK_I,SYSTEM,SRV_SEPRVDET,4,ARTL_ARTICULO,ASC
SYSTEM,SPVD_PK,SYSTEM,SRV_SEPRVDET,1,SPVD_ID,ASC
SYSTEM,SPVD_SPVC_FK_I,SYSTEM,SRV_SEPRVDET,1,SPVC_SPVC_ID,ASC
SYSTEM,SPVD_STCR_FK_I,SYSTEM,SRV_SEPRVDET,1,STCR_STCR_ID,ASC
SYSTEM,SPVD_UMED_FK_I,SYSTEM,SRV_SEPRVDET,1,UMED_UNIDMEDI,ASC
SYSTEM,DTOR_PK,SYSTEM,TLL_DETAORDEN,1,DTOR_ID,ASC
SYSTEM,DTRQ_ARTL_FK_I,SYSTEM,TLL_DETAREQUI,1,ARTL_COMPANIA,ASC
SYSTEM,DTRQ_ARTL_FK_I,SYSTEM,TLL_DETAREQUI,2,ARTL_CLASE,ASC
SYSTEM,DTRQ_ARTL_FK_I,SYSTEM,TLL_DETAREQUI,3,ARTL_CODIGRUP,ASC
SYSTEM,DTRQ_ARTL_FK_I,SYSTEM,TLL_DETAREQUI,4,ARTL_ARTICULO,ASC
SYSTEM,DTRQ_PK,SYSTEM,TLL_DETAREQUI,1,DTRQ_ID,ASC
SYSTEM,ONRC_EGEN_FK_I,SYSTEM,TLL_ORDENTRC,1,EGEN_ESTADO,ASC
SYSTEM,ONRC_PK,SYSTEM,TLL_ORDENTRC,1,NUMERO,ASC
SYSTEM,ONRC_PK,SYSTEM,TLL_ORDENTRC,2,ORTB_COMPANIA,ASC
SYSTEM,ONRC_PK,SYSTEM,TLL_ORDENTRC,3,ORTB_OFICINA,ASC
SYSTEM,ONRC_PK,SYSTEM,TLL_ORDENTRC,4,ORTB_ORDEN,ASC
SYSTEM,ORTB_CDT_FK_I,SYSTEM,TLL_ORDETRAB,1,CDT_CDT_ID,ASC
SYSTEM,ORTB_EGEN_FK_I,SYSTEM,TLL_ORDETRAB,1,EGEN_ESTADO,ASC
SYSTEM,ORTB_OFCN_FK_I,SYSTEM,TLL_ORDETRAB,1,OFCN_COMPANIA,ASC
SYSTEM,ORTB_OFCN_FK_I,SYSTEM,TLL_ORDETRAB,2,OFCN_OFICINA,ASC
SYSTEM,ORTB_PK,SYSTEM,TLL_ORDETRAB,1,ORDEN,ASC
SYSTEM,ORTB_PK,SYSTEM,TLL_ORDETRAB,2,OFCN_COMPANIA,ASC
SYSTEM,ORTB_PK,SYSTEM,TLL_ORDETRAB,3,OFCN_OFICINA,ASC
SYSTEM,ORTB_RHHS_FK_I,SYSTEM,TLL_ORDETRAB,1,RHHS_CEDURUC,ASC
SYSTEM,TMDR_PK,SYSTEM,TMP_DETAREQU,1,TMDR_ID,ASC
SYSTEM,DTFC_PK,SYSTEM,VEN_DETAFACT,1,DTFC_ID,ASC
SYSTEM,DTFL_CANT_FK_I,SYSTEM,VEN_DETAFLET,1,CANT_CODICANT,ASC
SYSTEM,DTFL_CANT_FK_I,SYSTEM,VEN_DETAFLET,2,CANT_CODIPROV,ASC
SYSTEM,DTFL_PK,SYSTEM,VEN_DETAFLET,1,DTFL_ID,ASC
SYSTEM,DTFL_SRFL_FK_I,SYSTEM,VEN_DETAFLET,1,SRFL_COMPANIA,ASC
SYSTEM,DTFL_SRFL_FK_I,SYSTEM,VEN_DETAFLET,2,SRFL_OFICINA,ASC
SYSTEM,DTFL_SRFL_FK_I,SYSTEM,VEN_DETAFLET,3,SRFL_CODIFLET,ASC
SYSTEM,DPR_ARTL_FK_I,SYSTEM,VEN_DETAPROD,1,ARTL_COMPANIA,ASC
SYSTEM,DPR_ARTL_FK_I,SYSTEM,VEN_DETAPROD,2,ARTL_CLASE,ASC
SYSTEM,DPR_ARTL_FK_I,SYSTEM,VEN_DETAPROD,3,ARTL_CODIGRUP,ASC
SYSTEM,DPR_ARTL_FK_I,SYSTEM,VEN_DETAPROD,4,ARTL_ARTICULO,ASC
SYSTEM,DPR_DPR_FK_I,SYSTEM,VEN_DETAPROD,1,DPR_DPR_ID,ASC
SYSTEM,DPR_NCCL_FK_I,SYSTEM,VEN_DETAPROD,1,NCCL_SERIE,ASC
SYSTEM,DPR_NCCL_FK_I,SYSTEM,VEN_DETAPROD,2,NCCL_NUMERO,ASC
SYSTEM,DPR_NCCL_FK_I,SYSTEM,VEN_DETAPROD,3,NCCL_OFICINA,ASC
SYSTEM,DPR_NCCL_FK_I,SYSTEM,VEN_DETAPROD,4,NCCL_COMPANIA,ASC
SYSTEM,DPR_PK,SYSTEM,VEN_DETAPROD,1,DPR_ID,ASC
SYSTEM,DPR_VNTA_FK_I,SYSTEM,VEN_DETAPROD,1,VNTA_COMPANIA,ASC
SYSTEM,DPR_VNTA_FK_I,SYSTEM,VEN_DETAPROD,2,VNTA_OFICINA,ASC
SYSTEM,DPR_VNTA_FK_I,SYSTEM,VEN_DETAPROD,3,VNTA_SERIE,ASC
SYSTEM,DPR_VNTA_FK_I,SYSTEM,VEN_DETAPROD,4,VNTA_NUMERO,ASC
SYSTEM,DPR_VNTA_FK_I,SYSTEM,VEN_DETAPROD,5,VNTA_TIPOCOMP,ASC
SYSTEM,DPRF_ARTL_FK_I,SYSTEM,VEN_DETAPROF,1,ARTL_COMPANIA,ASC
SYSTEM,DPRF_ARTL_FK_I,SYSTEM,VEN_DETAPROF,2,ARTL_CLASE,ASC
SYSTEM,DPRF_ARTL_FK_I,SYSTEM,VEN_DETAPROF,3,ARTL_CODIGRUP,ASC
SYSTEM,DPRF_ARTL_FK_I,SYSTEM,VEN_DETAPROF,4,ARTL_ARTICULO,ASC
SYSTEM,DPRF_DPRF_FK_I,SYSTEM,VEN_DETAPROF,1,DPRF_DPRF_ID,ASC
SYSTEM,DPRF_PK,SYSTEM,VEN_DETAPROF,1,DPRF_ID,ASC
SYSTEM,DPRF_PRFM_FK_I,SYSTEM,VEN_DETAPROF,1,PRFM_PRFM_ID,ASC
SYSTEM,DPRF_RCTA_FK_I,SYSTEM,VEN_DETAPROF,1,RCTA_RCTA_ID,ASC
SYSTEM,DPRF_SECC_FK_I,SYSTEM,VEN_DETAPROF,1,SECC_CODISECC,ASC
SYSTEM,DPRF_SECC_FK_I,SYSTEM,VEN_DETAPROF,2,SECC_CODIBODE,ASC
SYSTEM,DPRF_SECC_FK_I,SYSTEM,VEN_DETAPROF,3,SECC_COMPANIA,ASC
SYSTEM,DPRF_SECC_FK_I,SYSTEM,VEN_DETAPROF,4,SECC_OFICINA,ASC
SYSTEM,DPRF_UMED_FK_I,SYSTEM,VEN_DETAPROF,1,UMED_UNIDMEDI,ASC
SYSTEM,DPRF_UMED_FK2_I,SYSTEM,VEN_DETAPROF,1,UMED_UNIDMEDI_CAJA,ASC
SYSTEM,DTPR_ARTL_FK_I,SYSTEM,VEN_DETARTPR,1,ARTL_COMPANIA,ASC
SYSTEM,DTPR_ARTL_FK_I,SYSTEM,VEN_DETARTPR,2,ARTL_CLASE,ASC
SYSTEM,DTPR_ARTL_FK_I,SYSTEM,VEN_DETARTPR,3,ARTL_CODIGRUP,ASC
SYSTEM,DTPR_ARTL_FK_I,SYSTEM,VEN_DETARTPR,4,ARTL_ARTICULO,ASC
SYSTEM,DTPR_LNEA_FK_I,SYSTEM,VEN_DETARTPR,1,LNEA_CODLINEA,ASC
SYSTEM,DTPR_LNEA_FK_I,SYSTEM,VEN_DETARTPR,2,LNEA_COMPANIA,ASC
SYSTEM,DTPR_PK,SYSTEM,VEN_DETARTPR,1,ARTL_COMPANIA,ASC
SYSTEM,DTPR_PK,SYSTEM,VEN_DETARTPR,2,ARTL_CLASE,ASC
SYSTEM,DTPR_PK,SYSTEM,VEN_DETARTPR,3,ARTL_CODIGRUP,ASC
SYSTEM,DTPR_PK,SYSTEM,VEN_DETARTPR,4,ARTL_ARTICULO,ASC
SYSTEM,DTPR_PK,SYSTEM,VEN_DETARTPR,5,LNEA_CODLINEA,ASC
SYSTEM,DTPR_PK,SYSTEM,VEN_DETARTPR,6,LNEA_COMPANIA,ASC
SYSTEM,DTPR_VEXI_FK_I,SYSTEM,VEN_DETARTPR,1,VEXI_VEXI_ID,ASC
SYSTEM,GRVN_CDT_FK_I,SYSTEM,VEN_GRPOVENT,1,CDT_CDT_ID,ASC
SYSTEM,GRVN_PK,SYSTEM,VEN_GRPOVENT,1,GRVN_ID,ASC
SYSTEM,GRVN_PRFM_FK_I,SYSTEM,VEN_GRPOVENT,1,PRFM_PRFM_ID,ASC
SYSTEM,GRVN_VHCL_FK_I,SYSTEM,VEN_GRPOVENT,1,VHCL_VHCL_ID,ASC
SYSTEM,PLPP_PK,SYSTEM,VEN_PLANPAGO,1,PLPP_ID,ASC
SYSTEM,PLPP_PRFM_FK_I,SYSTEM,VEN_PLANPAGO,1,PRFM_PRFM_ID,ASC
SYSTEM,TRDT_PK,SYSTEM,VEN_TMPRETDETA,1,TRDT_ID,ASC
SYSTEM,TRDT_TMRT_FK_I,SYSTEM,VEN_TMPRETDETA,1,TMRT_CEDURUCCL,ASC
SYSTEM,TRDT_TMRT_FK_I,SYSTEM,VEN_TMPRETDETA,2,TMRT_SERIE,ASC
SYSTEM,TRDT_TMRT_FK_I,SYSTEM,VEN_TMPRETDETA,3,TMRT_NUMERO,ASC
SYSTEM,TRDT_TRET_FK_I,SYSTEM,VEN_TMPRETDETA,1,TRET_TIPORETE,ASC
SYSTEM,IDX$$_AE890001,SYSTEM,VEN_VENTAS,1,OFCN_OFICINA,ASC
SYSTEM,IDX$$_AE890002,SYSTEM,VEN_VENTAS,1,VNDR_CODIGO,ASC
SYSTEM,IDX$$_015F0001,SYSTEM,VEN_VENTAS,1,NUMERO,ASC
SYSTEM,IDX$$_015F0001,SYSTEM,VEN_VENTAS,2,GRPS_IDCLIENTE,ASC
SYSTEM,IDX$$_02630001,SYSTEM,VEN_VENTAS,1,NUMERO,ASC
SYSTEM,IDX$$_02630001,SYSTEM,VEN_VENTAS,2,SERIE,ASC
SYSTEM,VNTA_ASTO_FK_I,SYSTEM,VEN_VENTAS,1,ASTO_COMPANIA,ASC
SYSTEM,VNTA_ASTO_FK_I,SYSTEM,VEN_VENTAS,2,ASTO_NUMEDIAR,ASC
SYSTEM,VNTA_DIDE_FK_I,SYSTEM,VEN_VENTAS,1,DIDE_DIDE_ID,ASC
SYSTEM,VNTA_EGEN_FK_I,SYSTEM,VEN_VENTAS,1,EGEN_ESTADO,ASC
SYSTEM,VNTA_FECHA_I,SYSTEM,VEN_VENTAS,1,SYS_NC00093$,ASC
SYSTEM,VNTA_FRPG_FK_I,SYSTEM,VEN_VENTAS,1,FRPG_FORMPAGO,ASC
SYSTEM,VNTA_GRPS_FK_I,SYSTEM,VEN_VENTAS,1,GRPS_COMPANIA,ASC
SYSTEM,VNTA_GRPS_FK_I,SYSTEM,VEN_VENTAS,2,GRPS_IDCLIENTE,ASC
SYSTEM,VNTA_GRPS_FK_I,SYSTEM,VEN_VENTAS,3,VNDR_COMPANIA,ASC
SYSTEM,VNTA_GRPS_FK_I,SYSTEM,VEN_VENTAS,4,VNDR_OFICINA,ASC
SYSTEM,VNTA_GRPS_FK_I,SYSTEM,VEN_VENTAS,5,VNDR_CODIGO,ASC
SYSTEM,VNTA_GRPS_FK_I,SYSTEM,VEN_VENTAS,6,GRPS_LSPR_ID,ASC
SYSTEM,VNTA_INCN_FK_I,SYSTEM,VEN_VENTAS,1,INCN_COMPANIA,ASC
SYSTEM,VNTA_INCN_FK_I,SYSTEM,VEN_VENTAS,2,INCN_PRODUCTO,ASC
SYSTEM,VNTA_INCN_FK_I,SYSTEM,VEN_VENTAS,3,INCN_TIPODOCU,ASC
SYSTEM,VNTA_INCN_FK_I,SYSTEM,VEN_VENTAS,4,INCN_CODITRAN,ASC
SYSTEM,VNTA_LTPR_FK_I,SYSTEM,VEN_VENTAS,1,LTPR_CODIGO,ASC
SYSTEM,VNTA_MONE_FK_I,SYSTEM,VEN_VENTAS,1,MONE_MONEDA,ASC
SYSTEM,VNTA_OFCN_FK_I,SYSTEM,VEN_VENTAS,1,OFCN_COMPANIA,ASC
SYSTEM,VNTA_OFCN_FK_I,SYSTEM,VEN_VENTAS,2,OFCN_OFICINA,ASC
SYSTEM,VNTA_ORTR_FK_I,SYSTEM,VEN_VENTAS,1,ORTR_ORTR_ID,ASC
SYSTEM,VNTA_PK,SYSTEM,VEN_VENTAS,1,OFCN_COMPANIA,ASC
SYSTEM,VNTA_PK,SYSTEM,VEN_VENTAS,2,OFCN_OFICINA,ASC
SYSTEM,VNTA_PK,SYSTEM,VEN_VENTAS,3,SERIE,ASC
SYSTEM,VNTA_PK,SYSTEM,VEN_VENTAS,4,NUMERO,ASC
SYSTEM,VNTA_PK,SYSTEM,VEN_VENTAS,5,TPCM_TIPOCOMP,ASC
SYSTEM,VNTA_PK_I,SYSTEM,VEN_VENTAS,1,OFCN_COMPANIA,ASC
SYSTEM,VNTA_PK_I,SYSTEM,VEN_VENTAS,2,OFCN_OFICINA,ASC
SYSTEM,VNTA_PK_I,SYSTEM,VEN_VENTAS,3,TPCM_TIPOCOMP,ASC
SYSTEM,VNTA_PK_I,SYSTEM,VEN_VENTAS,4,SERIE,ASC
SYSTEM,VNTA_PK_I,SYSTEM,VEN_VENTAS,5,NUMERO,ASC
SYSTEM,VNTA_PRFM_FK_I,SYSTEM,VEN_VENTAS,1,PRFM_PRFM_ID,ASC
SYSTEM,VNTA_PRPG_FK_I,SYSTEM,VEN_VENTAS,1,PRPG_CODIPERI,ASC
SYSTEM,VNTA_SCTR_FK_I,SYSTEM,VEN_VENTAS,1,SCTR_SECUTRAN,ASC
SYSTEM,VNTA_TPAG_FK_I,SYSTEM,VEN_VENTAS,1,TPAG_CODIGO,ASC
SYSTEM,VNTA_TPCM_FK_I,SYSTEM,VEN_VENTAS,1,TPCM_TIPOCOMP,ASC
SYSTEM,VNTA_UNNE_FK_I,SYSTEM,VEN_VENTAS,1,UNNE_CODIGO,ASC
SYSTEM,VNTA_VNTA_FK_I,SYSTEM,VEN_VENTAS,1,VNTA_COMPANIA,ASC
SYSTEM,VNTA_VNTA_FK_I,SYSTEM,VEN_VENTAS,2,VNTA_OFICINA,ASC
SYSTEM,VNTA_VNTA_FK_I,SYSTEM,VEN_VENTAS,3,VNTA_NUMERO,ASC
SYSTEM,VNTA_VNTA_FK_I,SYSTEM,VEN_VENTAS,4,VNTA_SERIE,ASC
SYSTEM,VNTA_VNTA_FK_I,SYSTEM,VEN_VENTAS,5,VNTA_TIPOCOMP,ASC
SYSTEM,VNPD_ARTL_FK_I,SYSTEM,VEN_VENTPERD,1,ARTL_COMPANIA,ASC
SYSTEM,VNPD_ARTL_FK_I,SYSTEM,VEN_VENTPERD,2,ARTL_CLASE,ASC
SYSTEM,VNPD_ARTL_FK_I,SYSTEM,VEN_VENTPERD,3,ARTL_CODIGRUP,ASC
SYSTEM,VNPD_ARTL_FK_I,SYSTEM,VEN_VENTPERD,4,ARTL_ARTICULO,ASC
SYSTEM,VNPD_PK,SYSTEM,VEN_VENTPERD,1,VNPD_ID,ASC
SYSTEM,VNPD_VNTA_FK_I,SYSTEM,VEN_VENTPERD,1,VNTA_COMPANIA,ASC
SYSTEM,VNPD_VNTA_FK_I,SYSTEM,VEN_VENTPERD,2,VNTA_OFICINA,ASC
SYSTEM,VNPD_VNTA_FK_I,SYSTEM,VEN_VENTPERD,3,VNTA_SERIE,ASC
SYSTEM,VNPD_VNTA_FK_I,SYSTEM,VEN_VENTPERD,4,VNTA_NUMERO,ASC
SYSTEM,VNPD_VNTA_FK_I,SYSTEM,VEN_VENTPERD,5,VNTA_TIPOCOMP,ASC
