OWNER,TABLE_NAME,COLUMN_NAME,COMMENTS
SYSTEM,ADM_DETAUTOR,AUTO_AUTO_ID,
SYSTEM,ADM_DETAUTOR,DTAU_ID,
SYSTEM,ADM_DETAUTOR,FECHACTU,
SYSTEM,ADM_DETAUTOR,FECHCREA,
SYSTEM,ADM_DETAUTOR,USUACREA,
SYSTEM,ADM_DETAUTOR,USUACTUA,
SYSTEM,AFJ_AFDETMOV,AFDM_ID,
SYSTEM,AFJ_AFDETMOV,AFIJ_CLASE,
SYSTEM,AFJ_AFDETMOV,AFIJ_CODIGO,
SYSTEM,AFJ_AFDETMOV,AFIJ_COMPANIA,
SYSTEM,AFJ_AFDETMOV,AFRQ_ENTRSALE,
SYSTEM,AFJ_AFDETMOV,AFRQ_NUMERO,
SYSTEM,AFJ_AFDETMOV,CANTIDAD,
SYSTEM,AFJ_AFDETMOV,DESCRIPC,
SYSTEM,AFJ_AFDETMOV,ENTRSALE,
SYSTEM,AFJ_AFDETMOV,FECHACTU,
SYSTEM,AFJ_AFDETMOV,FECHCREA,
SYSTEM,AFJ_AFDETMOV,FECHHORA,
SYSTEM,AFJ_AFDETMOV,INRN_ID,
SYSTEM,AFJ_AFDETMOV,IPEQUIPO,
SYSTEM,AFJ_AFDETMOV,MACEQUIPO,
SYSTEM,AFJ_AFDETMOV,MEMO_ID,
SYSTEM,AFJ_AFDETMOV,RCDP_COMPANIA,
SYSTEM,AFJ_AFDETMOV,RCDP_IDCLIENTE,
SYSTEM,AFJ_AFDETMOV,RCDP_IDRESCLI,
SYSTEM,AFJ_AFDETMOV,RHHS_CEDURUC,
SYSTEM,AFJ_AFDETMOV,STCT_ID,
SYSTEM,AFJ_AFDETMOV,UMED_UNIDMEDI,
SYSTEM,AFJ_AFDETMOV,USUACLAV,
SYSTEM,AFJ_AFDETMOV,USUACREA,
SYSTEM,AFJ_AFDETMOV,USUACTUA,
SYSTEM,AFJ_AFDETMOV,VIGENTE,
SYSTEM,AFJ_DETALLE,AFIJ_CLASE,
SYSTEM,AFJ_DETALLE,AFIJ_CODIGO,
SYSTEM,AFJ_DETALLE,AFIJ_COMPANIA,
SYSTEM,AFJ_DETALLE,ASTO_COMPANIA,
SYSTEM,AFJ_DETALLE,ASTO_NUMEDIAR,
SYSTEM,AFJ_DETALLE,DAC1_ID,
SYSTEM,AFJ_DETALLE,FECHACTU,
SYSTEM,AFJ_DETALLE,FECHCREA,
SYSTEM,AFJ_DETALLE,MEMO_MEMO_ID,
SYSTEM,AFJ_DETALLE,OBS,
SYSTEM,AFJ_DETALLE,USUACREA,
SYSTEM,AFJ_DETALLE,USUACTUA,
SYSTEM,ALM_DETABASC,DESCRIPC,
SYSTEM,ALM_DETABASC,DTBA_ID,
SYSTEM,ALM_DETABASC,FECHACTU,
SYSTEM,ALM_DETABASC,FECHCREA,
SYSTEM,ALM_DETABASC,FECHINGRE,
SYSTEM,ALM_DETABASC,FECHSALE,
SYSTEM,ALM_DETABASC,NUMEGUIA,
SYSTEM,ALM_DETABASC,ORCP_COMPANIA,
SYSTEM,ALM_DETABASC,ORCP_NUMEORDE,
SYSTEM,ALM_DETABASC,ORCP_OFICINA,
SYSTEM,ALM_DETABASC,PESOINGR,
SYSTEM,ALM_DETABASC,PESOSALE,
SYSTEM,ALM_DETABASC,PESOTARA,
SYSTEM,ALM_DETABASC,PRFM_PRFM_ID,
SYSTEM,ALM_DETABASC,PROCEDEN,
SYSTEM,ALM_DETABASC,UMED_UNIDMEDI,
SYSTEM,ALM_DETABASC,USUACREA,
SYSTEM,ALM_DETABASC,USUACTUA,
SYSTEM,ALM_DETABASC,VALOPESO,
SYSTEM,ALM_DETADESP,COMPANIA,
SYSTEM,ALM_DETADESP,CSTOFLET,
SYSTEM,ALM_DETADESP,DESTINO,
SYSTEM,ALM_DETADESP,DSPO_NUMERO,
SYSTEM,ALM_DETADESP,DTPS_ID,
SYSTEM,ALM_DETADESP,EGEN_ESTADO,
SYSTEM,ALM_DETADESP,FACTURA,
SYSTEM,ALM_DETADESP,FECHACTU,
SYSTEM,ALM_DETADESP,FECHCREA,
SYSTEM,ALM_DETADESP,FFACTURA,
SYSTEM,ALM_DETADESP,IDCLIENTE,
SYSTEM,ALM_DETADESP,NOMBRE,
SYSTEM,ALM_DETADESP,NUMBER1,
SYSTEM,ALM_DETADESP,NUMBER2,
SYSTEM,ALM_DETADESP,NUMBER3,
SYSTEM,ALM_DETADESP,NUMBER4,
SYSTEM,ALM_DETADESP,NUMBER5,
SYSTEM,ALM_DETADESP,OBS,
SYSTEM,ALM_DETADESP,OFICINA,
SYSTEM,ALM_DETADESP,SERIE,
SYSTEM,ALM_DETADESP,TIPOCOM,
SYSTEM,ALM_DETADESP,TIPODIRECCION,
SYSTEM,ALM_DETADESP,USUACREA,
SYSTEM,ALM_DETADESP,USUACTUA,
SYSTEM,ALM_DETADESP,VCHAR1,
SYSTEM,ALM_DETADESP,VCHAR2,
SYSTEM,ALM_DETADESP,VCHAR3,
SYSTEM,ALM_DETADESP,VCHAR4,
SYSTEM,ALM_DETADESP,VCHAR5,
SYSTEM,ALM_DETALOTE,CANTPARC,
SYSTEM,ALM_DETALOTE,DTLT_ID,
SYSTEM,ALM_DETALOTE,DTMV_DTMV_ID,
SYSTEM,ALM_DETALOTE,FECHACTU,
SYSTEM,ALM_DETALOTE,FECHCREA,
SYSTEM,ALM_DETALOTE,LOTE_ALCANCE,
SYSTEM,ALM_DETALOTE,LOTE_COMPANIA,
SYSTEM,ALM_DETALOTE,LOTE_NUMELOTE,
SYSTEM,ALM_DETALOTE,NUMBER1,
SYSTEM,ALM_DETALOTE,NUMBER2,
SYSTEM,ALM_DETALOTE,NUMBER3,
SYSTEM,ALM_DETALOTE,NUMBER4,
SYSTEM,ALM_DETALOTE,NUMBER5,
SYSTEM,ALM_DETALOTE,OBS,
SYSTEM,ALM_DETALOTE,USUACREA,
SYSTEM,ALM_DETALOTE,USUACTUA,
SYSTEM,ALM_DETALOTE,VCHAR1,
SYSTEM,ALM_DETALOTE,VCHAR2,
SYSTEM,ALM_DETALOTE,VCHAR3,
SYSTEM,ALM_DETALOTE,VCHAR4,
SYSTEM,ALM_DETALOTE,VCHAR5,
SYSTEM,ALM_DETAMOVI,ADJUVEND,
SYSTEM,ALM_DETAMOVI,ADVALOREN,
SYSTEM,ALM_DETAMOVI,ARTL_ARTICULO,
SYSTEM,ALM_DETAMOVI,ARTL_CLASE,
SYSTEM,ALM_DETAMOVI,ARTL_CODIGRUP,
SYSTEM,ALM_DETAMOVI,ARTL_COMPANIA,
SYSTEM,ALM_DETAMOVI,BASEICE,
SYSTEM,ALM_DETAMOVI,CANTASIG,
SYSTEM,ALM_DETAMOVI,CANTIDAD,
SYSTEM,ALM_DETAMOVI,CANTITEM,
SYSTEM,ALM_DETAMOVI,CANTPERD,
SYSTEM,ALM_DETAMOVI,CANTSOLI,
SYSTEM,ALM_DETAMOVI,CMPR_ALCANCE,
SYSTEM,ALM_DETAMOVI,CMPR_CEDURUC,
SYSTEM,ALM_DETAMOVI,CMPR_COMPANIA,
SYSTEM,ALM_DETAMOVI,CMPR_NUMERO,
SYSTEM,ALM_DETAMOVI,CMPR_SERIE,
SYSTEM,ALM_DETAMOVI,COMBO,
SYSTEM,ALM_DETAMOVI,COSTANTE,
SYSTEM,ALM_DETAMOVI,COSTUNIT,
SYSTEM,ALM_DETAMOVI,DCAM_DCAM_ID,
SYSTEM,ALM_DETAMOVI,DREQ_DREQ_ID,
SYSTEM,ALM_DETAMOVI,DTMV_DTMV_ID,
SYSTEM,ALM_DETAMOVI,DTMV_ID,
SYSTEM,ALM_DETAMOVI,ENSA_COMPANIA,
SYSTEM,ALM_DETAMOVI,ENSA_NUMERO,
SYSTEM,ALM_DETAMOVI,ENSA_OFICINA,
SYSTEM,ALM_DETAMOVI,ENSA_TIPODOCU,
SYSTEM,ALM_DETAMOVI,ENTRSALI,
SYSTEM,ALM_DETAMOVI,FACTIMPO,
SYSTEM,ALM_DETAMOVI,FACTUTIL,
SYSTEM,ALM_DETAMOVI,FECHACTU,
SYSTEM,ALM_DETAMOVI,FECHCREA,
SYSTEM,ALM_DETAMOVI,ICESPECI,
SYSTEM,ALM_DETAMOVI,IMPT_COMPANIA,
SYSTEM,ALM_DETAMOVI,IMPT_NUMEIMPO,
SYSTEM,ALM_DETAMOVI,IMPT_OFICINA,
SYSTEM,ALM_DETAMOVI,LSPR_LSPR_ID,
SYSTEM,ALM_DETAMOVI,MODINUME,
SYSTEM,ALM_DETAMOVI,MODISERIE,
SYSTEM,ALM_DETAMOVI,NANDINA,
SYSTEM,ALM_DETAMOVI,NCCL_COMPANIA,
SYSTEM,ALM_DETAMOVI,NCCL_NUMERO,
SYSTEM,ALM_DETAMOVI,NCCL_OFICINA,
SYSTEM,ALM_DETAMOVI,NCCL_SERIE,
SYSTEM,ALM_DETAMOVI,NCPR_ALCANCE,
SYSTEM,ALM_DETAMOVI,NCPR_CEDURUC,
SYSTEM,ALM_DETAMOVI,NCPR_COMPANIA,
SYSTEM,ALM_DETAMOVI,NCPR_NUMERO,
SYSTEM,ALM_DETAMOVI,NCPR_SERIE,
SYSTEM,ALM_DETAMOVI,NUMBER1,
SYSTEM,ALM_DETAMOVI,NUMBER2,
SYSTEM,ALM_DETAMOVI,NUMBER3,
SYSTEM,ALM_DETAMOVI,NUMBER4,
SYSTEM,ALM_DETAMOVI,NUMBER5,
SYSTEM,ALM_DETAMOVI,NUMEAGRU,
SYSTEM,ALM_DETAMOVI,OBS,
SYSTEM,ALM_DETAMOVI,PORCDESC,
SYSTEM,ALM_DETAMOVI,PRECUNIT,
SYSTEM,ALM_DETAMOVI,PROMOCION,
SYSTEM,ALM_DETAMOVI,PRORATEO,
SYSTEM,ALM_DETAMOVI,RCTA_RCTA_ID,
SYSTEM,ALM_DETAMOVI,SECC_CODIBODE,
SYSTEM,ALM_DETAMOVI,SECC_CODISECC,
SYSTEM,ALM_DETAMOVI,SECC_COMPANIA,
SYSTEM,ALM_DETAMOVI,SECC_OFICINA,
SYSTEM,ALM_DETAMOVI,TASAICE,
SYSTEM,ALM_DETAMOVI,TASAIVA,
SYSTEM,ALM_DETAMOVI,TIPOMOVI,
SYSTEM,ALM_DETAMOVI,UMED_UNIDMEDI,
SYSTEM,ALM_DETAMOVI,UMED_UNIDMEDI_CAJA,
SYSTEM,ALM_DETAMOVI,USUACREA,
SYSTEM,ALM_DETAMOVI,USUACTUA,
SYSTEM,ALM_DETAMOVI,VALDESC,
SYSTEM,ALM_DETAMOVI,VALOADIC,
SYSTEM,ALM_DETAMOVI,VALOR,
SYSTEM,ALM_DETAMOVI,VALORFOB,
SYSTEM,ALM_DETAMOVI,VALORICE,
SYSTEM,ALM_DETAMOVI,VALORIVA,
SYSTEM,ALM_DETAMOVI,VCHAR1,
SYSTEM,ALM_DETAMOVI,VCHAR2,
SYSTEM,ALM_DETAMOVI,VCHAR3,
SYSTEM,ALM_DETAMOVI,VCHAR4,
SYSTEM,ALM_DETAMOVI,VCHAR5,
SYSTEM,ALM_DETAMOVI,VNTA_COMPANIA,
SYSTEM,ALM_DETAMOVI,VNTA_NUMERO,
SYSTEM,ALM_DETAMOVI,VNTA_OFICINA,
SYSTEM,ALM_DETAMOVI,VNTA_SERIE,
SYSTEM,ALM_DETAMOVI,VNTA_TIPOCOMP,
SYSTEM,ALM_DETAMOVI_BK,ADJUVEND,
SYSTEM,ALM_DETAMOVI_BK,ADVALOREN,
SYSTEM,ALM_DETAMOVI_BK,ARTL_ARTICULO,
SYSTEM,ALM_DETAMOVI_BK,ARTL_CLASE,
SYSTEM,ALM_DETAMOVI_BK,ARTL_CODIGRUP,
SYSTEM,ALM_DETAMOVI_BK,ARTL_COMPANIA,
SYSTEM,ALM_DETAMOVI_BK,BASEICE,
SYSTEM,ALM_DETAMOVI_BK,CANTASIG,
SYSTEM,ALM_DETAMOVI_BK,CANTIDAD,
SYSTEM,ALM_DETAMOVI_BK,CANTITEM,
SYSTEM,ALM_DETAMOVI_BK,CANTPERD,
SYSTEM,ALM_DETAMOVI_BK,CANTSOLI,
SYSTEM,ALM_DETAMOVI_BK,CMPR_ALCANCE,
SYSTEM,ALM_DETAMOVI_BK,CMPR_CEDURUC,
SYSTEM,ALM_DETAMOVI_BK,CMPR_COMPANIA,
SYSTEM,ALM_DETAMOVI_BK,CMPR_NUMERO,
SYSTEM,ALM_DETAMOVI_BK,CMPR_SERIE,
SYSTEM,ALM_DETAMOVI_BK,COSTANTE,
SYSTEM,ALM_DETAMOVI_BK,COSTUNIT,
SYSTEM,ALM_DETAMOVI_BK,DCAM_DCAM_ID,
SYSTEM,ALM_DETAMOVI_BK,DTMV_DTMV_ID,
SYSTEM,ALM_DETAMOVI_BK,DTMV_ID,
SYSTEM,ALM_DETAMOVI_BK,ENSA_COMPANIA,
SYSTEM,ALM_DETAMOVI_BK,ENSA_NUMERO,
SYSTEM,ALM_DETAMOVI_BK,ENSA_OFICINA,
SYSTEM,ALM_DETAMOVI_BK,ENSA_TIPODOCU,
SYSTEM,ALM_DETAMOVI_BK,ENTRSALI,
SYSTEM,ALM_DETAMOVI_BK,FACTIMPO,
SYSTEM,ALM_DETAMOVI_BK,FACTUTIL,
SYSTEM,ALM_DETAMOVI_BK,FECHACTU,
SYSTEM,ALM_DETAMOVI_BK,FECHCREA,
SYSTEM,ALM_DETAMOVI_BK,ICESPECI,
SYSTEM,ALM_DETAMOVI_BK,IMPT_COMPANIA,
SYSTEM,ALM_DETAMOVI_BK,IMPT_NUMEIMPO,
SYSTEM,ALM_DETAMOVI_BK,IMPT_OFICINA,
SYSTEM,ALM_DETAMOVI_BK,LSPR_LSPR_ID,
SYSTEM,ALM_DETAMOVI_BK,MODINUME,
SYSTEM,ALM_DETAMOVI_BK,MODISERIE,
SYSTEM,ALM_DETAMOVI_BK,NANDINA,
SYSTEM,ALM_DETAMOVI_BK,NCCL_COMPANIA,
SYSTEM,ALM_DETAMOVI_BK,NCCL_NUMERO,
SYSTEM,ALM_DETAMOVI_BK,NCCL_OFICINA,
SYSTEM,ALM_DETAMOVI_BK,NCCL_SERIE,
SYSTEM,ALM_DETAMOVI_BK,NCPR_ALCANCE,
SYSTEM,ALM_DETAMOVI_BK,NCPR_CEDURUC,
SYSTEM,ALM_DETAMOVI_BK,NCPR_COMPANIA,
SYSTEM,ALM_DETAMOVI_BK,NCPR_NUMERO,
SYSTEM,ALM_DETAMOVI_BK,NCPR_SERIE,
SYSTEM,ALM_DETAMOVI_BK,NUMBER1,
SYSTEM,ALM_DETAMOVI_BK,NUMBER2,
SYSTEM,ALM_DETAMOVI_BK,NUMBER3,
SYSTEM,ALM_DETAMOVI_BK,NUMBER4,
SYSTEM,ALM_DETAMOVI_BK,NUMBER5,
SYSTEM,ALM_DETAMOVI_BK,NUMEAGRU,
SYSTEM,ALM_DETAMOVI_BK,OBS,
SYSTEM,ALM_DETAMOVI_BK,PORCDESC,
SYSTEM,ALM_DETAMOVI_BK,PRECUNIT,
SYSTEM,ALM_DETAMOVI_BK,PROMOCION,
SYSTEM,ALM_DETAMOVI_BK,PRORATEO,
SYSTEM,ALM_DETAMOVI_BK,RCTA_RCTA_ID,
SYSTEM,ALM_DETAMOVI_BK,SECC_CODIBODE,
SYSTEM,ALM_DETAMOVI_BK,SECC_CODISECC,
SYSTEM,ALM_DETAMOVI_BK,SECC_COMPANIA,
SYSTEM,ALM_DETAMOVI_BK,SECC_OFICINA,
SYSTEM,ALM_DETAMOVI_BK,TASAICE,
SYSTEM,ALM_DETAMOVI_BK,TASAIVA,
SYSTEM,ALM_DETAMOVI_BK,TIPOMOVI,
SYSTEM,ALM_DETAMOVI_BK,UMED_UNIDMEDI,
SYSTEM,ALM_DETAMOVI_BK,UMED_UNIDMEDI_CAJA,
SYSTEM,ALM_DETAMOVI_BK,USUACREA,
SYSTEM,ALM_DETAMOVI_BK,USUACTUA,
SYSTEM,ALM_DETAMOVI_BK,VALDESC,
SYSTEM,ALM_DETAMOVI_BK,VALOADIC,
SYSTEM,ALM_DETAMOVI_BK,VALOR,
SYSTEM,ALM_DETAMOVI_BK,VALORFOB,
SYSTEM,ALM_DETAMOVI_BK,VALORICE,
SYSTEM,ALM_DETAMOVI_BK,VCHAR1,
SYSTEM,ALM_DETAMOVI_BK,VCHAR2,
SYSTEM,ALM_DETAMOVI_BK,VCHAR3,
SYSTEM,ALM_DETAMOVI_BK,VCHAR4,
SYSTEM,ALM_DETAMOVI_BK,VCHAR5,
SYSTEM,ALM_DETAMOVI_BK,VNTA_COMPANIA,
SYSTEM,ALM_DETAMOVI_BK,VNTA_NUMERO,
SYSTEM,ALM_DETAMOVI_BK,VNTA_OFICINA,
SYSTEM,ALM_DETAMOVI_BK,VNTA_SERIE,
SYSTEM,ALM_DETAMOVI_BK,VNTA_TIPOCOMP,
SYSTEM,ALM_DETAPLAN,ARTL_ARTICULO,
SYSTEM,ALM_DETAPLAN,ARTL_CLASE,
SYSTEM,ALM_DETAPLAN,ARTL_CODIGRUP,
SYSTEM,ALM_DETAPLAN,ARTL_COMPANIA,
SYSTEM,ALM_DETAPLAN,CANTIDAD,
SYSTEM,ALM_DETAPLAN,DTPL_ID,
SYSTEM,ALM_DETAPLAN,FECHACTU,
SYSTEM,ALM_DETAPLAN,FECHCREA,
SYSTEM,ALM_DETAPLAN,PLIM_CODIGO,
SYSTEM,ALM_DETAPLAN,USUACREA,
SYSTEM,ALM_DETAPLAN,USUACTUA,
SYSTEM,ALM_DETAPROY,ARTL_ARTICULO,
SYSTEM,ALM_DETAPROY,ARTL_CLASE,
SYSTEM,ALM_DETAPROY,ARTL_CODIGRUP,
SYSTEM,ALM_DETAPROY,ARTL_COMPANIA,
SYSTEM,ALM_DETAPROY,CANTIDAD,
SYSTEM,ALM_DETAPROY,DESCRIPC,
SYSTEM,ALM_DETAPROY,DPRO_ID,
SYSTEM,ALM_DETAPROY,FECHACTU,
SYSTEM,ALM_DETAPROY,FECHCREA,
SYSTEM,ALM_DETAPROY,NUMBER1,
SYSTEM,ALM_DETAPROY,NUMBER2,
SYSTEM,ALM_DETAPROY,NUMBER3,
SYSTEM,ALM_DETAPROY,NUMBER4,
SYSTEM,ALM_DETAPROY,NUMBER5,
SYSTEM,ALM_DETAPROY,NUMEPARA,
SYSTEM,ALM_DETAPROY,PRPD_PRPD_ID,
SYSTEM,ALM_DETAPROY,RCTA_RCTA_ID,
SYSTEM,ALM_DETAPROY,REFER,
SYSTEM,ALM_DETAPROY,USUACREA,
SYSTEM,ALM_DETAPROY,USUACTUA,
SYSTEM,ALM_DETAPROY,VCHAR1,
SYSTEM,ALM_DETAPROY,VCHAR2,
SYSTEM,ALM_DETAPROY,VCHAR3,
SYSTEM,ALM_DETAPROY,VCHAR4,
SYSTEM,ALM_DETAPROY,VCHAR5,
SYSTEM,ALM_DETAREQU,APROBAC,
SYSTEM,ALM_DETAREQU,ARTL_ARTICULO,
SYSTEM,ALM_DETAREQU,ARTL_CLASE,
SYSTEM,ALM_DETAREQU,ARTL_CODIGRUP,
SYSTEM,ALM_DETAREQU,ARTL_COMPANIA,
SYSTEM,ALM_DETAREQU,CANTAPRO,
SYSTEM,ALM_DETAREQU,CANTCONF,
SYSTEM,ALM_DETAREQU,CANTFACT,
SYSTEM,ALM_DETAREQU,CANTSOLI,
SYSTEM,ALM_DETAREQU,CANTSUGE,
SYSTEM,ALM_DETAREQU,COSTUNIT,
SYSTEM,ALM_DETAREQU,DREQ_ID,
SYSTEM,ALM_DETAREQU,FECHACTU,
SYSTEM,ALM_DETAREQU,FECHCREA,
SYSTEM,ALM_DETAREQU,FULTCOMP,
SYSTEM,ALM_DETAREQU,LINECOMP,
SYSTEM,ALM_DETAREQU,NUMBER1,
SYSTEM,ALM_DETAREQU,NUMBER2,
SYSTEM,ALM_DETAREQU,NUMBER3,
SYSTEM,ALM_DETAREQU,NUMBER4,
SYSTEM,ALM_DETAREQU,NUMBER5,
SYSTEM,ALM_DETAREQU,OBSERVAC,
SYSTEM,ALM_DETAREQU,PRECVENT,
SYSTEM,ALM_DETAREQU,REQU_COMPANIA,
SYSTEM,ALM_DETAREQU,REQU_NUMERO,
SYSTEM,ALM_DETAREQU,REQU_OFICINA,
SYSTEM,ALM_DETAREQU,REQU_TIPODOCU,
SYSTEM,ALM_DETAREQU,SECC_CODIBODE,
SYSTEM,ALM_DETAREQU,SECC_CODISECC,
SYSTEM,ALM_DETAREQU,SECC_COMPANIA,
SYSTEM,ALM_DETAREQU,SECC_OFICINA,
SYSTEM,ALM_DETAREQU,ULTMCOST,
SYSTEM,ALM_DETAREQU,USUACREA,
SYSTEM,ALM_DETAREQU,USUACTUA,
SYSTEM,ALM_DETAREQU,VALCIF,
SYSTEM,ALM_DETAREQU,VALFOB,
SYSTEM,ALM_DETAREQU,VCHAR1,
SYSTEM,ALM_DETAREQU,VCHAR2,
SYSTEM,ALM_DETAREQU,VCHAR3,
SYSTEM,ALM_DETAREQU,VCHAR4,
SYSTEM,ALM_DETAREQU,VCHAR5,
SYSTEM,ALM_DETARTLL,ARTL_ARTICULO,
SYSTEM,ALM_DETARTLL,ARTL_CLASE,
SYSTEM,ALM_DETARTLL,ARTL_CODIGRUP,
SYSTEM,ALM_DETARTLL,ARTL_COMPANIA,
SYSTEM,ALM_DETARTLL,DATLL_ID,
SYSTEM,ALM_DETARTLL,DESCRIPCION,
SYSTEM,ALM_DETARTLL,EXISTENCIA,
SYSTEM,ALM_DETARTLL,FECHACTU,
SYSTEM,ALM_DETARTLL,FECHCREA,
SYSTEM,ALM_DETARTLL,TLLA_ID_TLLA,
SYSTEM,ALM_DETARTLL,USUACREA,
SYSTEM,ALM_DETARTLL,USUACTUA,
SYSTEM,ALM_DETARTLL,VIGENTE,
SYSTEM,ALM_DETATOFI,ADTF_ID,
SYSTEM,ALM_DETATOFI,AJUSTE,
SYSTEM,ALM_DETATOFI,ARTL_ARTICULO,
SYSTEM,ALM_DETATOFI,ARTL_CLASE,
SYSTEM,ALM_DETATOFI,ARTL_CODIGRUP,
SYSTEM,ALM_DETATOFI,ARTL_COMPANIA,
SYSTEM,ALM_DETATOFI,ATFS_COMPANIA,
SYSTEM,ALM_DETATOFI,ATFS_NUMERO,
SYSTEM,ALM_DETATOFI,ATFS_OFICINA,
SYSTEM,ALM_DETATOFI,ATFS_TIPODOCU,
SYSTEM,ALM_DETATOFI,CANTIDAD,
SYSTEM,ALM_DETATOFI,COLOR,
SYSTEM,ALM_DETATOFI,COSTUNIT,
SYSTEM,ALM_DETATOFI,ENSA_COMPANIA,
SYSTEM,ALM_DETATOFI,ENSA_NUMERO,
SYSTEM,ALM_DETATOFI,ENSA_OFICINA,
SYSTEM,ALM_DETATOFI,ENSA_TIPODOCU,
SYSTEM,ALM_DETATOFI,EXISFISI,
SYSTEM,ALM_DETATOFI,EXISISTE,
SYSTEM,ALM_DETATOFI,FECHACTU,
SYSTEM,ALM_DETATOFI,FECHCREA,
SYSTEM,ALM_DETATOFI,OBS,
SYSTEM,ALM_DETATOFI,PESO,
SYSTEM,ALM_DETATOFI,SECC_CODIBODE,
SYSTEM,ALM_DETATOFI,SECC_CODISECC,
SYSTEM,ALM_DETATOFI,SECC_COMPANIA,
SYSTEM,ALM_DETATOFI,SECC_OFICINA,
SYSTEM,ALM_DETATOFI,TALLA,
SYSTEM,ALM_DETATOFI,UMED_UNIDMEDI,
SYSTEM,ALM_DETATOFI,USUACREA,
SYSTEM,ALM_DETATOFI,USUACTUA,
SYSTEM,ALM_DETATOFI,VALOR,
SYSTEM,ALM_PROYPROD,BDGA_CODIBODE,
SYSTEM,ALM_PROYPROD,BDGA_OFCN_COMPANIA,
SYSTEM,ALM_PROYPROD,BDGA_OFCN_OFICINA,
SYSTEM,ALM_PROYPROD,DESCRIPC,
SYSTEM,ALM_PROYPROD,FECHA,
SYSTEM,ALM_PROYPROD,FECHACTU,
SYSTEM,ALM_PROYPROD,FECHCREA,
SYSTEM,ALM_PROYPROD,FECHPROD,
SYSTEM,ALM_PROYPROD,NUMBER1,
SYSTEM,ALM_PROYPROD,NUMBER2,
SYSTEM,ALM_PROYPROD,NUMBER3,
SYSTEM,ALM_PROYPROD,NUMBER4,
SYSTEM,ALM_PROYPROD,NUMBER5,
SYSTEM,ALM_PROYPROD,OFCN_CMPN_COMPANIA,
SYSTEM,ALM_PROYPROD,OFCN_OFICINA,
SYSTEM,ALM_PROYPROD,PRPD_ID,
SYSTEM,ALM_PROYPROD,REFER,
SYSTEM,ALM_PROYPROD,RESPONSB,
SYSTEM,ALM_PROYPROD,USUACREA,
SYSTEM,ALM_PROYPROD,USUACTUA,
SYSTEM,ALM_PROYPROD,VCHAR1,
SYSTEM,ALM_PROYPROD,VCHAR2,
SYSTEM,ALM_PROYPROD,VCHAR3,
SYSTEM,ALM_PROYPROD,VCHAR4,
SYSTEM,ALM_PROYPROD,VCHAR5,
SYSTEM,ALM_PROYPROD,VIGENTE,
SYSTEM,ALM_TMPDETALOTE,CANTPARC,
SYSTEM,ALM_TMPDETALOTE,DPR_DPR_ID,
SYSTEM,ALM_TMPDETALOTE,DXML_DXML_ID,
SYSTEM,ALM_TMPDETALOTE,FECHACTU,
SYSTEM,ALM_TMPDETALOTE,FECHCREA,
SYSTEM,ALM_TMPDETALOTE,FVENLOTE,
SYSTEM,ALM_TMPDETALOTE,LOTE_ALCANCE,
SYSTEM,ALM_TMPDETALOTE,LOTE_COMPANIA,
SYSTEM,ALM_TMPDETALOTE,LOTE_NUMELOTE,
SYSTEM,ALM_TMPDETALOTE,TDLT_ID,
SYSTEM,ALM_TMPDETALOTE,USUACREA,
SYSTEM,ALM_TMPDETALOTE,USUACTUA,
SYSTEM,ALM_TMPDETAMOVI,ADJUVEND,
SYSTEM,ALM_TMPDETAMOVI,ARTL_ARTICULO,
SYSTEM,ALM_TMPDETAMOVI,ARTL_CLASE,
SYSTEM,ALM_TMPDETAMOVI,ARTL_CODIGRUP,
SYSTEM,ALM_TMPDETAMOVI,ARTL_COMPANIA,
SYSTEM,ALM_TMPDETAMOVI,CANTASIG,
SYSTEM,ALM_TMPDETAMOVI,CANTIDAD,
SYSTEM,ALM_TMPDETAMOVI,CANTITEM,
SYSTEM,ALM_TMPDETAMOVI,CANTSOLI,
SYSTEM,ALM_TMPDETAMOVI,CMPR_ALCANCE,
SYSTEM,ALM_TMPDETAMOVI,CMPR_CEDURUC,
SYSTEM,ALM_TMPDETAMOVI,CMPR_COMPANIA,
SYSTEM,ALM_TMPDETAMOVI,CMPR_NUMERO,
SYSTEM,ALM_TMPDETAMOVI,CMPR_SERIE,
SYSTEM,ALM_TMPDETAMOVI,CODIPROVE,
SYSTEM,ALM_TMPDETAMOVI,COSTANTE,
SYSTEM,ALM_TMPDETAMOVI,COSTUNIT,
SYSTEM,ALM_TMPDETAMOVI,DXML_ID,
SYSTEM,ALM_TMPDETAMOVI,ENTRSALI,
SYSTEM,ALM_TMPDETAMOVI,FACTIMPO,
SYSTEM,ALM_TMPDETAMOVI,FACTUTIL,
SYSTEM,ALM_TMPDETAMOVI,FECHACTU,
SYSTEM,ALM_TMPDETAMOVI,FECHCREA,
SYSTEM,ALM_TMPDETAMOVI,MODINUME,
SYSTEM,ALM_TMPDETAMOVI,MODISERIE,
SYSTEM,ALM_TMPDETAMOVI,NANDINA,
SYSTEM,ALM_TMPDETAMOVI,NCPR_ALCANCE,
SYSTEM,ALM_TMPDETAMOVI,NCPR_CEDURUC,
SYSTEM,ALM_TMPDETAMOVI,NCPR_COMPANIA,
SYSTEM,ALM_TMPDETAMOVI,NCPR_NUMERO,
SYSTEM,ALM_TMPDETAMOVI,NCPR_SERIE,
SYSTEM,ALM_TMPDETAMOVI,NUMEAGRU,
SYSTEM,ALM_TMPDETAMOVI,OBS,
SYSTEM,ALM_TMPDETAMOVI,PORCDESC,
SYSTEM,ALM_TMPDETAMOVI,PRECUNIT,
SYSTEM,ALM_TMPDETAMOVI,PROMOCION,
SYSTEM,ALM_TMPDETAMOVI,PRORATEO,
SYSTEM,ALM_TMPDETAMOVI,SECC_CODIBODE,
SYSTEM,ALM_TMPDETAMOVI,SECC_CODISECC,
SYSTEM,ALM_TMPDETAMOVI,SECC_COMPANIA,
SYSTEM,ALM_TMPDETAMOVI,SECC_OFICINA,
SYSTEM,ALM_TMPDETAMOVI,TASAICE,
SYSTEM,ALM_TMPDETAMOVI,TASAIVA,
SYSTEM,ALM_TMPDETAMOVI,TIPOMOVI,
SYSTEM,ALM_TMPDETAMOVI,UMED_UNIDMEDI,
SYSTEM,ALM_TMPDETAMOVI,USUACREA,
SYSTEM,ALM_TMPDETAMOVI,USUACTUA,
SYSTEM,ALM_TMPDETAMOVI,VALDESC,
SYSTEM,ALM_TMPDETAMOVI,VALOADIC,
SYSTEM,ALM_TMPDETAMOVI,VALOR,
SYSTEM,ALM_TMPDETAMOVI,VALORFOB,
SYSTEM,ALM_TMPDETAMOVI,VALORIVA,N
SYSTEM,ALM_TMPDETAMOVI,VEXI_VEXI_ID,
SYSTEM,AUX_CLIENTE,ATENCION,
SYSTEM,AUX_CLIENTE,CELULAR,
SYSTEM,AUX_CLIENTE,CODCATEG,
SYSTEM,AUX_CLIENTE,CODCLIEN,
SYSTEM,AUX_CLIENTE,CODTIPO,
SYSTEM,AUX_CLIENTE,CODVEND,
SYSTEM,AUX_CLIENTE,CODZONA,
SYSTEM,AUX_CLIENTE,CREDITO,
SYSTEM,AUX_CLIENTE,DEUDA,
SYSTEM,AUX_CLIENTE,DIASCRED1,
SYSTEM,AUX_CLIENTE,DIASCRED2,
SYSTEM,AUX_CLIENTE,DIRECCION,
SYSTEM,AUX_CLIENTE,EMAIL,
SYSTEM,AUX_CLIENTE,FECCLIEN,
SYSTEM,AUX_CLIENTE,FORMA_PAGO,
SYSTEM,AUX_CLIENTE,F_PAGSRI,
SYSTEM,AUX_CLIENTE,F_PRESRI,
SYSTEM,AUX_CLIENTE,NOMBRE,
SYSTEM,AUX_CLIENTE,OFICINA,
SYSTEM,AUX_CLIENTE,PREC_DETER,
SYSTEM,AUX_CLIENTE,REPRESEN,
SYSTEM,AUX_CLIENTE,RUC,
SYSTEM,AUX_CLIENTE,TELECLIE1,
SYSTEM,AUX_CLIENTE,TELECLIE2,
SYSTEM,AUX_CLIENTE,TELEFCLIEN,
SYSTEM,AUX_CLIENTE,ULTMOVIMFC,
SYSTEM,AUX_INVENTARIO,ALCANCE,
SYSTEM,AUX_INVENTARIO,ARTL_ARTICULO,
SYSTEM,AUX_INVENTARIO,EXISTENCIA,
SYSTEM,AUX_INVENTARIO,FEMISION,
SYSTEM,AUX_INVENTARIO,FVECIMIENTO,
SYSTEM,AUX_INVENTARIO,GRAR_CLASE,
SYSTEM,AUX_INVENTARIO,GRAR_CODIGRUP,
SYSTEM,AUX_INVENTARIO,NOMBRE,
SYSTEM,AUX_INVENTARIO,NUMELOTE,
SYSTEM,AUX_INVENTARIO,OBS,
SYSTEM,AUX_INVENTARIO,OFICINA,
SYSTEM,AUX_INVENTARIO,RSANITARIO,
SYSTEM,AUX_INVENTARIO,SECC_CODIBODE,
SYSTEM,AUX_INVENTARIO,SECC_CODISECC,
SYSTEM,AUX_INVENTARIO,TOTAL,
SYSTEM,AUX_INVENTARIO,UBICACION,
SYSTEM,AUX_INVENTARIO_OB,ALCALOTE,
SYSTEM,AUX_INVENTARIO_OB,ARTICULO,
SYSTEM,AUX_INVENTARIO_OB,ARTL_CLASE,
SYSTEM,AUX_INVENTARIO_OB,ARTL_CODIGRUP,
SYSTEM,AUX_INVENTARIO_OB,ARTL_COMPANIA,
SYSTEM,AUX_INVENTARIO_OB,CANTIDAD,
SYSTEM,AUX_INVENTARIO_OB,COSTO,
SYSTEM,AUX_INVENTARIO_OB,ELABORA,
SYSTEM,AUX_INVENTARIO_OB,LOTCOMP,
SYSTEM,AUX_INVENTARIO_OB,NOMBRE,
SYSTEM,AUX_INVENTARIO_OB,NUMLOTE,
SYSTEM,AUX_INVENTARIO_OB,SECC_CODIBODE,
SYSTEM,AUX_INVENTARIO_OB,SECC_CODISECC,
SYSTEM,AUX_INVENTARIO_OB,SECC_OFICINA,
SYSTEM,AUX_INVENTARIO_OB,VENCE,
SYSTEM,AUX_SALDO_CLIENTE,CODIGOCLIENTE,
SYSTEM,AUX_SALDO_CLIENTE,FACTURA,
SYSTEM,AUX_SALDO_CLIENTE,FECHAEMISION,
SYSTEM,AUX_SALDO_CLIENTE,FECHAVENCIMIENTO,
SYSTEM,AUX_SALDO_CLIENTE,RUC,
SYSTEM,AUX_SALDO_CLIENTE,SERIE,
SYSTEM,AUX_SALDO_CLIENTE,TOTAL,
SYSTEM,AUX_VENTAS,DIAS_CREDITO,
SYSTEM,AUX_VENTAS,DIAS_CREDITO_REAL,
SYSTEM,AUX_VENTAS,DIF,
SYSTEM,AUX_VENTAS,NUMERO,
SYSTEM,AUX_VENTAS,SERIE,
SYSTEM,AUX_VENTASFAMP,CANTIDAD,
SYSTEM,AUX_VENTASFAMP,CODIGOBODEGA,
SYSTEM,AUX_VENTASFAMP,CODIGOCLIENTE,
SYSTEM,AUX_VENTASFAMP,CODIGOCREDITO,
SYSTEM,AUX_VENTASFAMP,CODIGOPRODUCTO,
SYSTEM,AUX_VENTASFAMP,CODIGOUNIDAD,
SYSTEM,AUX_VENTASFAMP,CODIGOVENDEDOR,
SYSTEM,AUX_VENTASFAMP,EJERCICIO,
SYSTEM,AUX_VENTASFAMP,ESTADO,
SYSTEM,AUX_VENTASFAMP,FACTURA,
SYSTEM,AUX_VENTASFAMP,FECHA,
SYSTEM,AUX_VENTASFAMP,PERIODO,
SYSTEM,AUX_VENTASFAMP,PRODUCTO,
SYSTEM,AUX_VENTASFAMP,RAZONSOCIAL,
SYSTEM,AUX_VENTASFAMP,RUC,
SYSTEM,AUX_VENTASFAMP,SERIE,
SYSTEM,AUX_VENTASFAMP,SUBTOTAL,
SYSTEM,AUX_VENTASFAMP,TIPO,
SYSTEM,AUX_VENTASFAMP,TIPOVENTA,
SYSTEM,AUX_VENTASFAMP,TOTAL,
SYSTEM,AUX_VENTASFAMP,TOTALRENGLON,
SYSTEM,BAK_ALM_DETALOTEJUL2023,CANTPARC,
SYSTEM,BAK_ALM_DETALOTEJUL2023,DTLT_ID,
SYSTEM,BAK_ALM_DETALOTEJUL2023,DTMV_DTMV_ID,
SYSTEM,BAK_ALM_DETALOTEJUL2023,FECHACTU,
SYSTEM,BAK_ALM_DETALOTEJUL2023,FECHCREA,
SYSTEM,BAK_ALM_DETALOTEJUL2023,LOTE_ALCANCE,
SYSTEM,BAK_ALM_DETALOTEJUL2023,LOTE_COMPANIA,
SYSTEM,BAK_ALM_DETALOTEJUL2023,LOTE_NUMELOTE,
SYSTEM,BAK_ALM_DETALOTEJUL2023,USUACREA,
SYSTEM,BAK_ALM_DETALOTEJUL2023,USUACTUA,
SYSTEM,BAK_ALM_DETALOTE_2182023_951AM,CANTPARC,
SYSTEM,BAK_ALM_DETALOTE_2182023_951AM,DTLT_ID,
SYSTEM,BAK_ALM_DETALOTE_2182023_951AM,DTMV_DTMV_ID,
SYSTEM,BAK_ALM_DETALOTE_2182023_951AM,FECHACTU,
SYSTEM,BAK_ALM_DETALOTE_2182023_951AM,FECHCREA,
SYSTEM,BAK_ALM_DETALOTE_2182023_951AM,LOTE_ALCANCE,
SYSTEM,BAK_ALM_DETALOTE_2182023_951AM,LOTE_COMPANIA,
SYSTEM,BAK_ALM_DETALOTE_2182023_951AM,LOTE_NUMELOTE,
SYSTEM,BAK_ALM_DETALOTE_2182023_951AM,USUACREA,
SYSTEM,BAK_ALM_DETALOTE_2182023_951AM,USUACTUA,
SYSTEM,BAK_ALM_DETAMOVI_16112022,ADJUVEND,
SYSTEM,BAK_ALM_DETAMOVI_16112022,ARTL_ARTICULO,
SYSTEM,BAK_ALM_DETAMOVI_16112022,ARTL_CLASE,
SYSTEM,BAK_ALM_DETAMOVI_16112022,ARTL_CODIGRUP,
SYSTEM,BAK_ALM_DETAMOVI_16112022,ARTL_COMPANIA,
SYSTEM,BAK_ALM_DETAMOVI_16112022,CANTASIG,
SYSTEM,BAK_ALM_DETAMOVI_16112022,CANTIDAD,
SYSTEM,BAK_ALM_DETAMOVI_16112022,CANTITEM,
SYSTEM,BAK_ALM_DETAMOVI_16112022,CANTPERD,
SYSTEM,BAK_ALM_DETAMOVI_16112022,CANTSOLI,
SYSTEM,BAK_ALM_DETAMOVI_16112022,CMPR_ALCANCE,
SYSTEM,BAK_ALM_DETAMOVI_16112022,CMPR_CEDURUC,
SYSTEM,BAK_ALM_DETAMOVI_16112022,CMPR_COMPANIA,
SYSTEM,BAK_ALM_DETAMOVI_16112022,CMPR_NUMERO,
SYSTEM,BAK_ALM_DETAMOVI_16112022,CMPR_SERIE,
SYSTEM,BAK_ALM_DETAMOVI_16112022,COSTANTE,
SYSTEM,BAK_ALM_DETAMOVI_16112022,COSTUNIT,
SYSTEM,BAK_ALM_DETAMOVI_16112022,DCAM_DCAM_ID,
SYSTEM,BAK_ALM_DETAMOVI_16112022,DTMV_DTMV_ID,
SYSTEM,BAK_ALM_DETAMOVI_16112022,DTMV_ID,
SYSTEM,BAK_ALM_DETAMOVI_16112022,ENSA_COMPANIA,
SYSTEM,BAK_ALM_DETAMOVI_16112022,ENSA_NUMERO,
SYSTEM,BAK_ALM_DETAMOVI_16112022,ENSA_OFICINA,
SYSTEM,BAK_ALM_DETAMOVI_16112022,ENSA_TIPODOCU,
SYSTEM,BAK_ALM_DETAMOVI_16112022,ENTRSALI,
SYSTEM,BAK_ALM_DETAMOVI_16112022,FACTIMPO,
SYSTEM,BAK_ALM_DETAMOVI_16112022,FACTUTIL,
SYSTEM,BAK_ALM_DETAMOVI_16112022,FECHACTU,
SYSTEM,BAK_ALM_DETAMOVI_16112022,FECHCREA,
SYSTEM,BAK_ALM_DETAMOVI_16112022,IMPT_COMPANIA,
SYSTEM,BAK_ALM_DETAMOVI_16112022,IMPT_NUMEIMPO,
SYSTEM,BAK_ALM_DETAMOVI_16112022,IMPT_OFICINA,
SYSTEM,BAK_ALM_DETAMOVI_16112022,LSPR_LSPR_ID,
SYSTEM,BAK_ALM_DETAMOVI_16112022,MODINUME,
SYSTEM,BAK_ALM_DETAMOVI_16112022,MODISERIE,
SYSTEM,BAK_ALM_DETAMOVI_16112022,NANDINA,
SYSTEM,BAK_ALM_DETAMOVI_16112022,NCCL_COMPANIA,
SYSTEM,BAK_ALM_DETAMOVI_16112022,NCCL_NUMERO,
SYSTEM,BAK_ALM_DETAMOVI_16112022,NCCL_OFICINA,
SYSTEM,BAK_ALM_DETAMOVI_16112022,NCCL_SERIE,
SYSTEM,BAK_ALM_DETAMOVI_16112022,NCPR_ALCANCE,
SYSTEM,BAK_ALM_DETAMOVI_16112022,NCPR_CEDURUC,
SYSTEM,BAK_ALM_DETAMOVI_16112022,NCPR_COMPANIA,
SYSTEM,BAK_ALM_DETAMOVI_16112022,NCPR_NUMERO,
SYSTEM,BAK_ALM_DETAMOVI_16112022,NCPR_SERIE,
SYSTEM,BAK_ALM_DETAMOVI_16112022,NUMBER1,
SYSTEM,BAK_ALM_DETAMOVI_16112022,NUMBER2,
SYSTEM,BAK_ALM_DETAMOVI_16112022,NUMBER3,
SYSTEM,BAK_ALM_DETAMOVI_16112022,NUMBER4,
SYSTEM,BAK_ALM_DETAMOVI_16112022,NUMBER5,
SYSTEM,BAK_ALM_DETAMOVI_16112022,NUMEAGRU,
SYSTEM,BAK_ALM_DETAMOVI_16112022,OBS,
SYSTEM,BAK_ALM_DETAMOVI_16112022,PORCDESC,
SYSTEM,BAK_ALM_DETAMOVI_16112022,PRECUNIT,
SYSTEM,BAK_ALM_DETAMOVI_16112022,PROMOCION,
SYSTEM,BAK_ALM_DETAMOVI_16112022,PRORATEO,
SYSTEM,BAK_ALM_DETAMOVI_16112022,RCTA_RCTA_ID,
SYSTEM,BAK_ALM_DETAMOVI_16112022,SECC_CODIBODE,
SYSTEM,BAK_ALM_DETAMOVI_16112022,SECC_CODISECC,
SYSTEM,BAK_ALM_DETAMOVI_16112022,SECC_COMPANIA,
SYSTEM,BAK_ALM_DETAMOVI_16112022,SECC_OFICINA,
SYSTEM,BAK_ALM_DETAMOVI_16112022,TASAICE,
SYSTEM,BAK_ALM_DETAMOVI_16112022,TASAIVA,
SYSTEM,BAK_ALM_DETAMOVI_16112022,TIPOMOVI,
SYSTEM,BAK_ALM_DETAMOVI_16112022,UMED_UNIDMEDI,
SYSTEM,BAK_ALM_DETAMOVI_16112022,UMED_UNIDMEDI_CAJA,
SYSTEM,BAK_ALM_DETAMOVI_16112022,USUACREA,
SYSTEM,BAK_ALM_DETAMOVI_16112022,USUACTUA,
SYSTEM,BAK_ALM_DETAMOVI_16112022,VALDESC,
SYSTEM,BAK_ALM_DETAMOVI_16112022,VALOADIC,
SYSTEM,BAK_ALM_DETAMOVI_16112022,VALOR,
SYSTEM,BAK_ALM_DETAMOVI_16112022,VALORFOB,
SYSTEM,BAK_ALM_DETAMOVI_16112022,VCHAR1,
SYSTEM,BAK_ALM_DETAMOVI_16112022,VCHAR2,
SYSTEM,BAK_ALM_DETAMOVI_16112022,VCHAR3,
SYSTEM,BAK_ALM_DETAMOVI_16112022,VCHAR4,
SYSTEM,BAK_ALM_DETAMOVI_16112022,VCHAR5,
SYSTEM,BAK_ALM_DETAMOVI_16112022,VNTA_COMPANIA,
SYSTEM,BAK_ALM_DETAMOVI_16112022,VNTA_NUMERO,
SYSTEM,BAK_ALM_DETAMOVI_16112022,VNTA_OFICINA,
SYSTEM,BAK_ALM_DETAMOVI_16112022,VNTA_SERIE,
SYSTEM,BAK_ALM_DETAMOVI_16112022,VNTA_TIPOCOMP,
SYSTEM,BAK_ALM_DETAMOVI_2182023_951AM,ADJUVEND,
SYSTEM,BAK_ALM_DETAMOVI_2182023_951AM,ADVALOREN,
SYSTEM,BAK_ALM_DETAMOVI_2182023_951AM,ARTL_ARTICULO,
SYSTEM,BAK_ALM_DETAMOVI_2182023_951AM,ARTL_CLASE,
SYSTEM,BAK_ALM_DETAMOVI_2182023_951AM,ARTL_CODIGRUP,
SYSTEM,BAK_ALM_DETAMOVI_2182023_951AM,ARTL_COMPANIA,
SYSTEM,BAK_ALM_DETAMOVI_2182023_951AM,BASEICE,
SYSTEM,BAK_ALM_DETAMOVI_2182023_951AM,CANTASIG,
SYSTEM,BAK_ALM_DETAMOVI_2182023_951AM,CANTIDAD,
SYSTEM,BAK_ALM_DETAMOVI_2182023_951AM,CANTITEM,
SYSTEM,BAK_ALM_DETAMOVI_2182023_951AM,CANTPERD,
SYSTEM,BAK_ALM_DETAMOVI_2182023_951AM,CANTSOLI,
SYSTEM,BAK_ALM_DETAMOVI_2182023_951AM,CMPR_ALCANCE,
SYSTEM,BAK_ALM_DETAMOVI_2182023_951AM,CMPR_CEDURUC,
SYSTEM,BAK_ALM_DETAMOVI_2182023_951AM,CMPR_COMPANIA,
SYSTEM,BAK_ALM_DETAMOVI_2182023_951AM,CMPR_NUMERO,
SYSTEM,BAK_ALM_DETAMOVI_2182023_951AM,CMPR_SERIE,
SYSTEM,BAK_ALM_DETAMOVI_2182023_951AM,COMBO,
SYSTEM,BAK_ALM_DETAMOVI_2182023_951AM,COSTANTE,
SYSTEM,BAK_ALM_DETAMOVI_2182023_951AM,COSTUNIT,
SYSTEM,BAK_ALM_DETAMOVI_2182023_951AM,DCAM_DCAM_ID,
SYSTEM,BAK_ALM_DETAMOVI_2182023_951AM,DREQ_DREQ_ID,
SYSTEM,BAK_ALM_DETAMOVI_2182023_951AM,DTMV_DTMV_ID,
SYSTEM,BAK_ALM_DETAMOVI_2182023_951AM,DTMV_ID,
SYSTEM,BAK_ALM_DETAMOVI_2182023_951AM,ENSA_COMPANIA,
SYSTEM,BAK_ALM_DETAMOVI_2182023_951AM,ENSA_NUMERO,
SYSTEM,BAK_ALM_DETAMOVI_2182023_951AM,ENSA_OFICINA,
SYSTEM,BAK_ALM_DETAMOVI_2182023_951AM,ENSA_TIPODOCU,
SYSTEM,BAK_ALM_DETAMOVI_2182023_951AM,ENTRSALI,
SYSTEM,BAK_ALM_DETAMOVI_2182023_951AM,FACTIMPO,
SYSTEM,BAK_ALM_DETAMOVI_2182023_951AM,FACTUTIL,
SYSTEM,BAK_ALM_DETAMOVI_2182023_951AM,FECHACTU,
SYSTEM,BAK_ALM_DETAMOVI_2182023_951AM,FECHCREA,
SYSTEM,BAK_ALM_DETAMOVI_2182023_951AM,ICESPECI,
SYSTEM,BAK_ALM_DETAMOVI_2182023_951AM,IMPT_COMPANIA,
SYSTEM,BAK_ALM_DETAMOVI_2182023_951AM,IMPT_NUMEIMPO,
SYSTEM,BAK_ALM_DETAMOVI_2182023_951AM,IMPT_OFICINA,
SYSTEM,BAK_ALM_DETAMOVI_2182023_951AM,LSPR_LSPR_ID,
SYSTEM,BAK_ALM_DETAMOVI_2182023_951AM,MODINUME,
SYSTEM,BAK_ALM_DETAMOVI_2182023_951AM,MODISERIE,
SYSTEM,BAK_ALM_DETAMOVI_2182023_951AM,NANDINA,
SYSTEM,BAK_ALM_DETAMOVI_2182023_951AM,NCCL_COMPANIA,
SYSTEM,BAK_ALM_DETAMOVI_2182023_951AM,NCCL_NUMERO,
SYSTEM,BAK_ALM_DETAMOVI_2182023_951AM,NCCL_OFICINA,
SYSTEM,BAK_ALM_DETAMOVI_2182023_951AM,NCCL_SERIE,
SYSTEM,BAK_ALM_DETAMOVI_2182023_951AM,NCPR_ALCANCE,
SYSTEM,BAK_ALM_DETAMOVI_2182023_951AM,NCPR_CEDURUC,
SYSTEM,BAK_ALM_DETAMOVI_2182023_951AM,NCPR_COMPANIA,
SYSTEM,BAK_ALM_DETAMOVI_2182023_951AM,NCPR_NUMERO,
SYSTEM,BAK_ALM_DETAMOVI_2182023_951AM,NCPR_SERIE,
SYSTEM,BAK_ALM_DETAMOVI_2182023_951AM,NUMBER1,
SYSTEM,BAK_ALM_DETAMOVI_2182023_951AM,NUMBER2,
SYSTEM,BAK_ALM_DETAMOVI_2182023_951AM,NUMBER3,
SYSTEM,BAK_ALM_DETAMOVI_2182023_951AM,NUMBER4,
SYSTEM,BAK_ALM_DETAMOVI_2182023_951AM,NUMBER5,
SYSTEM,BAK_ALM_DETAMOVI_2182023_951AM,NUMEAGRU,
SYSTEM,BAK_ALM_DETAMOVI_2182023_951AM,OBS,
SYSTEM,BAK_ALM_DETAMOVI_2182023_951AM,PORCDESC,
SYSTEM,BAK_ALM_DETAMOVI_2182023_951AM,PRECUNIT,
SYSTEM,BAK_ALM_DETAMOVI_2182023_951AM,PROMOCION,
SYSTEM,BAK_ALM_DETAMOVI_2182023_951AM,PRORATEO,
SYSTEM,BAK_ALM_DETAMOVI_2182023_951AM,RCTA_RCTA_ID,
SYSTEM,BAK_ALM_DETAMOVI_2182023_951AM,SECC_CODIBODE,
SYSTEM,BAK_ALM_DETAMOVI_2182023_951AM,SECC_CODISECC,
SYSTEM,BAK_ALM_DETAMOVI_2182023_951AM,SECC_COMPANIA,
SYSTEM,BAK_ALM_DETAMOVI_2182023_951AM,SECC_OFICINA,
SYSTEM,BAK_ALM_DETAMOVI_2182023_951AM,TASAICE,
SYSTEM,BAK_ALM_DETAMOVI_2182023_951AM,TASAIVA,
SYSTEM,BAK_ALM_DETAMOVI_2182023_951AM,TIPOMOVI,
SYSTEM,BAK_ALM_DETAMOVI_2182023_951AM,UMED_UNIDMEDI,
SYSTEM,BAK_ALM_DETAMOVI_2182023_951AM,UMED_UNIDMEDI_CAJA,
SYSTEM,BAK_ALM_DETAMOVI_2182023_951AM,USUACREA,
SYSTEM,BAK_ALM_DETAMOVI_2182023_951AM,USUACTUA,
SYSTEM,BAK_ALM_DETAMOVI_2182023_951AM,VALDESC,
SYSTEM,BAK_ALM_DETAMOVI_2182023_951AM,VALOADIC,
SYSTEM,BAK_ALM_DETAMOVI_2182023_951AM,VALOR,
SYSTEM,BAK_ALM_DETAMOVI_2182023_951AM,VALORFOB,
SYSTEM,BAK_ALM_DETAMOVI_2182023_951AM,VALORICE,
SYSTEM,BAK_ALM_DETAMOVI_2182023_951AM,VCHAR1,
SYSTEM,BAK_ALM_DETAMOVI_2182023_951AM,VCHAR2,
SYSTEM,BAK_ALM_DETAMOVI_2182023_951AM,VCHAR3,
SYSTEM,BAK_ALM_DETAMOVI_2182023_951AM,VCHAR4,
SYSTEM,BAK_ALM_DETAMOVI_2182023_951AM,VCHAR5,
SYSTEM,BAK_ALM_DETAMOVI_2182023_951AM,VNTA_COMPANIA,
SYSTEM,BAK_ALM_DETAMOVI_2182023_951AM,VNTA_NUMERO,
SYSTEM,BAK_ALM_DETAMOVI_2182023_951AM,VNTA_OFICINA,
SYSTEM,BAK_ALM_DETAMOVI_2182023_951AM,VNTA_SERIE,
SYSTEM,BAK_ALM_DETAMOVI_2182023_951AM,VNTA_TIPOCOMP,
SYSTEM,BAK_ALM_TMPDETALOTE21082023,CANTPARC,
SYSTEM,BAK_ALM_TMPDETALOTE21082023,DPR_DPR_ID,
SYSTEM,BAK_ALM_TMPDETALOTE21082023,DXML_DXML_ID,
SYSTEM,BAK_ALM_TMPDETALOTE21082023,FECHACTU,
SYSTEM,BAK_ALM_TMPDETALOTE21082023,FECHCREA,
SYSTEM,BAK_ALM_TMPDETALOTE21082023,FVENLOTE,
SYSTEM,BAK_ALM_TMPDETALOTE21082023,LOTE_ALCANCE,
SYSTEM,BAK_ALM_TMPDETALOTE21082023,LOTE_COMPANIA,
SYSTEM,BAK_ALM_TMPDETALOTE21082023,LOTE_NUMELOTE,
SYSTEM,BAK_ALM_TMPDETALOTE21082023,TDLT_ID,
SYSTEM,BAK_ALM_TMPDETALOTE21082023,USUACREA,
SYSTEM,BAK_ALM_TMPDETALOTE21082023,USUACTUA,
SYSTEM,BAK_AUX_VENTASFAMP,CANTIDAD,
SYSTEM,BAK_AUX_VENTASFAMP,CODIGOBODEGA,
SYSTEM,BAK_AUX_VENTASFAMP,CODIGOCLIENTE,
SYSTEM,BAK_AUX_VENTASFAMP,CODIGOCREDITO,
SYSTEM,BAK_AUX_VENTASFAMP,CODIGOPRODUCTO,
SYSTEM,BAK_AUX_VENTASFAMP,CODIGOUNIDAD,
SYSTEM,BAK_AUX_VENTASFAMP,CODIGOVENDEDOR,
SYSTEM,BAK_AUX_VENTASFAMP,EJERCICIO,
SYSTEM,BAK_AUX_VENTASFAMP,ESTADO,
SYSTEM,BAK_AUX_VENTASFAMP,FACTURA,
SYSTEM,BAK_AUX_VENTASFAMP,FECHA,
SYSTEM,BAK_AUX_VENTASFAMP,PERIODO,
SYSTEM,BAK_AUX_VENTASFAMP,PRODUCTO,
SYSTEM,BAK_AUX_VENTASFAMP,RAZONSOCIAL,
SYSTEM,BAK_AUX_VENTASFAMP,RUC,
SYSTEM,BAK_AUX_VENTASFAMP,SERIE,
SYSTEM,BAK_AUX_VENTASFAMP,SUBTOTAL,
SYSTEM,BAK_AUX_VENTASFAMP,TIPO,
SYSTEM,BAK_AUX_VENTASFAMP,TIPOVENTA,
SYSTEM,BAK_AUX_VENTASFAMP,TOTAL,
SYSTEM,BAK_AUX_VENTASFAMP,TOTALRENGLON,
SYSTEM,CLI_ACTIVCLIEN,ACTI_ID,
SYSTEM,CLI_ACTIVCLIEN,ANIOANTIG,
SYSTEM,CLI_ACTIVCLIEN,CARGO,
SYSTEM,CLI_ACTIVCLIEN,CIUDAD,
SYSTEM,CLI_ACTIVCLIEN,DIRECCIO,
SYSTEM,CLI_ACTIVCLIEN,EMAIL,
SYSTEM,CLI_ACTIVCLIEN,ESTADO,
SYSTEM,CLI_ACTIVCLIEN,FECHACTU,
SYSTEM,CLI_ACTIVCLIEN,FECHCREA,
SYSTEM,CLI_ACTIVCLIEN,FECHINVE,
SYSTEM,CLI_ACTIVCLIEN,MESANTIG,
SYSTEM,CLI_ACTIVCLIEN,NOMBEMP,
SYSTEM,CLI_ACTIVCLIEN,NTRL_COMPANIA,
SYSTEM,CLI_ACTIVCLIEN,NTRL_IDCLIENTE,
SYSTEM,CLI_ACTIVCLIEN,OBSEINVE,
SYSTEM,CLI_ACTIVCLIEN,PRINCIPA,
SYSTEM,CLI_ACTIVCLIEN,SUELDO,
SYSTEM,CLI_ACTIVCLIEN,TELEFONO,
SYSTEM,CLI_ACTIVCLIEN,TIPOACTI,
SYSTEM,CLI_ACTIVCLIEN,TIPOEMPL,
SYSTEM,CLI_ACTIVCLIEN,USUACREA,
SYSTEM,CLI_ACTIVCLIEN,USUACTUA,
SYSTEM,CLI_ACTIVCLIEN,VIGENTE,
SYSTEM,CLI_DETAINGEGR,DESCRIPC,
SYSTEM,CLI_DETAINGEGR,FECHACTU,
SYSTEM,CLI_DETAINGEGR,FECHCREA,
SYSTEM,CLI_DETAINGEGR,TIPOINEG,
SYSTEM,CLI_DETAINGEGR,USUACREA,
SYSTEM,CLI_DETAINGEGR,USUACTUA,
SYSTEM,CLI_DETALINE,DTLN_ID,
SYSTEM,CLI_DETALINE,FECHACTU,
SYSTEM,CLI_DETALINE,FECHCREA,
SYSTEM,CLI_DETALINE,FECHREVI,
SYSTEM,CLI_DETALINE,LNCR_COMPANIA,
SYSTEM,CLI_DETALINE,LNCR_IDCLIENTE,
SYSTEM,CLI_DETALINE,USUACREA,
SYSTEM,CLI_DETALINE,USUACTUA,
SYSTEM,CLI_DETAVISITA,CLIE,
SYSTEM,CLI_DETAVISITA,COMP,
SYSTEM,CLI_DETAVISITA,DETALLES,
SYSTEM,CLI_DETAVISITA,DTVS_ID,
SYSTEM,CLI_DETAVISITA,FECHA,
SYSTEM,CLI_DETAVISITA,OFIC,
SYSTEM,CLI_DETAVISITA,PROXFECHA,
SYSTEM,CLI_DETAVISITA,VEND,
SYSTEM,CLIENTE_AUX,CEDULA,
SYSTEM,CLIENTE_AUX,ID,
SYSTEM,CLIENTE_AUX,NOMBRE,
SYSTEM,CLI_PROPICLIEN,AREATERR,
SYSTEM,CLI_PROPICLIEN,AVALUO,
SYSTEM,CLI_PROPICLIEN,DIRECCION,
SYSTEM,CLI_PROPICLIEN,FECHACTU,
SYSTEM,CLI_PROPICLIEN,FECHCREA,
SYSTEM,CLI_PROPICLIEN,HIPOTECA,
SYSTEM,CLI_PROPICLIEN,M2CONSTR,
SYSTEM,CLI_PROPICLIEN,NTRL_COMPANIA,
SYSTEM,CLI_PROPICLIEN,NTRL_IDCLIENTE,
SYSTEM,CLI_PROPICLIEN,PRCL_ID,
SYSTEM,CLI_PROPICLIEN,USUACREA,
SYSTEM,CLI_PROPICLIEN,USUACTUA,
SYSTEM,CNT_DETASIENTO,ASTO_COMPANIA,
SYSTEM,CNT_DETASIENTO,ASTO_NUMEDIAR,
SYSTEM,CNT_DETASIENTO,CCST_CODIGO,
SYSTEM,CNT_DETASIENTO,CCST_COMPANIA,
SYSTEM,CNT_DETASIENTO,CCST_OFICINA,
SYSTEM,CNT_DETASIENTO,CTAS_CATALOGO,
SYSTEM,CNT_DETASIENTO,CTAS_CODIGO,
SYSTEM,CNT_DETASIENTO,CTAS_COMPANIA,
SYSTEM,CNT_DETASIENTO,DAST_DAST_ID,
SYSTEM,CNT_DETASIENTO,DAST_ID,
SYSTEM,CNT_DETASIENTO,FECHACTU,
SYSTEM,CNT_DETASIENTO,FECHCREA,
SYSTEM,CNT_DETASIENTO,NUMBER1,
SYSTEM,CNT_DETASIENTO,NUMBER2,
SYSTEM,CNT_DETASIENTO,NUMBER3,
SYSTEM,CNT_DETASIENTO,NUMBER4,
SYSTEM,CNT_DETASIENTO,NUMBER5,
SYSTEM,CNT_DETASIENTO,TIPO,
SYSTEM,CNT_DETASIENTO,USUACREA,
SYSTEM,CNT_DETASIENTO,USUACTUA,
SYSTEM,CNT_DETASIENTO,VALOR,
SYSTEM,CNT_DETASIENTO,VALORAUX,
SYSTEM,CNT_DETASIENTO,VCHAR1,
SYSTEM,CNT_DETASIENTO,VCHAR2,
SYSTEM,CNT_DETASIENTO,VCHAR3,
SYSTEM,CNT_DETASIENTO,VCHAR4,
SYSTEM,CNT_DETASIENTO,VCHAR5,
SYSTEM,CNT_DETIPIMP,CODSRI,
SYSTEM,CNT_DETIPIMP,DESCRIPC,
SYSTEM,CNT_DETIPIMP,DTIP_ID,
SYSTEM,CNT_DETIPIMP,FECHACTU,
SYSTEM,CNT_DETIPIMP,FECHCREA,
SYSTEM,CNT_DETIPIMP,IMPRIME,
SYSTEM,CNT_DETIPIMP,PORCENTA,
SYSTEM,CNT_DETIPIMP,TPIM_TIPOIMPU,
SYSTEM,CNT_DETIPIMP,USUACREA,
SYSTEM,CNT_DETIPIMP,USUACTUA,
SYSTEM,CNT_DETIPIMP,VIGENTE,
SYSTEM,COB_DETACHEQ,CHQE_CHQE_ID,
SYSTEM,COB_DETACHEQ,DCHE_ID,
SYSTEM,COB_DETACHEQ,EGEN_ESTADO,
SYSTEM,COB_DETACHEQ,FECHACTU,
SYSTEM,COB_DETACHEQ,FECHCREA,
SYSTEM,COB_DETACHEQ,PLCB_PLCB_ID,
SYSTEM,COB_DETACHEQ,USUACREA,
SYSTEM,COB_DETACHEQ,USUACTUA,
SYSTEM,COB_DETACHEQ,VALOR,
SYSTEM,COB_DETACOBRO,ASTO_COMPANIA,
SYSTEM,COB_DETACOBRO,ASTO_NUMEDIAR,
SYSTEM,COB_DETACOBRO,BANDA,
SYSTEM,COB_DETACOBRO,CIUDAD,
SYSTEM,COB_DETACOBRO,DESCRIPC,
SYSTEM,COB_DETACOBRO,DTCB_ID,
SYSTEM,COB_DETACOBRO,EGEN_ESTADO,
SYSTEM,COB_DETACOBRO,FECHA,
SYSTEM,COB_DETACOBRO,FECHACOB,
SYSTEM,COB_DETACOBRO,FECHACTU,
SYSTEM,COB_DETACOBRO,FECHCREA,
SYSTEM,COB_DETACOBRO,NCCL_COMPANIA,
SYSTEM,COB_DETACOBRO,NCCL_NUMERO,
SYSTEM,COB_DETACOBRO,NCCL_OFICINA,
SYSTEM,COB_DETACOBRO,NCCL_SERIE,
SYSTEM,COB_DETACOBRO,NUMBER1,
SYSTEM,COB_DETACOBRO,NUMBER2,
SYSTEM,COB_DETACOBRO,NUMBER3,
SYSTEM,COB_DETACOBRO,NUMBER4,
SYSTEM,COB_DETACOBRO,NUMBER5,
SYSTEM,COB_DETACOBRO,PLCB_PLCB_ID,
SYSTEM,COB_DETACOBRO,PTBN_NUMEOPER,
SYSTEM,COB_DETACOBRO,RCCB_NUMERO,
SYSTEM,COB_DETACOBRO,REFER,
SYSTEM,COB_DETACOBRO,TIPOCAPI,
SYSTEM,COB_DETACOBRO,USUACREA,
SYSTEM,COB_DETACOBRO,USUACTUA,
SYSTEM,COB_DETACOBRO,VABOCAPI,
SYSTEM,COB_DETACOBRO,VABOINTE,
SYSTEM,COB_DETACOBRO,VABOMORA,
SYSTEM,COB_DETACOBRO,VABORECA,
SYSTEM,COB_DETACOBRO,VAINTANT,
SYSTEM,COB_DETACOBRO,VALANTIC,
SYSTEM,COB_DETACOBRO,VALCHEQU,
SYSTEM,COB_DETACOBRO,VALDEPTR,
SYSTEM,COB_DETACOBRO,VALEFECT,
SYSTEM,COB_DETACOBRO,VALONTCR,
SYSTEM,COB_DETACOBRO,VALOOTRS,
SYSTEM,COB_DETACOBRO,VALOR,
SYSTEM,COB_DETACOBRO,VALORETE,
SYSTEM,COB_DETACOBRO,VALOTARJ,
SYSTEM,COB_DETACOBRO,VALTRANS,
SYSTEM,COB_DETACOBRO,VCHAR1,
SYSTEM,COB_DETACOBRO,VCHAR2,
SYSTEM,COB_DETACOBRO,VCHAR3,
SYSTEM,COB_DETACOBRO,VCHAR4,
SYSTEM,COB_DETACOBRO,VCHAR5,
SYSTEM,COB_DETACOBRO,VNDR_CODIGO,
SYSTEM,COB_DETACOBRO,VNDR_COMPANIA,
SYSTEM,COB_DETACOBRO,VNDR_OFICINA,
SYSTEM,COB_DETADEBI,ARTL_ARTICULO,
SYSTEM,COB_DETADEBI,ARTL_CLASE,
SYSTEM,COB_DETADEBI,ARTL_CODIGRUP,
SYSTEM,COB_DETADEBI,ARTL_COMPANIA,
SYSTEM,COB_DETADEBI,CANTIDAD,
SYSTEM,COB_DETADEBI,DDEB_ID,
SYSTEM,COB_DETADEBI,FECHACTU,
SYSTEM,COB_DETADEBI,FECHCREA,
SYSTEM,COB_DETADEBI,OBS,
SYSTEM,COB_DETADEBI,OTRC_OTRC_ID,
SYSTEM,COB_DETADEBI,PRECUNIT,
SYSTEM,COB_DETADEBI,TASAIVA,
SYSTEM,COB_DETADEBI,USUACREA,
SYSTEM,COB_DETADEBI,USUACTUA,
SYSTEM,COB_DETADEBI,VALOR,
SYSTEM,COM_DETACOMP,CANTIDAD,
SYSTEM,COM_DETACOMP,CMDT_ID,
SYSTEM,COM_DETACOMP,CMPR_ALCANCE,
SYSTEM,COM_DETACOMP,CMPR_CEDURUC,
SYSTEM,COM_DETACOMP,CMPR_COMPANIA,
SYSTEM,COM_DETACOMP,CMPR_NUMERO,
SYSTEM,COM_DETACOMP,CMPR_SERIE,
SYSTEM,COM_DETACOMP,CODIGO,
SYSTEM,COM_DETACOMP,DESCRIPCION,
SYSTEM,COM_DETACOMP,DTIP_DTIP_ID,
SYSTEM,COM_DETACOMP,FECHACTU,
SYSTEM,COM_DETACOMP,FECHCREA,
SYSTEM,COM_DETACOMP,MONTOIVA,
SYSTEM,COM_DETACOMP,PORCDESC,
SYSTEM,COM_DETACOMP,PORCIVA,
SYSTEM,COM_DETACOMP,PRECUNIT,
SYSTEM,COM_DETACOMP,REFER,
SYSTEM,COM_DETACOMP,TPIM_TIPOIMPU,
SYSTEM,COM_DETACOMP,USUACREA,
SYSTEM,COM_DETACOMP,USUACTUA,
SYSTEM,COM_DETACOMP,VALODESC,
SYSTEM,COM_DETACOMP,VALOR,
SYSTEM,COM_DETASOLI,CANTIDAD,
SYSTEM,COM_DETASOLI,DSOL_ID,
SYSTEM,COM_DETASOLI,DTMV_DTMV_ID,
SYSTEM,COM_DETASOLI,FECHACTU,
SYSTEM,COM_DETASOLI,FECHCREA,
SYSTEM,COM_DETASOLI,PRECUNIT,
SYSTEM,COM_DETASOLI,SCOM_SCOM_ID,
SYSTEM,COM_DETASOLI,TOTAL,
SYSTEM,COM_DETASOLI,USUACREA,
SYSTEM,COM_DETASOLI,USUACTUA,
SYSTEM,COM_DETORDCP,ARTL_ARTICULO,
SYSTEM,COM_DETORDCP,ARTL_CLASE,
SYSTEM,COM_DETORDCP,ARTL_CODIGRUP,
SYSTEM,COM_DETORDCP,ARTL_COMPANIA,
SYSTEM,COM_DETORDCP,ARTL_GRAR_CLASE,
SYSTEM,COM_DETORDCP,ARTL_GRAR_CODIGRUP,
SYSTEM,COM_DETORDCP,ARTL_GRAR_COMPANIA,
SYSTEM,COM_DETORDCP,CANTIDAD,
SYSTEM,COM_DETORDCP,DTOC_ID,
SYSTEM,COM_DETORDCP,FECHACTU,
SYSTEM,COM_DETORDCP,FECHCREA,
SYSTEM,COM_DETORDCP,OBSERVA,
SYSTEM,COM_DETORDCP,PRECUNIT,
SYSTEM,COM_DETORDCP,USUACREA,
SYSTEM,COM_DETORDCP,USUACTUA,
SYSTEM,COM_PLANPAGO,CAPITAL,
SYSTEM,COM_PLANPAGO,CMPR_ALCANCE,
SYSTEM,COM_PLANPAGO,CMPR_CEDURUC,
SYSTEM,COM_PLANPAGO,CMPR_COMPANIA,
SYSTEM,COM_PLANPAGO,CMPR_NUMERO,
SYSTEM,COM_PLANPAGO,CMPR_SERIE,
SYSTEM,COM_PLANPAGO,DIAS,
SYSTEM,COM_PLANPAGO,EGEN_ESTADO,
SYSTEM,COM_PLANPAGO,FECHACTU,
SYSTEM,COM_PLANPAGO,FECHCREA,
SYSTEM,COM_PLANPAGO,FECHPAGO,
SYSTEM,COM_PLANPAGO,FECHVENC,
SYSTEM,COM_PLANPAGO,INTERES,
SYSTEM,COM_PLANPAGO,NUMECUOT,
SYSTEM,COM_PLANPAGO,OBS,
SYSTEM,COM_PLANPAGO,OTRS_OTRS_ID,
SYSTEM,COM_PLANPAGO,PPAG_ID,
SYSTEM,COM_PLANPAGO,TASAINTE,
SYSTEM,COM_PLANPAGO,USUACREA,
SYSTEM,COM_PLANPAGO,USUACTUA,
SYSTEM,COM_PLANPAGO,VALOCUOT,
SYSTEM,COM_TMPCOMPRAS,ALCANCE,
SYSTEM,COM_TMPCOMPRAS,ANEXO,
SYSTEM,COM_TMPCOMPRAS,ASUMEIVA,
SYSTEM,COM_TMPCOMPRAS,BASEICE,
SYSTEM,COM_TMPCOMPRAS,BASEIVA,
SYSTEM,COM_TMPCOMPRAS,BASEIVA0,
SYSTEM,COM_TMPCOMPRAS,CENTCOST,
SYSTEM,COM_TMPCOMPRAS,CLAVACCESRI,
SYSTEM,COM_TMPCOMPRAS,CODSRI,
SYSTEM,COM_TMPCOMPRAS,CONVTRIB,
SYSTEM,COM_TMPCOMPRAS,CUOTLEAS,
SYSTEM,COM_TMPCOMPRAS,DEDUCIBL,
SYSTEM,COM_TMPCOMPRAS,DESCRIPC,
SYSTEM,COM_TMPCOMPRAS,DESCUEN,
SYSTEM,COM_TMPCOMPRAS,DEVOLUC,
SYSTEM,COM_TMPCOMPRAS,EGEN_ESTADO,
SYSTEM,COM_TMPCOMPRAS,ESTDAUTOSRI,
SYSTEM,COM_TMPCOMPRAS,FECHA,
SYSTEM,COM_TMPCOMPRAS,FECHACTU,
SYSTEM,COM_TMPCOMPRAS,FECHAUTOSRI,
SYSTEM,COM_TMPCOMPRAS,FECHCANC,
SYSTEM,COM_TMPCOMPRAS,FECHCREA,
SYSTEM,COM_TMPCOMPRAS,FECHEMIS,
SYSTEM,COM_TMPCOMPRAS,FECHVALI,
SYSTEM,COM_TMPCOMPRAS,FECHVCTO,
SYSTEM,COM_TMPCOMPRAS,FLETE,
SYSTEM,COM_TMPCOMPRAS,FRPG_FORMPAGO,
SYSTEM,COM_TMPCOMPRAS,IMPSERVI,
SYSTEM,COM_TMPCOMPRAS,INCN_CODITRAN,
SYSTEM,COM_TMPCOMPRAS,INCN_COMPANIA,
SYSTEM,COM_TMPCOMPRAS,INCN_PRODUCTO,
SYSTEM,COM_TMPCOMPRAS,INCN_TIPODOCU,
SYSTEM,COM_TMPCOMPRAS,MONE_MONEDA,
SYSTEM,COM_TMPCOMPRAS,NUMEAUTO,
SYSTEM,COM_TMPCOMPRAS,NUMEAUTOSRI,
SYSTEM,COM_TMPCOMPRAS,NUMEPAGO,
SYSTEM,COM_TMPCOMPRAS,NUMERO,
SYSTEM,COM_TMPCOMPRAS,OBSERVAC,
SYSTEM,COM_TMPCOMPRAS,OFCN_COMPANIA,
SYSTEM,COM_TMPCOMPRAS,OFCN_OFICINA,
SYSTEM,COM_TMPCOMPRAS,OTRCRGBI,
SYSTEM,COM_TMPCOMPRAS,OTRCRGB0,
SYSTEM,COM_TMPCOMPRAS,PAIS_CODIPAIS,
SYSTEM,COM_TMPCOMPRAS,PLAZO,
SYSTEM,COM_TMPCOMPRAS,PORCDEDU,
SYSTEM,COM_TMPCOMPRAS,PROV_CEDURUC,
SYSTEM,COM_TMPCOMPRAS,PROV_COMPANIA,
SYSTEM,COM_TMPCOMPRAS,PRPG_CODIPERI,
SYSTEM,COM_TMPCOMPRAS,REFER,
SYSTEM,COM_TMPCOMPRAS,RELACIONA,
SYSTEM,COM_TMPCOMPRAS,SCTR_SECUTRAN,
SYSTEM,COM_TMPCOMPRAS,SEGURO,
SYSTEM,COM_TMPCOMPRAS,SERIE,
SYSTEM,COM_TMPCOMPRAS,STCM_SUSTENTO,
SYSTEM,COM_TMPCOMPRAS,SUJERETE,
SYSTEM,COM_TMPCOMPRAS,TASAICE,
SYSTEM,COM_TMPCOMPRAS,TASAIVA,
SYSTEM,COM_TMPCOMPRAS,TOTAL,
SYSTEM,COM_TMPCOMPRAS,TPPG_CODIGO,
SYSTEM,COM_TMPCOMPRAS,USUACREA,
SYSTEM,COM_TMPCOMPRAS,USUACTUA,
SYSTEM,COM_TMPCOMPRAS,VALODESC,
SYSTEM,COM_TMPCOMPRAS,VALORFOB,
SYSTEM,COM_TMPCOMPRAS,VALORIVA,N
SYSTEM,CST_DETARECT,ARTL_ARTICULO,
SYSTEM,CST_DETARECT,ARTL_CLASE,
SYSTEM,CST_DETARECT,ARTL_CODIGRUP,
SYSTEM,CST_DETARECT,ARTL_COMPANIA,
SYSTEM,CST_DETARECT,CANTIDAD,
SYSTEM,CST_DETARECT,FECHACTUA,
SYSTEM,CST_DETARECT,FECHCREA,
SYSTEM,CST_DETARECT,OBSERVAC,
SYSTEM,CST_DETARECT,RCTA_ID,
SYSTEM,CST_DETARECT,USUACREA,
SYSTEM,CST_DETARECT,USUACTUA,
SYSTEM,CST_DETCENCS,CANTINIC,
SYSTEM,CST_DETCENCS,DTCC_ID,
SYSTEM,CST_DETCENCS,FALTANTE,
SYSTEM,CST_DETCENCS,FECHACTU,
SYSTEM,CST_DETCENCS,FECHCIER,
SYSTEM,CST_DETCENCS,FECHCREA,
SYSTEM,CST_DETCENCS,FECHINGR,
SYSTEM,CST_DETCENCS,FNACIMIE,
SYSTEM,CST_DETCENCS,LTPR_CODIGO,
SYSTEM,CST_DETCENCS,OBSERVAC,
SYSTEM,CST_DETCENCS,UBICACION,
SYSTEM,CST_DETCENCS,USUACREA,
SYSTEM,CST_DETCENCS,USUACTUA,
SYSTEM,CST_DETCENCS,VALOINI,
SYSTEM,CST_DETCENCS,VIGENTE,
SYSTEM,CST_ORDEPROD,ARTL_ARTICULO,
SYSTEM,CST_ORDEPROD,ARTL_CLASE,
SYSTEM,CST_ORDEPROD,ARTL_CODIGRUP,
SYSTEM,CST_ORDEPROD,ARTL_COMPANIA,
SYSTEM,CST_ORDEPROD,ASTO_COMPANIA,
SYSTEM,CST_ORDEPROD,ASTO_NUMEDIAR,
SYSTEM,CST_ORDEPROD,BODEGA,
SYSTEM,CST_ORDEPROD,CANTPRES,
SYSTEM,CST_ORDEPROD,CANTPROD,
SYSTEM,CST_ORDEPROD,CLTE_COMPANIA,
SYSTEM,CST_ORDEPROD,CLTE_IDCLIENTE,
SYSTEM,CST_ORDEPROD,DESCRIPC,
SYSTEM,CST_ORDEPROD,EGEN_ESTADO,
SYSTEM,CST_ORDEPROD,FECHA,
SYSTEM,CST_ORDEPROD,FECHACTU,
SYSTEM,CST_ORDEPROD,FECHCIERR,
SYSTEM,CST_ORDEPROD,FECHCREA,
SYSTEM,CST_ORDEPROD,LTPR_CODIGO,
SYSTEM,CST_ORDEPROD,NUMBER1,
SYSTEM,CST_ORDEPROD,NUMBER2,
SYSTEM,CST_ORDEPROD,NUMBER3,
SYSTEM,CST_ORDEPROD,NUMBER4,
SYSTEM,CST_ORDEPROD,NUMBER5,
SYSTEM,CST_ORDEPROD,NUMEPARA,
SYSTEM,CST_ORDEPROD,NUMERO,
SYSTEM,CST_ORDEPROD,OBS,
SYSTEM,CST_ORDEPROD,OFCN_COMPANIA,
SYSTEM,CST_ORDEPROD,OFCN_OFICINA,
SYSTEM,CST_ORDEPROD,RCTA_ID,
SYSTEM,CST_ORDEPROD,REFER,
SYSTEM,CST_ORDEPROD,USUACREA,
SYSTEM,CST_ORDEPROD,USUACTUA,
SYSTEM,CST_ORDEPROD,VCHAR1,
SYSTEM,CST_ORDEPROD,VCHAR2,
SYSTEM,CST_ORDEPROD,VCHAR3,
SYSTEM,CST_ORDEPROD,VCHAR4,
SYSTEM,CST_ORDEPROD,VCHAR5,
SYSTEM,CST_PRODUCCN,ASTO_COMPANIA,
SYSTEM,CST_PRODUCCN,ASTO_NUMEDIAR,
SYSTEM,CST_PRODUCCN,CANTINIC,
SYSTEM,CST_PRODUCCN,CLND_CLND_ID,
SYSTEM,CST_PRODUCCN,CLPR_TIPO,
SYSTEM,CST_PRODUCCN,DTCC_DTCC_ID,
SYSTEM,CST_PRODUCCN,EDADLOTE,
SYSTEM,CST_PRODUCCN,EGEN_ESTADO,
SYSTEM,CST_PRODUCCN,FECHA,
SYSTEM,CST_PRODUCCN,FECHACTU,
SYSTEM,CST_PRODUCCN,FECHCREA,
SYSTEM,CST_PRODUCCN,FERTILID,
SYSTEM,CST_PRODUCCN,HAPI,
SYSTEM,CST_PRODUCCN,LTPC_ID,
SYSTEM,CST_PRODUCCN,NUMERO,
SYSTEM,CST_PRODUCCN,OBSERVAC,
SYSTEM,CST_PRODUCCN,PRODUCCI,
SYSTEM,CST_PRODUCCN,RHHS_CEDURUC,
SYSTEM,CST_PRODUCCN,USUACREA,
SYSTEM,CST_PRODUCCN,USUACTUA,
SYSTEM,CST_SIMUDETA,ARTICULO,
SYSTEM,CST_SIMUDETA,CANTIDAD,
SYSTEM,CST_SIMUDETA,COSTO,
SYSTEM,CST_SIMUDETA,DESCRIPC,
SYSTEM,CST_SIMUDETA,DSIM_ID,
SYSTEM,CST_SIMUDETA,FECHACTU,
SYSTEM,CST_SIMUDETA,FECHCREA,
SYSTEM,CST_SIMUDETA,NOMBRE,
SYSTEM,CST_SIMUDETA,SIMU_SIMU_ID,
SYSTEM,CST_SIMUDETA,UNIDAD,
SYSTEM,CST_SIMUDETA,USUACREA,
SYSTEM,CST_SIMUDETA,USUACTUA,
SYSTEM,CST_VARIPROD,DESCRIPC,
SYSTEM,CST_VARIPROD,FECHACTU,
SYSTEM,CST_VARIPROD,FECHCREA,
SYSTEM,CST_VARIPROD,USUACREA,
SYSTEM,CST_VARIPROD,USUACTUA,
SYSTEM,CST_VARIPROD,VARP_ID,
SYSTEM,CST_VARIPROD,VARP_VARP_ID,
SYSTEM,CST_VARIPROD,VIGENTE,
SYSTEM,DWH_VENTAS,ANIO,
SYSTEM,DWH_VENTAS,ARTICULO,
SYSTEM,DWH_VENTAS,ARTL_ARTICULO,
SYSTEM,DWH_VENTAS,ARTL_CLASE,
SYSTEM,DWH_VENTAS,ARTL_CODIGRUP,
SYSTEM,DWH_VENTAS,CANTIDAD,
SYSTEM,DWH_VENTAS,CANTON,
SYSTEM,DWH_VENTAS,CEDURUC,
SYSTEM,DWH_VENTAS,CLIENTE,
SYSTEM,DWH_VENTAS,CLTE_IDCLIENTE,
SYSTEM,DWH_VENTAS,CLTE_NOMBRE,
SYSTEM,DWH_VENTAS,CODICANT,
SYSTEM,DWH_VENTAS,CODIPARR,
SYSTEM,DWH_VENTAS,CODIPROV,
SYSTEM,DWH_VENTAS,COD_LINEA,
SYSTEM,DWH_VENTAS,CODLINEA,
SYSTEM,DWH_VENTAS,COD_SUBLINEA,
SYSTEM,DWH_VENTAS,COMPANIA,
SYSTEM,DWH_VENTAS,COSTO,
SYSTEM,DWH_VENTAS,COSTUNIT,
SYSTEM,DWH_VENTAS,DESC_CLASINVE,
SYSTEM,DWH_VENTAS,DESC_CODIGRUP,
SYSTEM,DWH_VENTAS,DESC_CODLINEA,
SYSTEM,DWH_VENTAS,DESC_LINECOMP,
SYSTEM,DWH_VENTAS,DESC_OFICINA,
SYSTEM,DWH_VENTAS,DESC_REGION,
SYSTEM,DWH_VENTAS,DESC_ROTACION,
SYSTEM,DWH_VENTAS,DESCUENTO,
SYSTEM,DWH_VENTAS,DESC_UNIDNEGO,
SYSTEM,DWH_VENTAS,DIA,
SYSTEM,DWH_VENTAS,DWVN_ID,
SYSTEM,DWH_VENTAS,ESTADO_PROV,
SYSTEM,DWH_VENTAS,FACTOR_UTILIDAD,
SYSTEM,DWH_VENTAS,FECHA,
SYSTEM,DWH_VENTAS,FECHACTU,
SYSTEM,DWH_VENTAS,FECHCREA,
SYSTEM,DWH_VENTAS,FECHVCTO,
SYSTEM,DWH_VENTAS,IDCLIENTE,
SYSTEM,DWH_VENTAS,IDCZONA,
SYSTEM,DWH_VENTAS,IDVENDEDOR,
SYSTEM,DWH_VENTAS,IVA,
SYSTEM,DWH_VENTAS,KILOS,
SYSTEM,DWH_VENTAS,LINEA,
SYSTEM,DWH_VENTAS,LINECOMP,
SYSTEM,DWH_VENTAS,MES,
SYSTEM,DWH_VENTAS,MESP,
SYSTEM,DWH_VENTAS,NUMBER1,
SYSTEM,DWH_VENTAS,NUMBER2,
SYSTEM,DWH_VENTAS,NUMBER3,
SYSTEM,DWH_VENTAS,NUMBER4,
SYSTEM,DWH_VENTAS,NUMBER5,
SYSTEM,DWH_VENTAS,NUMERO,
SYSTEM,DWH_VENTAS,NUMERO_NC,
SYSTEM,DWH_VENTAS,OFCN_OFICINA,
SYSTEM,DWH_VENTAS,PARROQUIA,
SYSTEM,DWH_VENTAS,PESO,
SYSTEM,DWH_VENTAS,PORCDESC,
SYSTEM,DWH_VENTAS,PRECUNIT,
SYSTEM,DWH_VENTAS,PRESUPUESTO,
SYSTEM,DWH_VENTAS,PROVEEDOR,
SYSTEM,DWH_VENTAS,PROVINCIA,
SYSTEM,DWH_VENTAS,REFER,
SYSTEM,DWH_VENTAS,ROTACION,
SYSTEM,DWH_VENTAS,SACOS,
SYSTEM,DWH_VENTAS,SEMANA,
SYSTEM,DWH_VENTAS,SERIE,
SYSTEM,DWH_VENTAS,SERIE_NC,
SYSTEM,DWH_VENTAS,SUBLINEA,
SYSTEM,DWH_VENTAS,TALLA,
SYSTEM,DWH_VENTAS,TASAIVA,
SYSTEM,DWH_VENTAS,TIPO_DOCUMENTO,
SYSTEM,DWH_VENTAS,TONELADAS,
SYSTEM,DWH_VENTAS,UMED_UNIDMEDI,
SYSTEM,DWH_VENTAS,UNIDNEGO,
SYSTEM,DWH_VENTAS,USUACREA,
SYSTEM,DWH_VENTAS,USUACTUA,
SYSTEM,DWH_VENTAS,UTILIDAD,
SYSTEM,DWH_VENTAS,VALOR,
SYSTEM,DWH_VENTAS,VCHAR1,
SYSTEM,DWH_VENTAS,VCHAR2,
SYSTEM,DWH_VENTAS,VCHAR3,
SYSTEM,DWH_VENTAS,VCHAR4,
SYSTEM,DWH_VENTAS,VCHAR5,
SYSTEM,DWH_VENTAS,VENDEDOR,
SYSTEM,DWH_VENTAS,VNDR_CODIGO,
SYSTEM,DWH_VENTAS,ZONA,
SYSTEM,DWH_VENTAS,ZONA_CODIZONA,
SYSTEM,DWH_VENTAS_081124,ANIO,
SYSTEM,DWH_VENTAS_081124,ARTICULO,
SYSTEM,DWH_VENTAS_081124,ARTL_ARTICULO,
SYSTEM,DWH_VENTAS_081124,ARTL_CLASE,
SYSTEM,DWH_VENTAS_081124,ARTL_CODIGRUP,
SYSTEM,DWH_VENTAS_081124,CANTIDAD,
SYSTEM,DWH_VENTAS_081124,CANTON,
SYSTEM,DWH_VENTAS_081124,CEDURUC,
SYSTEM,DWH_VENTAS_081124,CLIENTE,
SYSTEM,DWH_VENTAS_081124,CLTE_IDCLIENTE,
SYSTEM,DWH_VENTAS_081124,CLTE_NOMBRE,
SYSTEM,DWH_VENTAS_081124,CODICANT,
SYSTEM,DWH_VENTAS_081124,CODIPARR,
SYSTEM,DWH_VENTAS_081124,CODIPROV,
SYSTEM,DWH_VENTAS_081124,COD_LINEA,
SYSTEM,DWH_VENTAS_081124,CODLINEA,
SYSTEM,DWH_VENTAS_081124,COD_SUBLINEA,
SYSTEM,DWH_VENTAS_081124,COMPANIA,
SYSTEM,DWH_VENTAS_081124,COSTO,
SYSTEM,DWH_VENTAS_081124,COSTUNIT,
SYSTEM,DWH_VENTAS_081124,DESC_CLASINVE,
SYSTEM,DWH_VENTAS_081124,DESC_CODIGRUP,
SYSTEM,DWH_VENTAS_081124,DESC_CODLINEA,
SYSTEM,DWH_VENTAS_081124,DESC_LINECOMP,
SYSTEM,DWH_VENTAS_081124,DESC_OFICINA,
SYSTEM,DWH_VENTAS_081124,DESC_REGION,
SYSTEM,DWH_VENTAS_081124,DESC_ROTACION,
SYSTEM,DWH_VENTAS_081124,DESCUENTO,
SYSTEM,DWH_VENTAS_081124,DESC_UNIDNEGO,
SYSTEM,DWH_VENTAS_081124,DIA,
SYSTEM,DWH_VENTAS_081124,DWVN_ID,
SYSTEM,DWH_VENTAS_081124,ESTADO_PROV,
SYSTEM,DWH_VENTAS_081124,FACTOR_UTILIDAD,
SYSTEM,DWH_VENTAS_081124,FECHA,
SYSTEM,DWH_VENTAS_081124,FECHACTU,
SYSTEM,DWH_VENTAS_081124,FECHCREA,
SYSTEM,DWH_VENTAS_081124,FECHVCTO,
SYSTEM,DWH_VENTAS_081124,IDCLIENTE,
SYSTEM,DWH_VENTAS_081124,IDCZONA,
SYSTEM,DWH_VENTAS_081124,IDVENDEDOR,
SYSTEM,DWH_VENTAS_081124,IVA,
SYSTEM,DWH_VENTAS_081124,KILOS,
SYSTEM,DWH_VENTAS_081124,LINEA,
SYSTEM,DWH_VENTAS_081124,LINECOMP,
SYSTEM,DWH_VENTAS_081124,MES,
SYSTEM,DWH_VENTAS_081124,MESP,
SYSTEM,DWH_VENTAS_081124,NUMBER1,
SYSTEM,DWH_VENTAS_081124,NUMBER2,
SYSTEM,DWH_VENTAS_081124,NUMBER3,
SYSTEM,DWH_VENTAS_081124,NUMBER4,
SYSTEM,DWH_VENTAS_081124,NUMBER5,
SYSTEM,DWH_VENTAS_081124,NUMERO,
SYSTEM,DWH_VENTAS_081124,NUMERO_NC,
SYSTEM,DWH_VENTAS_081124,OFCN_OFICINA,
SYSTEM,DWH_VENTAS_081124,PARROQUIA,
SYSTEM,DWH_VENTAS_081124,PESO,
SYSTEM,DWH_VENTAS_081124,PORCDESC,
SYSTEM,DWH_VENTAS_081124,PRECUNIT,
SYSTEM,DWH_VENTAS_081124,PRESUPUESTO,
SYSTEM,DWH_VENTAS_081124,PROVEEDOR,
SYSTEM,DWH_VENTAS_081124,PROVINCIA,
SYSTEM,DWH_VENTAS_081124,REFER,
SYSTEM,DWH_VENTAS_081124,ROTACION,
SYSTEM,DWH_VENTAS_081124,SACOS,
SYSTEM,DWH_VENTAS_081124,SEMANA,
SYSTEM,DWH_VENTAS_081124,SERIE,
SYSTEM,DWH_VENTAS_081124,SERIE_NC,
SYSTEM,DWH_VENTAS_081124,SUBLINEA,
SYSTEM,DWH_VENTAS_081124,TALLA,
SYSTEM,DWH_VENTAS_081124,TASAIVA,
SYSTEM,DWH_VENTAS_081124,TIPO_DOCUMENTO,
SYSTEM,DWH_VENTAS_081124,TONELADAS,
SYSTEM,DWH_VENTAS_081124,UMED_UNIDMEDI,
SYSTEM,DWH_VENTAS_081124,UNIDNEGO,
SYSTEM,DWH_VENTAS_081124,USUACREA,
SYSTEM,DWH_VENTAS_081124,USUACTUA,
SYSTEM,DWH_VENTAS_081124,UTILIDAD,
SYSTEM,DWH_VENTAS_081124,VALOR,
SYSTEM,DWH_VENTAS_081124,VCHAR1,
SYSTEM,DWH_VENTAS_081124,VCHAR2,
SYSTEM,DWH_VENTAS_081124,VCHAR3,
SYSTEM,DWH_VENTAS_081124,VCHAR4,
SYSTEM,DWH_VENTAS_081124,VCHAR5,
SYSTEM,DWH_VENTAS_081124,VENDEDOR,
SYSTEM,DWH_VENTAS_081124,VNDR_CODIGO,
SYSTEM,DWH_VENTAS_081124,ZONA,
SYSTEM,DWH_VENTAS_081124,ZONA_CODIZONA,
SYSTEM,ECL_DETAFORMU,CAMPOXML,
SYSTEM,ECL_DETAFORMU,CODICAMP,
SYSTEM,ECL_DETAFORMU,DESCRIPC,
SYSTEM,ECL_DETAFORMU,DTFR_CODICAMP,
SYSTEM,ECL_DETAFORMU,DTFR_CODIGO,
SYSTEM,ECL_DETAFORMU,ETIQIMPR,
SYSTEM,ECL_DETAFORMU,FECHACTU,
SYSTEM,ECL_DETAFORMU,FECHCREA,
SYSTEM,ECL_DETAFORMU,FRML_CODIGO,
SYSTEM,ECL_DETAFORMU,GRUPO,
SYSTEM,ECL_DETAFORMU,REQUERID,
SYSTEM,ECL_DETAFORMU,USUACREA,
SYSTEM,ECL_DETAFORMU,USUACTUA,
SYSTEM,ECL_DETAFORMU,VALOR,
SYSTEM,ECL_DETAFORMU,VIGENTE,
SYSTEM,ECT_DETADECLA,DCRN_DCRN_ID,
SYSTEM,ECT_DETADECLA,DTDC_ID,
SYSTEM,ECT_DETADECLA,DTFR_CODICAMP,
SYSTEM,ECT_DETADECLA,DTFR_CODIGO,
SYSTEM,ECT_DETADECLA,FECHACTU,
SYSTEM,ECT_DETADECLA,FECHCREA,
SYSTEM,ECT_DETADECLA,USUACREA,
SYSTEM,ECT_DETADECLA,USUACTUA,
SYSTEM,ECT_DETADECLA,VALOR,
SYSTEM,GEN_FORMPAGO,DEFECTO,
SYSTEM,GEN_FORMPAGO,DESCRIPC,
SYSTEM,GEN_FORMPAGO,FECHACTU,
SYSTEM,GEN_FORMPAGO,FECHCREA,
SYSTEM,GEN_FORMPAGO,FORMPAGO,
SYSTEM,GEN_FORMPAGO,FORMULAR,
SYSTEM,GEN_FORMPAGO,FRPG_PRODUCTO,
SYSTEM,GEN_FORMPAGO,PRODUCTO,
SYSTEM,GEN_FORMPAGO,USUACREA,
SYSTEM,GEN_FORMPAGO,USUACTUA,
SYSTEM,GEN_FORMPAGO,VIGENTE,
SYSTEM,GEN_PERIPAGO,ALCANCE,
SYSTEM,GEN_PERIPAGO,CODIPERI,
SYSTEM,GEN_PERIPAGO,DESCRIPC,
SYSTEM,GEN_PERIPAGO,DIASCALC,
SYSTEM,GEN_PERIPAGO,DISPONIBLE,
SYSTEM,GEN_PERIPAGO,FECHACTU,
SYSTEM,GEN_PERIPAGO,FECHCREA,
SYSTEM,GEN_PERIPAGO,FRPG_FORMPAGO,
SYSTEM,GEN_PERIPAGO,NUMBER1,
SYSTEM,GEN_PERIPAGO,NUMBER2,
SYSTEM,GEN_PERIPAGO,NUMBER3,
SYSTEM,GEN_PERIPAGO,NUMBER4,
SYSTEM,GEN_PERIPAGO,NUMBER5,
SYSTEM,GEN_PERIPAGO,PORCECOMI,
SYSTEM,GEN_PERIPAGO,USUACREA,
SYSTEM,GEN_PERIPAGO,USUACTUA,
SYSTEM,GEN_PERIPAGO,VALOCOMI,
SYSTEM,GEN_PERIPAGO,VCHAR1,
SYSTEM,GEN_PERIPAGO,VCHAR2,
SYSTEM,GEN_PERIPAGO,VCHAR3,
SYSTEM,GEN_PERIPAGO,VCHAR4,
SYSTEM,GEN_PERIPAGO,VCHAR5,
SYSTEM,GEN_PRODUCTOS,DISPONIB,
SYSTEM,GEN_PRODUCTOS,FECHACTU,
SYSTEM,GEN_PRODUCTOS,FECHCREA,
SYSTEM,GEN_PRODUCTOS,MENSAJE,
SYSTEM,GEN_PRODUCTOS,NOMBCORT,
SYSTEM,GEN_PRODUCTOS,NOMBLARG,
SYSTEM,GEN_PRODUCTOS,PRODUCTO,
SYSTEM,GEN_PRODUCTOS,USUACREA,
SYSTEM,GEN_PRODUCTOS,USUACTUA,
SYSTEM,GEN_TIPOPAGO,CODIGO,
SYSTEM,GEN_TIPOPAGO,DESCRIPC,
SYSTEM,GEN_TIPOPAGO,FECHACTU,
SYSTEM,GEN_TIPOPAGO,FECHCREA,
SYSTEM,GEN_TIPOPAGO,USUACREA,
SYSTEM,GEN_TIPOPAGO,USUACTUA,
SYSTEM,IMP_DENOTAPEDI,APROBADO,
SYSTEM,IMP_DENOTAPEDI,ARTL_ARTICULO,
SYSTEM,IMP_DENOTAPEDI,ARTL_CLASE,
SYSTEM,IMP_DENOTAPEDI,ARTL_CODIGRUP,
SYSTEM,IMP_DENOTAPEDI,ARTL_COMPANIA,
SYSTEM,IMP_DENOTAPEDI,CANTAPRO,
SYSTEM,IMP_DENOTAPEDI,CANTFACT,
SYSTEM,IMP_DENOTAPEDI,CANTPEDI,
SYSTEM,IMP_DENOTAPEDI,CANTPESO,
SYSTEM,IMP_DENOTAPEDI,CANTREQU,
SYSTEM,IMP_DENOTAPEDI,DESCRIPC,
SYSTEM,IMP_DENOTAPEDI,DREQ_DREQ_ID,
SYSTEM,IMP_DENOTAPEDI,DTNP_DTNP_ID,
SYSTEM,IMP_DENOTAPEDI,DTNP_ID,
SYSTEM,IMP_DENOTAPEDI,FECHACTU,
SYSTEM,IMP_DENOTAPEDI,FECHCREA,
SYSTEM,IMP_DENOTAPEDI,FOTOREGI,
SYSTEM,IMP_DENOTAPEDI,NTPD_COMPANIA,
SYSTEM,IMP_DENOTAPEDI,NTPD_NUMERO,
SYSTEM,IMP_DENOTAPEDI,NTPD_OFICINA,
SYSTEM,IMP_DENOTAPEDI,PRECUNIT,
SYSTEM,IMP_DENOTAPEDI,USUACREA,
SYSTEM,IMP_DENOTAPEDI,USUACTUA,
SYSTEM,IMP_NOTAPEDI,ASGR_ASGR_ID,
SYSTEM,IMP_NOTAPEDI,CBAN_CATALOGO,
SYSTEM,IMP_NOTAPEDI,CBAN_CODIGO,
SYSTEM,IMP_NOTAPEDI,CBAN_COMPANIA,
SYSTEM,IMP_NOTAPEDI,CONDPAG,
SYSTEM,IMP_NOTAPEDI,EGEN_ESTADO,
SYSTEM,IMP_NOTAPEDI,EMBALAJE,
SYSTEM,IMP_NOTAPEDI,FECHA,
SYSTEM,IMP_NOTAPEDI,FECHACTU,
SYSTEM,IMP_NOTAPEDI,FECHCREA,
SYSTEM,IMP_NOTAPEDI,FECHNEGO,
SYSTEM,IMP_NOTAPEDI,FLETE,
SYSTEM,IMP_NOTAPEDI,IMPT_COMPANIA,
SYSTEM,IMP_NOTAPEDI,IMPT_NUMEIMPO,
SYSTEM,IMP_NOTAPEDI,IMPT_OFICINA,
SYSTEM,IMP_NOTAPEDI,MONE_MONEDA,
SYSTEM,IMP_NOTAPEDI,NTPD_COMPANIA,
SYSTEM,IMP_NOTAPEDI,NTPD_NUMERO,
SYSTEM,IMP_NOTAPEDI,NTPD_OFICINA,
SYSTEM,IMP_NOTAPEDI,NUMEDUI,
SYSTEM,IMP_NOTAPEDI,NUMEMAG,
SYSTEM,IMP_NOTAPEDI,NUMERO,
SYSTEM,IMP_NOTAPEDI,OBS,
SYSTEM,IMP_NOTAPEDI,OFCN_COMPANIA,
SYSTEM,IMP_NOTAPEDI,OFCN_OFICINA,
SYSTEM,IMP_NOTAPEDI,PESOBRUT,
SYSTEM,IMP_NOTAPEDI,PORDSCTO,
SYSTEM,IMP_NOTAPEDI,PORINTER,
SYSTEM,IMP_NOTAPEDI,PROV_CEDURUC,
SYSTEM,IMP_NOTAPEDI,PROV_COMPANIA,
SYSTEM,IMP_NOTAPEDI,REFER,
SYSTEM,IMP_NOTAPEDI,REQU_COMPANIA,
SYSTEM,IMP_NOTAPEDI,REQU_NUMERO,
SYSTEM,IMP_NOTAPEDI,REQU_OFICINA,
SYSTEM,IMP_NOTAPEDI,REQU_TIPODOCU,
SYSTEM,IMP_NOTAPEDI,SEGURO,
SYSTEM,IMP_NOTAPEDI,UMED_UNIDMEDI,
SYSTEM,IMP_NOTAPEDI,USUACREA,
SYSTEM,IMP_NOTAPEDI,USUACTUA,
SYSTEM,IMP_NOTAPEDI,VALDSCTO,
SYSTEM,INF_DETAEQUI,AFIJ_CLASE,
SYSTEM,INF_DETAEQUI,AFIJ_CODIGO,
SYSTEM,INF_DETAEQUI,AFIJ_COMPANIA,
SYSTEM,INF_DETAEQUI,CLAVACCES,
SYSTEM,INF_DETAEQUI,EGEN_ESTADO,
SYSTEM,INF_DETAEQUI,FECHA,
SYSTEM,INF_DETAEQUI,FECHACTU,
SYSTEM,INF_DETAEQUI,FECHCREA,
SYSTEM,INF_DETAEQUI,FICHTECN,
SYSTEM,INF_DETAEQUI,INDE_ID,
SYSTEM,INF_DETAEQUI,INDN_INDN_ID,
SYSTEM,INF_DETAEQUI,IP,
SYSTEM,INF_DETAEQUI,MAC,
SYSTEM,INF_DETAEQUI,OBSERVAC,
SYSTEM,INF_DETAEQUI,USUACREA,
SYSTEM,INF_DETAEQUI,USUACTUA,
SYSTEM,INF_DETAEQUI,USUARIO,
SYSTEM,PAG_DETAPAGO,ASTO_COMPANIA,
SYSTEM,PAG_DETAPAGO,ASTO_NUMEDIAR,
SYSTEM,PAG_DETAPAGO,DESCRIPC,
SYSTEM,PAG_DETAPAGO,DPAG_ID,
SYSTEM,PAG_DETAPAGO,EGEN_ESTADO,
SYSTEM,PAG_DETAPAGO,FECHA,
SYSTEM,PAG_DETAPAGO,FECHACTU,
SYSTEM,PAG_DETAPAGO,FECHCREA,
SYSTEM,PAG_DETAPAGO,NCPR_ALCANCE,
SYSTEM,PAG_DETAPAGO,NCPR_CEDURUC,
SYSTEM,PAG_DETAPAGO,NCPR_COMPANIA,
SYSTEM,PAG_DETAPAGO,NCPR_NUMERO,
SYSTEM,PAG_DETAPAGO,NCPR_SERIE,
SYSTEM,PAG_DETAPAGO,PPAG_PPAG_ID,
SYSTEM,PAG_DETAPAGO,REFER,
SYSTEM,PAG_DETAPAGO,USUACREA,
SYSTEM,PAG_DETAPAGO,USUACTUA,
SYSTEM,PAG_DETAPAGO,VALANTIC,
SYSTEM,PAG_DETAPAGO,VALOR,
SYSTEM,PRT_DETASIENTO,CICLO,
SYSTEM,PRT_DETASIENTO,FECHACTU,
SYSTEM,PRT_DETASIENTO,FECHCREA,
SYSTEM,PRT_DETASIENTO,GPCM_CODIGRUP,
SYSTEM,PRT_DETASIENTO,NUMBER1,
SYSTEM,PRT_DETASIENTO,NUMBER2,
SYSTEM,PRT_DETASIENTO,NUMBER3,
SYSTEM,PRT_DETASIENTO,NUMBER4,
SYSTEM,PRT_DETASIENTO,NUMBER5,
SYSTEM,PRT_DETASIENTO,PCTS_CODIGO,
SYSTEM,PRT_DETASIENTO,PDAS_ID,
SYSTEM,PRT_DETASIENTO,PTBN_NUMEOPER,
SYSTEM,PRT_DETASIENTO,TIPO,
SYSTEM,PRT_DETASIENTO,USUACREA,
SYSTEM,PRT_DETASIENTO,USUACTUA,
SYSTEM,PRT_DETASIENTO,VALOR,
SYSTEM,PRT_DETASIENTO,VALORAUX,
SYSTEM,PRT_DETASIENTO,VCHAR1,
SYSTEM,PRT_DETASIENTO,VCHAR2,
SYSTEM,PRT_DETASIENTO,VCHAR3,
SYSTEM,PRT_DETASIENTO,VCHAR4,
SYSTEM,PRT_DETASIENTO,VCHAR5,
SYSTEM,PRT_DETASOLI,APROBADO,
SYSTEM,PRT_DETASOLI,APROBADOC2,
SYSTEM,PRT_DETASOLI,APROBADOC3,
SYSTEM,PRT_DETASOLI,APROBADOC4,
SYSTEM,PRT_DETASOLI,APROBADOC5,
SYSTEM,PRT_DETASOLI,CLTE_COMPANIA,
SYSTEM,PRT_DETASOLI,CLTE_IDCLIENTE,
SYSTEM,PRT_DETASOLI,DETAEXEP,
SYSTEM,PRT_DETASOLI,DETAEXEP2,
SYSTEM,PRT_DETASOLI,ESOL_ESTADO,
SYSTEM,PRT_DETASOLI,EXEPCION,
SYSTEM,PRT_DETASOLI,FECHACTU,
SYSTEM,PRT_DETASOLI,FECHCREA,
SYSTEM,PRT_DETASOLI,MONTO,
SYSTEM,PRT_DETASOLI,MONTOC2,
SYSTEM,PRT_DETASOLI,MONTOC3,
SYSTEM,PRT_DETASOLI,MONTOC4,
SYSTEM,PRT_DETASOLI,MONTOC5,
SYSTEM,PRT_DETASOLI,NUMBER1,
SYSTEM,PRT_DETASOLI,NUMBER2,
SYSTEM,PRT_DETASOLI,NUMBER3,
SYSTEM,PRT_DETASOLI,NUMBER4,
SYSTEM,PRT_DETASOLI,NUMBER5,
SYSTEM,PRT_DETASOLI,PCRG_TIPO,
SYSTEM,PRT_DETASOLI,PDSL_ID,
SYSTEM,PRT_DETASOLI,PRTC_TIPOCRED,
SYSTEM,PRT_DETASOLI,PSLG_NUMERO,
SYSTEM,PRT_DETASOLI,REFER,
SYSTEM,PRT_DETASOLI,TPDC_TIPODOCU,
SYSTEM,PRT_DETASOLI,USUACREA,
SYSTEM,PRT_DETASOLI,USUACTUA,
SYSTEM,PRT_DETASOLI,VCHAR1,
SYSTEM,PRT_DETASOLI,VCHAR2,
SYSTEM,PRT_DETASOLI,VCHAR3,
SYSTEM,PRT_DETASOLI,VCHAR4,
SYSTEM,PRT_DETASOLI,VCHAR5,
SYSTEM,PRT_DETIPCAU,DCSL_ID,
SYSTEM,PRT_DETIPCAU,DESCRIPC,
SYSTEM,PRT_DETIPCAU,FECHACTU,
SYSTEM,PRT_DETIPCAU,FECHCREA,
SYSTEM,PRT_DETIPCAU,NUMBER1,
SYSTEM,PRT_DETIPCAU,NUMBER2,
SYSTEM,PRT_DETIPCAU,NUMBER3,
SYSTEM,PRT_DETIPCAU,NUMBER4,
SYSTEM,PRT_DETIPCAU,NUMBER5,
SYSTEM,PRT_DETIPCAU,PCTS_CODIGO,
SYSTEM,PRT_DETIPCAU,TCSL_TIPCASUA,
SYSTEM,PRT_DETIPCAU,TIPO,
SYSTEM,PRT_DETIPCAU,TPDC_TIPODOCU,
SYSTEM,PRT_DETIPCAU,USUACREA,
SYSTEM,PRT_DETIPCAU,USUACTUA,
SYSTEM,PRT_DETIPCAU,VARSISTEMA,
SYSTEM,PRT_DETIPCAU,VCHAR1,
SYSTEM,PRT_DETIPCAU,VCHAR2,
SYSTEM,PRT_DETIPCAU,VCHAR3,
SYSTEM,PRT_DETIPCAU,VCHAR4,
SYSTEM,PRT_DETIPCAU,VCHAR5,
SYSTEM,PRT_SIMUDETA,ABONORE,
SYSTEM,PRT_SIMUDETA,CAPITAL,
SYSTEM,PRT_SIMUDETA,CCPT_TIPOCAPI,
SYSTEM,PRT_SIMUDETA,DIAS,
SYSTEM,PRT_SIMUDETA,EGEN_ESTADO,
SYSTEM,PRT_SIMUDETA,FECHACTU,
SYSTEM,PRT_SIMUDETA,FECHCOBR,
SYSTEM,PRT_SIMUDETA,FECHCREA,
SYSTEM,PRT_SIMUDETA,FECHVENC,
SYSTEM,PRT_SIMUDETA,FRPG_FORMPAGO,
SYSTEM,PRT_SIMUDETA,INTECALC,
SYSTEM,PRT_SIMUDETA,INTEMORA,
SYSTEM,PRT_SIMUDETA,INTERES,
SYSTEM,PRT_SIMUDETA,NUMBER1,
SYSTEM,PRT_SIMUDETA,NUMBER2,
SYSTEM,PRT_SIMUDETA,NUMBER3,
SYSTEM,PRT_SIMUDETA,NUMBER4,
SYSTEM,PRT_SIMUDETA,NUMBER5,
SYSTEM,PRT_SIMUDETA,NUMECUOT,
SYSTEM,PRT_SIMUDETA,OBS,
SYSTEM,PRT_SIMUDETA,SALDCAPI,
SYSTEM,PRT_SIMUDETA,SDET_ID,
SYSTEM,PRT_SIMUDETA,SMCR_SMCR_ID,
SYSTEM,PRT_SIMUDETA,TASAINTE,
SYSTEM,PRT_SIMUDETA,USUACREA,
SYSTEM,PRT_SIMUDETA,USUACTUA,
SYSTEM,PRT_SIMUDETA,VALOCOUT,
SYSTEM,PRT_SIMUDETA,VCHAR1,
SYSTEM,PRT_SIMUDETA,VCHAR2,
SYSTEM,PRT_SIMUDETA,VCHAR3,
SYSTEM,PRT_SIMUDETA,VCHAR4,
SYSTEM,PRT_SIMUDETA,VCHAR5,
SYSTEM,RHH_DETAPRES,ARTL_ARTICULO,
SYSTEM,RHH_DETAPRES,ARTL_CLASE,
SYSTEM,RHH_DETAPRES,ARTL_CODIGRUP,
SYSTEM,RHH_DETAPRES,ARTL_COMPANIA,
SYSTEM,RHH_DETAPRES,CANTIDAD,
SYSTEM,RHH_DETAPRES,COSTO,
SYSTEM,RHH_DETAPRES,DPRS_ID,
SYSTEM,RHH_DETAPRES,FACTOR,
SYSTEM,RHH_DETAPRES,FECHACTU,
SYSTEM,RHH_DETAPRES,FECHCREA,
SYSTEM,RHH_DETAPRES,MESES,
SYSTEM,RHH_DETAPRES,NUMBER1,
SYSTEM,RHH_DETAPRES,NUMBER2,
SYSTEM,RHH_DETAPRES,NUMBER3,
SYSTEM,RHH_DETAPRES,NUMBER4,
SYSTEM,RHH_DETAPRES,NUMBER5,
SYSTEM,RHH_DETAPRES,PRS_COMPANIA,
SYSTEM,RHH_DETAPRES,PRS_NUMERO,
SYSTEM,RHH_DETAPRES,PRS_OFICINA,
SYSTEM,RHH_DETAPRES,RHHS_CEDURUC,
SYSTEM,RHH_DETAPRES,SUELDO,
SYSTEM,RHH_DETAPRES,TCSI_COMPANIA,
SYSTEM,RHH_DETAPRES,TCSI_TIPOCOST,
SYSTEM,RHH_DETAPRES,TIPO,
SYSTEM,RHH_DETAPRES,USUACREA,
SYSTEM,RHH_DETAPRES,USUACTUA,
SYSTEM,RHH_DETAPRES,VALOR,
SYSTEM,RHH_DETAPRES,VCHAR1,
SYSTEM,RHH_DETAPRES,VCHAR2,
SYSTEM,RHH_DETAPRES,VCHAR3,
SYSTEM,RHH_DETAPRES,VCHAR4,
SYSTEM,RHH_DETAPRES,VCHAR5,
SYSTEM,RHH_DETAVENC,ASTO_CMPN_COMPANIA,
SYSTEM,RHH_DETAVENC,ASTO_NUMEDIAR,
SYSTEM,RHH_DETAVENC,CUOTAS_ID,
SYSTEM,RHH_DETAVENC,DESCRIP,
SYSTEM,RHH_DETAVENC,EGEN_ESTADO,
SYSTEM,RHH_DETAVENC,FECHA,
SYSTEM,RHH_DETAVENC,FECHACTU,
SYSTEM,RHH_DETAVENC,FECHCOBR,
SYSTEM,RHH_DETAVENC,FECHCREA,
SYSTEM,RHH_DETAVENC,REFER,
SYSTEM,RHH_DETAVENC,USUACREA,
SYSTEM,RHH_DETAVENC,USUACTUA,
SYSTEM,RHH_DETAVENC,VALOR,
SYSTEM,RHH_DETAVENC,VNCT_ID,
SYSTEM,RHH_PAGOVACA,ASTO_COMPANIA,
SYSTEM,RHH_PAGOVACA,ASTO_NUMEDIAR,
SYSTEM,RHH_PAGOVACA,CANUMBER1,
SYSTEM,RHH_PAGOVACA,CANUMBER2,
SYSTEM,RHH_PAGOVACA,CVARCHAR1,
SYSTEM,RHH_PAGOVACA,CVARCHAR2,
SYSTEM,RHH_PAGOVACA,EGEN_ESTADO,
SYSTEM,RHH_PAGOVACA,FECHA,
SYSTEM,RHH_PAGOVACA,FECHACTU,
SYSTEM,RHH_PAGOVACA,FECHCREA,
SYSTEM,RHH_PAGOVACA,OBS,
SYSTEM,RHH_PAGOVACA,PGVC_ID,
SYSTEM,RHH_PAGOVACA,PRVN_CEDURUC,
SYSTEM,RHH_PAGOVACA,PRVN_CODIPROV,
SYSTEM,RHH_PAGOVACA,PRVN_FECHA,
SYSTEM,RHH_PAGOVACA,USUACREA,
SYSTEM,RHH_PAGOVACA,USUACTUA,
SYSTEM,RHH_PAGOVACA,VALOR,
SYSTEM,RHH_PRODUCTOS,CODIGO,
SYSTEM,RHH_PRODUCTOS,FECHACTU,
SYSTEM,RHH_PRODUCTOS,FECHCREA,
SYSTEM,RHH_PRODUCTOS,NOMBRE,
SYSTEM,RHH_PRODUCTOS,USUACREA,
SYSTEM,RHH_PRODUCTOS,USUACTUA,
SYSTEM,SEG_PRODUCTO,DESCRIPC,
SYSTEM,SEG_PRODUCTO,FECHACTU,
SYSTEM,SEG_PRODUCTO,FECHCREA,
SYSTEM,SEG_PRODUCTO,PRODUCTO,
SYSTEM,SEG_PRODUCTO,URL,
SYSTEM,SEG_PRODUCTO,USUACREA,
SYSTEM,SEG_PRODUCTO,USUACTUA,
SYSTEM,SEG_PRODUCTO,VIGENTE,
SYSTEM,SEG_PRODUSUA,DESCRIPC,
SYSTEM,SEG_PRODUSUA,FECHACTU,
SYSTEM,SEG_PRODUSUA,FECHCREA,
SYSTEM,SEG_PRODUSUA,PRDT_PRODUCTO,
SYSTEM,SEG_PRODUSUA,USUACREA,
SYSTEM,SEG_PRODUSUA,USUACTUA,
SYSTEM,SEG_PRODUSUA,USUA_IDUSUAR,
SYSTEM,SRI_DETALOGF,ERDO_ID,
SYSTEM,SRI_DETALOGF,FECHACTU,
SYSTEM,SRI_DETALOGF,FECHCREA,
SYSTEM,SRI_DETALOGF,LGFA_LGFA_ID,
SYSTEM,SRI_DETALOGF,OBSERVAC,
SYSTEM,SRI_DETALOGF,TPER_CODIERRO,
SYSTEM,SRI_DETALOGF,USUACREA,
SYSTEM,SRI_DETALOGF,USUACTUA,
SYSTEM,SRI_LOGFACTU,AUTORIZA,
SYSTEM,SRI_LOGFACTU,CEDURUC,
SYSTEM,SRI_LOGFACTU,COMPANIA,
SYSTEM,SRI_LOGFACTU,EMAIL,
SYSTEM,SRI_LOGFACTU,ESTARECI,
SYSTEM,SRI_LOGFACTU,ESTAUTOR,
SYSTEM,SRI_LOGFACTU,FECHA,
SYSTEM,SRI_LOGFACTU,FECHACTU,
SYSTEM,SRI_LOGFACTU,FECHAUTO,
SYSTEM,SRI_LOGFACTU,FECHCREA,
SYSTEM,SRI_LOGFACTU,FECHFIRM,
SYSTEM,SRI_LOGFACTU,FECHMAIL,
SYSTEM,SRI_LOGFACTU,FECHRECI,
SYSTEM,SRI_LOGFACTU,FECHVALI,
SYSTEM,SRI_LOGFACTU,FIRMADO,
SYSTEM,SRI_LOGFACTU,LGFA_ID,
SYSTEM,SRI_LOGFACTU,LGFA_MOTIVO,
SYSTEM,SRI_LOGFACTU,MAIL,
SYSTEM,SRI_LOGFACTU,MENSAUTO,
SYSTEM,SRI_LOGFACTU,MENSMAIL,
SYSTEM,SRI_LOGFACTU,MENSRECI,
SYSTEM,SRI_LOGFACTU,MENSVALI,
SYSTEM,SRI_LOGFACTU,MOTIVO,
SYSTEM,SRI_LOGFACTU,NOMBDOCU,
SYSTEM,SRI_LOGFACTU,NUMERO,
SYSTEM,SRI_LOGFACTU,OFICINA,
SYSTEM,SRI_LOGFACTU,RAZOSOCI,
SYSTEM,SRI_LOGFACTU,RECIBIDO,
SYSTEM,SRI_LOGFACTU,SERIE,
SYSTEM,SRI_LOGFACTU,TPCM_TIPOCOMP,
SYSTEM,SRI_LOGFACTU,USUACREA,
SYSTEM,SRI_LOGFACTU,USUACTUA,
SYSTEM,SRI_LOGFACTU,VALIDADO,
SYSTEM,SRI_LOGFACTU,VCHAR1,
SYSTEM,SRI_LOGFACTU,VCHAR2,
SYSTEM,SRI_LOGFACTU,VCHAR3,
SYSTEM,SRI_LOGFACTU,VCHAR4,
SYSTEM,SRI_LOGFACTU,VCHAR5,
SYSTEM,SRV_INDETEOB,ABRTECOB,
SYSTEM,SRV_INDETEOB,DEFINICI,
SYSTEM,SRV_INDETEOB,EXPLICAC,
SYSTEM,SRV_INDETEOB,FECHACTU,
SYSTEM,SRV_INDETEOB,FECHCREA,
SYSTEM,SRV_INDETEOB,NOMENCLA,
SYSTEM,SRV_INDETEOB,USUACREA,
SYSTEM,SRV_INDETEOB,USUACTUA,
SYSTEM,SRV_SEPRVDET,ARTL_ARTICULO,
SYSTEM,SRV_SEPRVDET,ARTL_CLASE,
SYSTEM,SRV_SEPRVDET,ARTL_CODIGRUP,
SYSTEM,SRV_SEPRVDET,ARTL_COMPANIA,
SYSTEM,SRV_SEPRVDET,CANTIDAD,
SYSTEM,SRV_SEPRVDET,CLTE_COMPANIA,
SYSTEM,SRV_SEPRVDET,CLTE_IDCLIENTE,
SYSTEM,SRV_SEPRVDET,EGEN_ESTADO,
SYSTEM,SRV_SEPRVDET,FECHACTU,
SYSTEM,SRV_SEPRVDET,FECHCREA,
SYSTEM,SRV_SEPRVDET,FECHDESI,
SYSTEM,SRV_SEPRVDET,FECHINST,
SYSTEM,SRV_SEPRVDET,IVAPORCE,
SYSTEM,SRV_SEPRVDET,IVAVALOR,
SYSTEM,SRV_SEPRVDET,RCDP_IDRESCLI,
SYSTEM,SRV_SEPRVDET,SEHAFACT,
SYSTEM,SRV_SEPRVDET,SPVC_SPVC_ID,
SYSTEM,SRV_SEPRVDET,SPVD_ID,
SYSTEM,SRV_SEPRVDET,SPVD_SPVD_ID,
SYSTEM,SRV_SEPRVDET,STCR_STCR_ID,
SYSTEM,SRV_SEPRVDET,SUBTOTAL,
SYSTEM,SRV_SEPRVDET,UMED_UNIDMEDI,
SYSTEM,SRV_SEPRVDET,USUACREA,
SYSTEM,SRV_SEPRVDET,USUACTUA,
SYSTEM,SRV_SEPRVDET,VALORSRV,
SYSTEM,TLL_DETAORDEN,ARTL_ARTICULO,
SYSTEM,TLL_DETAORDEN,ARTL_CLASE,
SYSTEM,TLL_DETAORDEN,ARTL_CODIGRUP,
SYSTEM,TLL_DETAORDEN,ARTL_COMPANIA,
SYSTEM,TLL_DETAORDEN,CANTIDAD,
SYSTEM,TLL_DETAORDEN,CANTSOLI,
SYSTEM,TLL_DETAORDEN,DTOR_ID,
SYSTEM,TLL_DETAORDEN,EXTERNO,
SYSTEM,TLL_DETAORDEN,FECHACTU,
SYSTEM,TLL_DETAORDEN,FECHCREA,
SYSTEM,TLL_DETAORDEN,OBSERVAC,
SYSTEM,TLL_DETAORDEN,ORTB_COMPANIA,
SYSTEM,TLL_DETAORDEN,ORTB_OFICINA,
SYSTEM,TLL_DETAORDEN,ORTB_ORDEN,
SYSTEM,TLL_DETAORDEN,PRECIO,
SYSTEM,TLL_DETAORDEN,PRECTOTA,
SYSTEM,TLL_DETAORDEN,USUACREA,
SYSTEM,TLL_DETAORDEN,USUACTUA,
SYSTEM,TLL_DETAREQUI,ARTL_ARTICULO,
SYSTEM,TLL_DETAREQUI,ARTL_CLASE,
SYSTEM,TLL_DETAREQUI,ARTL_CODIGRUP,
SYSTEM,TLL_DETAREQUI,ARTL_COMPANIA,
SYSTEM,TLL_DETAREQUI,BDGA_CODIBODE,
SYSTEM,TLL_DETAREQUI,BDGA_COMPANIA,
SYSTEM,TLL_DETAREQUI,BDGA_OFICINA,
SYSTEM,TLL_DETAREQUI,CANTDEV,
SYSTEM,TLL_DETAREQUI,CANTIDAD,
SYSTEM,TLL_DETAREQUI,CANTSOLI,
SYSTEM,TLL_DETAREQUI,COSTOUNI,
SYSTEM,TLL_DETAREQUI,DTRQ_ID,
SYSTEM,TLL_DETAREQUI,FECHACTU,
SYSTEM,TLL_DETAREQUI,FECHCREA,
SYSTEM,TLL_DETAREQUI,OBSERVAC,
SYSTEM,TLL_DETAREQUI,ONRC_COMPANIA,
SYSTEM,TLL_DETAREQUI,ONRC_NUMERO,
SYSTEM,TLL_DETAREQUI,ONRC_OFICINA,
SYSTEM,TLL_DETAREQUI,ONRC_ORDEN,
SYSTEM,TLL_DETAREQUI,PRECIO,
SYSTEM,TLL_DETAREQUI,PRECTOT,
SYSTEM,TLL_DETAREQUI,USUACREA,
SYSTEM,TLL_DETAREQUI,USUACTUA,
SYSTEM,TLL_ORDENTRC,CANTIDAD,
SYSTEM,TLL_ORDENTRC,CANTSOLI,
SYSTEM,TLL_ORDENTRC,DTOR_DTOR_ID,
SYSTEM,TLL_ORDENTRC,EGEN_ESTADO,
SYSTEM,TLL_ORDENTRC,ENSA_COMPANIA,
SYSTEM,TLL_ORDENTRC,ENSA_NUMERO,
SYSTEM,TLL_ORDENTRC,ENSA_OFICINA,
SYSTEM,TLL_ORDENTRC,ENSA_TIPODOCU,
SYSTEM,TLL_ORDENTRC,FECHA,
SYSTEM,TLL_ORDENTRC,FECHACTU,
SYSTEM,TLL_ORDENTRC,FECHCREA,
SYSTEM,TLL_ORDENTRC,FECHENTR,
SYSTEM,TLL_ORDENTRC,NUMERO,
SYSTEM,TLL_ORDENTRC,OBSERVACI,
SYSTEM,TLL_ORDENTRC,ORTB_COMPANIA,
SYSTEM,TLL_ORDENTRC,ORTB_OFICINA,
SYSTEM,TLL_ORDENTRC,ORTB_ORDEN,
SYSTEM,TLL_ORDENTRC,PRECIO,
SYSTEM,TLL_ORDENTRC,PRECTOT,
SYSTEM,TLL_ORDENTRC,SOLICITA,
SYSTEM,TLL_ORDENTRC,USUACREA,
SYSTEM,TLL_ORDENTRC,USUACTUA,
SYSTEM,TLL_ORDETRAB,CDT_CDT_ID,
SYSTEM,TLL_ORDETRAB,DETADANO,
SYSTEM,TLL_ORDETRAB,DIAGNOST,
SYSTEM,TLL_ORDETRAB,EGEN_ESTADO,
SYSTEM,TLL_ORDETRAB,FECHACTU,
SYSTEM,TLL_ORDETRAB,FECHCREA,
SYSTEM,TLL_ORDETRAB,FECHINGR,
SYSTEM,TLL_ORDETRAB,FECHSALE,
SYSTEM,TLL_ORDETRAB,KM,
SYSTEM,TLL_ORDETRAB,MEDIDA,
SYSTEM,TLL_ORDETRAB,OBSERVAC,
SYSTEM,TLL_ORDETRAB,OFCN_COMPANIA,
SYSTEM,TLL_ORDETRAB,OFCN_OFICINA,
SYSTEM,TLL_ORDETRAB,ORDEN,
SYSTEM,TLL_ORDETRAB,ORTB_COMPANIA,
SYSTEM,TLL_ORDETRAB,ORTB_OFICINA,
SYSTEM,TLL_ORDETRAB,ORTB_ORDEN,
SYSTEM,TLL_ORDETRAB,RHHS_CEDURUC,
SYSTEM,TLL_ORDETRAB,TPDG_CODIGO,
SYSTEM,TLL_ORDETRAB,TPTB_TP,
SYSTEM,TLL_ORDETRAB,USUACREA,
SYSTEM,TLL_ORDETRAB,USUACTUA,
SYSTEM,TLL_ORDETRAB,VHTL_COMPANIA,
SYSTEM,TLL_ORDETRAB,VHTL_IDCLIENTE,
SYSTEM,TLL_ORDETRAB,VHTL_PLACA,
SYSTEM,TMP_DETAREQU,ARTICULO,
SYSTEM,TMP_DETAREQU,BODEGA,
SYSTEM,TMP_DETAREQU,CANTBODE,
SYSTEM,TMP_DETAREQU,CANTSOLI,
SYSTEM,TMP_DETAREQU,CANTSUGE,
SYSTEM,TMP_DETAREQU,CLASE,
SYSTEM,TMP_DETAREQU,COMPANIA,
SYSTEM,TMP_DETAREQU,COSTPROM,
SYSTEM,TMP_DETAREQU,COSTUNIT,
SYSTEM,TMP_DETAREQU,FULTCOMP,
SYSTEM,TMP_DETAREQU,GRUPO,
SYSTEM,TMP_DETAREQU,LINECOMP,
SYSTEM,TMP_DETAREQU,OBSERVAC,
SYSTEM,TMP_DETAREQU,OFICINA,
SYSTEM,TMP_DETAREQU,PROVEEDOR,
SYSTEM,TMP_DETAREQU,SECCION,
SYSTEM,TMP_DETAREQU,TMDR_ID,
SYSTEM,TMP_DETAREQU,ULTMCOST,
SYSTEM,TMP_DETAREQU,VENMESACT,
SYSTEM,VEN_DETAFACT,DTFC_ID,
SYSTEM,VEN_DETAFACT,FECHACTU,
SYSTEM,VEN_DETAFACT,FECHCREA,
SYSTEM,VEN_DETAFACT,USUACREA,
SYSTEM,VEN_DETAFACT,USUACTUA,
SYSTEM,VEN_DETAFLET,CANT_CODICANT,
SYSTEM,VEN_DETAFLET,CANT_CODIPROV,
SYSTEM,VEN_DETAFLET,CARGOADI,
SYSTEM,VEN_DETAFLET,DTFL_ID,
SYSTEM,VEN_DETAFLET,FECHACTU,
SYSTEM,VEN_DETAFLET,FECHCREA,
SYSTEM,VEN_DETAFLET,OBSERVAC,
SYSTEM,VEN_DETAFLET,SRFL_CODIFLET,
SYSTEM,VEN_DETAFLET,SRFL_COMPANIA,
SYSTEM,VEN_DETAFLET,SRFL_OFICINA,
SYSTEM,VEN_DETAFLET,USUACREA,
SYSTEM,VEN_DETAFLET,USUACTUA,
SYSTEM,VEN_DETAFLET,VALOFLET,
SYSTEM,VEN_DETAPROD,ARTL_ARTICULO,
SYSTEM,VEN_DETAPROD,ARTL_CLASE,
SYSTEM,VEN_DETAPROD,ARTL_CODIGRUP,
SYSTEM,VEN_DETAPROD,ARTL_COMPANIA,
SYSTEM,VEN_DETAPROD,CANTDEVU,
SYSTEM,VEN_DETAPROD,CANTFACT,
SYSTEM,VEN_DETAPROD,CANTIDAD,
SYSTEM,VEN_DETAPROD,COSTACTU,
SYSTEM,VEN_DETAPROD,COSTUNIT,
SYSTEM,VEN_DETAPROD,DPR_DPR_ID,
SYSTEM,VEN_DETAPROD,DPR_ID,
SYSTEM,VEN_DETAPROD,ENTRSALI,
SYSTEM,VEN_DETAPROD,FECHACTU,
SYSTEM,VEN_DETAPROD,FECHCREA,
SYSTEM,VEN_DETAPROD,NCCL_COMPANIA,
SYSTEM,VEN_DETAPROD,NCCL_NUMERO,
SYSTEM,VEN_DETAPROD,NCCL_OFICINA,
SYSTEM,VEN_DETAPROD,NCCL_SERIE,
SYSTEM,VEN_DETAPROD,NUMBER1,
SYSTEM,VEN_DETAPROD,NUMBER2,
SYSTEM,VEN_DETAPROD,NUMBER3,
SYSTEM,VEN_DETAPROD,NUMBER4,
SYSTEM,VEN_DETAPROD,NUMBER5,
SYSTEM,VEN_DETAPROD,OBS,
SYSTEM,VEN_DETAPROD,PORCDESC,
SYSTEM,VEN_DETAPROD,PRECUNIT,
SYSTEM,VEN_DETAPROD,PROMOCION,
SYSTEM,VEN_DETAPROD,PRORATEO,
SYSTEM,VEN_DETAPROD,TASAICE,
SYSTEM,VEN_DETAPROD,TASAIVA,
SYSTEM,VEN_DETAPROD,TIPO,
SYSTEM,VEN_DETAPROD,UMED_UNIDMEDI,
SYSTEM,VEN_DETAPROD,USUACREA,
SYSTEM,VEN_DETAPROD,USUACTUA,
SYSTEM,VEN_DETAPROD,VALDESC,
SYSTEM,VEN_DETAPROD,VALOR,
SYSTEM,VEN_DETAPROD,VALORIVA,
SYSTEM,VEN_DETAPROD,VCHAR1,
SYSTEM,VEN_DETAPROD,VCHAR2,
SYSTEM,VEN_DETAPROD,VCHAR3,
SYSTEM,VEN_DETAPROD,VCHAR4,
SYSTEM,VEN_DETAPROD,VCHAR5,
SYSTEM,VEN_DETAPROD,VNTA_COMPANIA,
SYSTEM,VEN_DETAPROD,VNTA_NUMERO,
SYSTEM,VEN_DETAPROD,VNTA_OFICINA,
SYSTEM,VEN_DETAPROD,VNTA_SERIE,
SYSTEM,VEN_DETAPROD,VNTA_TIPOCOMP,
SYSTEM,VEN_DETAPROF,ARTL_ARTICULO,
SYSTEM,VEN_DETAPROF,ARTL_CLASE,
SYSTEM,VEN_DETAPROF,ARTL_CODIGRUP,
SYSTEM,VEN_DETAPROF,ARTL_COMPANIA,
SYSTEM,VEN_DETAPROF,CANTAUX,
SYSTEM,VEN_DETAPROF,CANTIDAD,
SYSTEM,VEN_DETAPROF,CANTITEM,
SYSTEM,VEN_DETAPROF,CANTPROMO,
SYSTEM,VEN_DETAPROF,COMBO,
SYSTEM,VEN_DETAPROF,DPRF_DPRF_ID,
SYSTEM,VEN_DETAPROF,DPRF_ID,
SYSTEM,VEN_DETAPROF,FECHACTU,
SYSTEM,VEN_DETAPROF,FECHCOMP,
SYSTEM,VEN_DETAPROF,FECHCREA,
SYSTEM,VEN_DETAPROF,NUMBER1,
SYSTEM,VEN_DETAPROF,NUMBER2,
SYSTEM,VEN_DETAPROF,NUMBER3,
SYSTEM,VEN_DETAPROF,NUMBER4,
SYSTEM,VEN_DETAPROF,NUMBER5,
SYSTEM,VEN_DETAPROF,NUMEAGRU,
SYSTEM,VEN_DETAPROF,OBS,
SYSTEM,VEN_DETAPROF,PORCDESC,
SYSTEM,VEN_DETAPROF,PORDESPR,
SYSTEM,VEN_DETAPROF,PRECSINPR,
SYSTEM,VEN_DETAPROF,PRECTOTA,
SYSTEM,VEN_DETAPROF,PRECUNIT,
SYSTEM,VEN_DETAPROF,PRFM_PRFM_ID,
SYSTEM,VEN_DETAPROF,PROMOCION,
SYSTEM,VEN_DETAPROF,PRORATEO,
SYSTEM,VEN_DETAPROF,RCTA_RCTA_ID,
SYSTEM,VEN_DETAPROF,SECC_CODIBODE,
SYSTEM,VEN_DETAPROF,SECC_CODISECC,
SYSTEM,VEN_DETAPROF,SECC_COMPANIA,
SYSTEM,VEN_DETAPROF,SECC_OFICINA,
SYSTEM,VEN_DETAPROF,TASAICE,
SYSTEM,VEN_DETAPROF,TASAIVA,
SYSTEM,VEN_DETAPROF,UMED_UNIDMEDI,
SYSTEM,VEN_DETAPROF,UMED_UNIDMEDI_CAJA,
SYSTEM,VEN_DETAPROF,USUACREA,
SYSTEM,VEN_DETAPROF,USUACTUA,
SYSTEM,VEN_DETAPROF,VALDESC,
SYSTEM,VEN_DETAPROF,VCHAR1,
SYSTEM,VEN_DETAPROF,VCHAR2,
SYSTEM,VEN_DETAPROF,VCHAR3,
SYSTEM,VEN_DETAPROF,VCHAR4,
SYSTEM,VEN_DETAPROF,VCHAR5,
SYSTEM,VEN_DETAPROF,VEDIDO,
SYSTEM,VEN_DETARTPR,ARTL_ARTICULO,
SYSTEM,VEN_DETARTPR,ARTL_CLASE,
SYSTEM,VEN_DETARTPR,ARTL_CODIGRUP,
SYSTEM,VEN_DETARTPR,ARTL_COMPANIA,
SYSTEM,VEN_DETARTPR,FECHACTU,
SYSTEM,VEN_DETARTPR,FECHCREA,
SYSTEM,VEN_DETARTPR,LNEA_CODLINEA,
SYSTEM,VEN_DETARTPR,LNEA_COMPANIA,
SYSTEM,VEN_DETARTPR,USUACREA,
SYSTEM,VEN_DETARTPR,USUACTUA,
SYSTEM,VEN_DETARTPR,VEXI_VEXI_ID,
SYSTEM,VEN_DETARTPR,VIGENTE,
SYSTEM,VEN_GRPOVENT,CDT_CDT_ID,
SYSTEM,VEN_GRPOVENT,FECHACTU,
SYSTEM,VEN_GRPOVENT,FECHCREA,
SYSTEM,VEN_GRPOVENT,GRVN_ID,
SYSTEM,VEN_GRPOVENT,OBSERVAC,
SYSTEM,VEN_GRPOVENT,PRFM_PRFM_ID,
SYSTEM,VEN_GRPOVENT,USUACREA,
SYSTEM,VEN_GRPOVENT,USUACTUA,
SYSTEM,VEN_GRPOVENT,VHCL_VHCL_ID,
SYSTEM,VEN_PLANPAGO,EGEN_ESTADO,
SYSTEM,VEN_PLANPAGO,ESTADOPP,
SYSTEM,VEN_PLANPAGO,FECHA,
SYSTEM,VEN_PLANPAGO,FECHACTU,
SYSTEM,VEN_PLANPAGO,FECHAPP,
SYSTEM,VEN_PLANPAGO,FECHCREA,
SYSTEM,VEN_PLANPAGO,FECHVCTO,
SYSTEM,VEN_PLANPAGO,IDPETIPP,
SYSTEM,VEN_PLANPAGO,LOTRECAP,
SYSTEM,VEN_PLANPAGO,NUMBER1,
SYSTEM,VEN_PLANPAGO,NUMBER2,
SYSTEM,VEN_PLANPAGO,NUMBER3,
SYSTEM,VEN_PLANPAGO,NUMBER4,
SYSTEM,VEN_PLANPAGO,NUMBER5,
SYSTEM,VEN_PLANPAGO,NUMEPLAN,
SYSTEM,VEN_PLANPAGO,OBS,
SYSTEM,VEN_PLANPAGO,OBSERPP,
SYSTEM,VEN_PLANPAGO,PLPP_ID,
SYSTEM,VEN_PLANPAGO,PRFM_PRFM_ID,
SYSTEM,VEN_PLANPAGO,REFERPP,
SYSTEM,VEN_PLANPAGO,REFINTPP,
SYSTEM,VEN_PLANPAGO,USUACREA,
SYSTEM,VEN_PLANPAGO,USUACTUA,
SYSTEM,VEN_PLANPAGO,VALOR,
SYSTEM,VEN_PLANPAGO,VCHAR1,
SYSTEM,VEN_PLANPAGO,VCHAR2,
SYSTEM,VEN_PLANPAGO,VCHAR3,
SYSTEM,VEN_PLANPAGO,VCHAR4,
SYSTEM,VEN_PLANPAGO,VCHAR5,
SYSTEM,VEN_TMPRETDETA,BASERETE,
SYSTEM,VEN_TMPRETDETA,CODIRETESRI,
SYSTEM,VEN_TMPRETDETA,CODTIPRETESRI,
SYSTEM,VEN_TMPRETDETA,DESCRIPC,
SYSTEM,VEN_TMPRETDETA,FECHACTU,
SYSTEM,VEN_TMPRETDETA,FECHCREA,
SYSTEM,VEN_TMPRETDETA,REFER,
SYSTEM,VEN_TMPRETDETA,TASARETE,
SYSTEM,VEN_TMPRETDETA,TMRT_CEDURUCCL,
SYSTEM,VEN_TMPRETDETA,TMRT_NUMERO,
SYSTEM,VEN_TMPRETDETA,TMRT_SERIE,
SYSTEM,VEN_TMPRETDETA,TRDT_ID,
SYSTEM,VEN_TMPRETDETA,TRET_TIPORETE,
SYSTEM,VEN_TMPRETDETA,USUACREA,
SYSTEM,VEN_TMPRETDETA,USUACTUA,
SYSTEM,VEN_TMPRETDETA,VALORETE,
SYSTEM,VEN_VENTAS,ANEXO,
SYSTEM,VEN_VENTAS,ASTO_COMPANIA,
SYSTEM,VEN_VENTAS,ASTO_NUMEDIAR,
SYSTEM,VEN_VENTAS,BASEEXIVA,
SYSTEM,VEN_VENTAS,BASEICE,
SYSTEM,VEN_VENTAS,BASEIVA,
SYSTEM,VEN_VENTAS,BASEIVA0,
SYSTEM,VEN_VENTAS,BASENOIVA,
SYSTEM,VEN_VENTAS,CLAVACCESRI,
SYSTEM,VEN_VENTAS,DESCUENTO,
SYSTEM,VEN_VENTAS,DESPACHO,
SYSTEM,VEN_VENTAS,DIDE_DIDE_ID,
SYSTEM,VEN_VENTAS,EGEN_ESTADO,
SYSTEM,VEN_VENTAS,EMAIL,
SYSTEM,VEN_VENTAS,ENTRPARC,
SYSTEM,VEN_VENTAS,ESPECIAL,
SYSTEM,VEN_VENTAS,ESTDAUTOSRI,
SYSTEM,VEN_VENTAS,FECHA,
SYSTEM,VEN_VENTAS,FECHACTU,
SYSTEM,VEN_VENTAS,FECHAUTOSRI,
SYSTEM,VEN_VENTAS,FECHCANC,
SYSTEM,VEN_VENTAS,FECHCREA,
SYSTEM,VEN_VENTAS,FECHDESP,
SYSTEM,VEN_VENTAS,FECHFUTU,
SYSTEM,VEN_VENTAS,FECHPROC,
SYSTEM,VEN_VENTAS,FECHVALI,
SYSTEM,VEN_VENTAS,FECHVCTO,
SYSTEM,VEN_VENTAS,FENVIO,
SYSTEM,VEN_VENTAS,FLETE,
SYSTEM,VEN_VENTAS,FRPG_FORMPAGO,
SYSTEM,VEN_VENTAS,GRPS_COMPANIA,
SYSTEM,VEN_VENTAS,GRPS_IDCLIENTE,
SYSTEM,VEN_VENTAS,GRPS_LSPR_ID,
SYSTEM,VEN_VENTAS,IMPRESO,
SYSTEM,VEN_VENTAS,IMPSERVI,
SYSTEM,VEN_VENTAS,INCN_CODITRAN,
SYSTEM,VEN_VENTAS,INCN_COMPANIA,
SYSTEM,VEN_VENTAS,INCN_PRODUCTO,
SYSTEM,VEN_VENTAS,INCN_TIPODOCU,
SYSTEM,VEN_VENTAS,IRBPNR,
SYSTEM,VEN_VENTAS,LTPR_CODIGO,
SYSTEM,VEN_VENTAS,MONE_MONEDA,
SYSTEM,VEN_VENTAS,NUMBER1,
SYSTEM,VEN_VENTAS,NUMBER2,
SYSTEM,VEN_VENTAS,NUMBER3,
SYSTEM,VEN_VENTAS,NUMBER4,
SYSTEM,VEN_VENTAS,NUMBER5,
SYSTEM,VEN_VENTAS,NUMEAUTO,
SYSTEM,VEN_VENTAS,NUMEAUTOSRI,
SYSTEM,VEN_VENTAS,NUMECONT,
SYSTEM,VEN_VENTAS,NUMEDIARAN,
SYSTEM,VEN_VENTAS,NUMEDIARPR,
SYSTEM,VEN_VENTAS,NUMERO,
SYSTEM,VEN_VENTAS,OBS,
SYSTEM,VEN_VENTAS,OFCN_COMPANIA,
SYSTEM,VEN_VENTAS,OFCN_OFICINA,
SYSTEM,VEN_VENTAS,ORTB_COMPANIA,
SYSTEM,VEN_VENTAS,ORTB_OFICINA,
SYSTEM,VEN_VENTAS,ORTB_ORDEN,
SYSTEM,VEN_VENTAS,ORTR_ORTR_ID,
SYSTEM,VEN_VENTAS,PRFM_PRFM_ID,
SYSTEM,VEN_VENTAS,PRPG_CODIPERI,
SYSTEM,VEN_VENTAS,REFER,
SYSTEM,VEN_VENTAS,SCTR_SECUTRAN,
SYSTEM,VEN_VENTAS,SECUCLIE,
SYSTEM,VEN_VENTAS,SERIE,
SYSTEM,VEN_VENTAS,TASAICE,
SYSTEM,VEN_VENTAS,TASAIVA,
SYSTEM,VEN_VENTAS,TOTAL,
SYSTEM,VEN_VENTAS,TPAG_CODIGO,
SYSTEM,VEN_VENTAS,TPCM_TIPOCOMP,
SYSTEM,VEN_VENTAS,UNNE_CODIGO,
SYSTEM,VEN_VENTAS,USUACREA,
SYSTEM,VEN_VENTAS,USUACTUA,
SYSTEM,VEN_VENTAS,VALDESC,
SYSTEM,VEN_VENTAS,VALIMPSERVI,
SYSTEM,VEN_VENTAS,VALOCOMP,
SYSTEM,VEN_VENTAS,VALORICE,
SYSTEM,VEN_VENTAS,VALORIVA,
SYSTEM,VEN_VENTAS,VCHAR1,
SYSTEM,VEN_VENTAS,VCHAR2,
SYSTEM,VEN_VENTAS,VCHAR3,
SYSTEM,VEN_VENTAS,VCHAR4,
SYSTEM,VEN_VENTAS,VCHAR5,
SYSTEM,VEN_VENTAS,VNDR_CODIGO,
SYSTEM,VEN_VENTAS,VNDR_COMPANIA,
SYSTEM,VEN_VENTAS,VNDR_OFICINA,
SYSTEM,VEN_VENTAS,VNTA_COMPANIA,
SYSTEM,VEN_VENTAS,VNTA_NUMERO,
SYSTEM,VEN_VENTAS,VNTA_OFICINA,
SYSTEM,VEN_VENTAS,VNTA_SERIE,
SYSTEM,VEN_VENTAS,VNTA_TIPOCOMP,
SYSTEM,VEN_VENTPERD,ARTL_ARTICULO,
SYSTEM,VEN_VENTPERD,ARTL_CLASE,
SYSTEM,VEN_VENTPERD,ARTL_CODIGRUP,
SYSTEM,VEN_VENTPERD,ARTL_COMPANIA,
SYSTEM,VEN_VENTPERD,ARTL_NUEVO,
SYSTEM,VEN_VENTPERD,CANTIDAD,
SYSTEM,VEN_VENTPERD,DESCRIP,
SYSTEM,VEN_VENTPERD,FECHA,
SYSTEM,VEN_VENTPERD,FECHACTU,
SYSTEM,VEN_VENTPERD,FECHCREA,
SYSTEM,VEN_VENTPERD,OFCN_COMPANIA,
SYSTEM,VEN_VENTPERD,OFCN_OFICINA,
SYSTEM,VEN_VENTPERD,USUACREA,
SYSTEM,VEN_VENTPERD,USUACTUA,
SYSTEM,VEN_VENTPERD,VNPD_ID,
SYSTEM,VEN_VENTPERD,VNTA_COMPANIA,
SYSTEM,VEN_VENTPERD,VNTA_NUMERO,
SYSTEM,VEN_VENTPERD,VNTA_OFICINA,
SYSTEM,VEN_VENTPERD,VNTA_SERIE,
SYSTEM,VEN_VENTPERD,VNTA_TIPOCOMP,
