TABLE_NAME,COLUMN_COUNT,HAS_PK,HAS_FK,NUM_ROWS_STATS,LAST_ANALYZED
ADM_DETAUTOR,6,Y,Y,0,2026-03-31 19:13:17
AFJ_AFDETMOV,26,Y,Y,0,2026-03-31 19:13:18
AFJ_DETALLE,12,Y,Y,7,2026-03-31 19:13:23
ALM_DETABASC,19,Y,Y,0,2026-03-31 19:13:29
ALM_DETADESP,29,Y,Y,7415,2026-03-31 19:13:30
ALM_DETALOTE,21,Y,Y,55535,2026-03-31 19:13:31
ALM_DETAMOVI,89,Y,Y,77963,2026-03-31 19:13:35
ALM_DETAMOVI_BK,86,N,N,6615,2026-03-31 19:13:37
ALM_DETAPLAN,11,Y,Y,0,2026-03-31 19:13:38
ALM_DETAPROY,25,Y,Y,0,2026-03-31 19:13:38
ALM_DETAREQU,41,Y,Y,40,2026-03-31 19:13:38
ALM_DETARTLL,13,Y,Y,0,2026-03-31 19:13:39
ALM_DETATOFI,32,Y,Y,0,2026-03-31 19:13:39
ALM_PROYPROD,26,Y,Y,0,2026-03-31 19:13:46
ALM_TMPDETALOTE,12,Y,Y,12392,2026-03-31 19:13:48
ALM_TMPDETAMOVI,53,Y,Y,31121,2026-03-31 19:13:49
AUX_CLIENTE,26,N,N,1358,2026-03-31 19:13:55
AUX_INVENTARIO,16,N,N,957,2026-03-31 19:13:55
AUX_INVENTARIO_OB,15,N,N,130,2026-03-31 19:13:56
AUX_SALDO_CLIENTE,7,N,N,620,2026-03-31 19:13:57
AUX_VENTAS,5,N,N,0,2026-03-31 19:13:57
AUX_VENTASFAMP,21,N,N,33465,2026-03-31 19:13:58
BAK_ALM_DETALOTEJUL2023,10,N,N,17347,2026-03-31 19:13:58
BAK_ALM_DETALOTE_2182023_951AM,10,N,N,19022,2026-03-31 19:13:58
BAK_ALM_DETAMOVI_16112022,82,N,N,4733,2026-03-31 19:13:59
BAK_ALM_DETAMOVI_2182023_951AM,88,N,N,20365,2026-03-31 19:14:00
BAK_ALM_TMPDETALOTE21082023,12,N,N,4396,2026-03-31 19:14:01
BAK_AUX_VENTASFAMP,21,N,N,32188,2026-03-31 19:14:03
CLIENTE_AUX,3,N,N,1961,2026-03-31 19:14:13
CLI_ACTIVCLIEN,23,Y,N,0,2026-03-31 19:14:13
CLI_DETAINGEGR,6,Y,N,10,2026-03-31 19:14:17
CLI_DETALINE,8,Y,Y,0,2026-03-31 19:14:17
CLI_DETAVISITA,8,Y,N,0,2026-03-31 19:14:17
CLI_PROPICLIEN,12,Y,N,4,2026-03-31 19:14:25
CNT_DETASIENTO,27,Y,Y,155399,2026-03-31 19:14:42
CNT_DETIPIMP,11,Y,Y,12,2026-03-31 19:14:43
COB_DETACHEQ,9,Y,Y,0,2026-03-31 19:14:50
COB_DETACOBRO,50,Y,Y,12058,2026-03-31 19:14:51
COB_DETADEBI,15,Y,Y,0,2026-03-31 19:14:51
COM_DETACOMP,22,Y,N,0,2026-03-31 19:14:55
COM_DETASOLI,10,Y,Y,0,2026-03-31 19:14:56
COM_DETORDCP,15,Y,N,0,2026-03-31 19:14:56
COM_PLANPAGO,21,Y,Y,10249,2026-03-31 19:14:58
COM_TMPCOMPRAS,64,Y,Y,9895,2026-03-31 19:15:00
CST_DETARECT,11,Y,Y,0,2026-03-31 19:15:02
CST_DETCENCS,15,Y,Y,0,2026-03-31 19:15:03
CST_ORDEPROD,37,Y,Y,0,2026-03-31 19:15:03
CST_PRODUCCN,20,Y,N,0,2026-03-31 19:15:04
CST_SIMUDETA,12,Y,Y,0,2026-03-31 19:15:05
CST_VARIPROD,8,Y,Y,0,2026-03-31 19:15:06
DWH_VENTAS,87,Y,N,27115,2026-03-31 19:15:09
DWH_VENTAS_081124,87,N,N,15109,2026-03-31 19:15:10
ECL_DETAFORMU,15,Y,Y,789,2026-03-31 19:15:12
ECT_DETADECLA,9,Y,Y,0,2026-03-31 19:15:13
GEN_FORMPAGO,11,Y,N,36,2026-03-31 19:15:18
GEN_PERIPAGO,22,Y,Y,14,2026-03-31 19:15:21
GEN_PRODUCTOS,9,Y,N,24,2026-03-31 19:17:28
GEN_TIPOPAGO,6,Y,N,2,2026-03-31 19:17:34
IMP_DENOTAPEDI,23,Y,Y,0,2026-03-31 19:17:37
IMP_NOTAPEDI,40,Y,Y,0,2026-03-31 19:17:40
INF_DETAEQUI,17,Y,Y,0,2026-03-31 19:17:43
PAG_DETAPAGO,19,Y,Y,9994,2026-03-31 19:17:48
PRT_DETASIENTO,22,Y,Y,0,2026-03-31 19:17:54
PRT_DETASOLI,36,Y,Y,0,2026-03-31 19:17:54
PRT_DETIPCAU,21,Y,Y,0,2026-03-31 19:17:55
PRT_SIMUDETA,32,Y,Y,0,2026-03-31 19:18:00
RHH_DETAPRES,32,Y,Y,0,2026-03-31 19:18:10
RHH_DETAVENC,14,Y,Y,0,2026-03-31 19:18:10
RHH_PAGOVACA,18,Y,Y,0,2026-03-31 19:18:16
RHH_PRODUCTOS,6,Y,N,0,2026-03-31 19:18:18
SEG_PRODUCTO,8,Y,N,0,2026-03-31 19:18:31
SEG_PRODUSUA,7,Y,Y,0,2026-03-31 19:18:31
SRI_DETALOGF,8,Y,Y,231700,2026-03-31 19:18:50
SRI_LOGFACTU,38,Y,Y,47408,2026-03-31 19:18:51
SRV_INDETEOB,8,Y,N,0,2026-03-31 19:18:53
SRV_SEPRVDET,25,Y,Y,0,2026-03-31 19:18:55
TLL_DETAORDEN,18,Y,Y,0,2026-03-31 19:18:57
TLL_DETAREQUI,23,Y,Y,0,2026-03-31 19:18:57
TLL_ORDENTRC,22,Y,Y,0,2026-03-31 19:18:58
TLL_ORDETRAB,25,Y,Y,0,2026-03-31 19:18:58
TMP_DETAREQU,19,Y,N,0,2026-03-31 19:19:00
VEN_DETAFACT,5,Y,N,0,2026-03-31 19:19:08
VEN_DETAFLET,13,Y,Y,148,2026-03-31 19:19:08
VEN_DETAPROD,47,Y,Y,2502,2026-03-31 19:19:09
VEN_DETAPROF,47,Y,Y,36051,2026-03-31 19:19:11
VEN_DETARTPR,12,Y,Y,0,2026-03-31 19:19:11
VEN_GRPOVENT,9,Y,Y,0,2026-03-31 19:19:13
VEN_PLANPAGO,29,Y,Y,0,2026-03-31 19:19:19
VEN_TMPRETDETA,16,Y,Y,0,2026-03-31 19:19:28
VEN_VENTAS,92,Y,Y,7851,2026-03-31 19:28:02
VEN_VENTPERD,20,Y,Y,0,2026-03-31 19:19:30
