OWNER,TABLE_NAME,CONSTRAINT_NAME,POSITION,COLUMN_NAME
SYSTEM,ADM_AUTORIZA,AUTO_PK,1,AUTO_ID
SYSTEM,ADM_DETAUTOR,DTAU_PK,1,DTAU_ID
SYSTEM,AFJ_ACTICENT,ACCE_PK,1,ACCE_ID
SYSTEM,AFJ_AFDETMOV,AFDM_PK,1,AFDM_ID
SYSTEM,AFJ_AFGRUPOS,AFGR_PK,1,AFJGRUPO
SYSTEM,AFJ_AFREQUIS,AFRQ_PK,1,NUMERO
SYSTEM,AFJ_AFREQUIS,AFRQ_PK,2,ENTRSALE
SYSTEM,AFJ_AFTIPBOD,AFTB_PK,1,AFTB_ID
SYSTEM,AFJ_AMORTIZA,AMRT_PK,1,AMRT_ID
SYSTEM,AFJ_BIOLOGICO,ACBI_PK,1,CODIGO
SYSTEM,AFJ_CLASACTI,CAFJ_PK,1,CLASE
SYSTEM,AFJ_CLASACTI,CAFJ_PK,2,CMPN_COMPANIA
SYSTEM,AFJ_DEPRECIA,DPRC_PK,1,DPRC_ID
SYSTEM,AFJ_DETALLE,DAC1_PK,1,DAC1_ID
SYSTEM,AFJ_ESTADO,EACT_PK,1,ESTADO
SYSTEM,AFJ_GRUPACTI,GAFJ_PK,1,CODIGRUP
SYSTEM,AFJ_GRUPACTI,GAFJ_PK,2,CAFJ_CLASE
SYSTEM,AFJ_GRUPACTI,GAFJ_PK,3,CAFJ_COMPANIA
SYSTEM,AFJ_LEASING,LEAS_PK,1,NUMERO
SYSTEM,AFJ_MEMORAND,MEMO_PK,1,MEMO_ID
SYSTEM,AFJ_TIPOTRAN,TRS_PK,1,TIPO
SYSTEM,ALM_BODEGAS,BDGA_PK,1,CODIBODE
SYSTEM,ALM_BODEGAS,BDGA_PK,2,OFCN_COMPANIA
SYSTEM,ALM_BODEGAS,BDGA_PK,3,OFCN_OFICINA
SYSTEM,ALM_CAMBPRES,CPRE_PK,1,OFCN_COMPANIA
SYSTEM,ALM_CAMBPRES,CPRE_PK,2,OFCN_OFICINA
SYSTEM,ALM_CAMBPRES,CPRE_PK,3,NUMERO
SYSTEM,ALM_CATEARTI,ARCT_PK,1,ARCT_ID
SYSTEM,ALM_CLASINVE,CINV_PK,1,CMPN_COMPANIA
SYSTEM,ALM_CLASINVE,CINV_PK,2,CLASE
SYSTEM,ALM_CODIBARR,CDBR_PK,1,CODIBARR
SYSTEM,ALM_COMPONENTE,COMP_PK,1,COMP_ID
SYSTEM,ALM_CONVERSI,CONV_PK,1,CONV_ID
SYSTEM,ALM_DECAMPRES,DCAM_PK,1,DCAM_ID
SYSTEM,ALM_DEFICOST,ARDC_PK,1,ARDC_ID
SYSTEM,ALM_DESPACHOS,DSPO_PK,1,NUMERO
SYSTEM,ALM_DETABASC,DTBA_PK,1,DTBA_ID
SYSTEM,ALM_DETADESP,DTPS_PK,1,DTPS_ID
SYSTEM,ALM_DETALOTE,DTLT_PK,1,DTLT_ID
SYSTEM,ALM_DETAMOVI,DTMV_PK,1,DTMV_ID
SYSTEM,ALM_DETAPLAN,DTPL_PK_1,1,DTPL_ID
SYSTEM,ALM_DETAPROY,DPRO_PK,1,DPRO_ID
SYSTEM,ALM_DETAREQU,DREQ_PK,1,DREQ_ID
SYSTEM,ALM_DETARTLL,DATLL_PK,1,DATLL_ID
SYSTEM,ALM_DETATOFI,ADTF_PK,1,ADTF_ID
SYSTEM,ALM_DTEGUIRM,DTGR_PK,1,DTGR_ID
SYSTEM,ALM_ENTRASALI,ENSA_PK,1,OFCN_COMPANIA
SYSTEM,ALM_ENTRASALI,ENSA_PK,2,OFCN_OFICINA
SYSTEM,ALM_ENTRASALI,ENSA_PK,3,TPDC_TIPODOCU
SYSTEM,ALM_ENTRASALI,ENSA_PK,4,NUMERO
SYSTEM,ALM_ESPECIFICAC,EPCF_PK,1,LNEA_CODLINEA
SYSTEM,ALM_ESPECIFICAC,EPCF_PK,2,LNEA_COMPANIA
SYSTEM,ALM_ESPECIFICAC,EPCF_PK,3,ARTL_COMPANIA
SYSTEM,ALM_ESPECIFICAC,EPCF_PK,4,ARTL_CLASE
SYSTEM,ALM_ESPECIFICAC,EPCF_PK,5,ARTL_CODIGRUP
SYSTEM,ALM_ESPECIFICAC,EPCF_PK,6,ARTL_ARTICULO
SYSTEM,ALM_ESPECIFICAC,EPCF_PK,7,PROV_COMPANIA
SYSTEM,ALM_ESPECIFICAC,EPCF_PK,8,PROV_CEDURUC
SYSTEM,ALM_ESPECTALL,SPTL_PK,1,SPTL_ID
SYSTEM,ALM_ETIQUETA,ETQT_PK,1,CODIGO
SYSTEM,ALM_FAVORITO,ARFR_PK,1,ARFR_ID
SYSTEM,ALM_GRUPARTI,GRAR_PK,1,CINV_COMPANIA
SYSTEM,ALM_GRUPARTI,GRAR_PK,2,CINV_CLASE
SYSTEM,ALM_GRUPARTI,GRAR_PK,3,CODIGRUP
SYSTEM,ALM_GUIAREMI,GURM_PK,1,OFCN_COMPANIA
SYSTEM,ALM_GUIAREMI,GURM_PK,2,OFCN_OFICINA
SYSTEM,ALM_GUIAREMI,GURM_PK,3,SERIE
SYSTEM,ALM_GUIAREMI,GURM_PK,4,NUMEGUIA
SYSTEM,ALM_HISTARTI,HSAR_PK,1,HSAR_ID
SYSTEM,ALM_HISTEXIS,HTEX_PK,1,FECHA
SYSTEM,ALM_IMPUESTO,IMTO_PK,1,TPIM_TIPOIMPU
SYSTEM,ALM_IMPUESTO,IMTO_PK,2,ARTL_COMPANIA
SYSTEM,ALM_IMPUESTO,IMTO_PK,3,ARTL_ARTICULO
SYSTEM,ALM_IMPUESTO,IMTO_PK,4,ARTL_CLASE
SYSTEM,ALM_IMPUESTO,IMTO_PK,5,ARTL_CODIGRUP
SYSTEM,ALM_IMPUESTO,IMTO_PK,6,TASA
SYSTEM,ALM_LINEAS,LNEA_PK,1,CODLINEA
SYSTEM,ALM_LINEAS,LNEA_PK,2,CMPN_COMPANIA
SYSTEM,ALM_LINECOMP,LICP_PK,1,CODIGO
SYSTEM,ALM_LOTE,LOTE_PK,1,CMPN_COMPANIA
SYSTEM,ALM_LOTE,LOTE_PK,2,NUMELOTE
SYSTEM,ALM_LOTE,LOTE_PK,3,ALCANCE
SYSTEM,ALM_PARACOMP,PACO_PK,1,PACO_ID
SYSTEM,ALM_PLANIMPR,PLIM_PK,1,CODIGO
SYSTEM,ALM_PRESARTI,PRAR_PK,1,PRAR_ID
SYSTEM,ALM_PROYPROD,PRPD_PK,1,PRPD_ID
SYSTEM,ALM_REQUERIM,REQU_PK,1,NUMERO
SYSTEM,ALM_REQUERIM,REQU_PK,2,OFCN_COMPANIA
SYSTEM,ALM_REQUERIM,REQU_PK,3,OFCN_OFICINA
SYSTEM,ALM_REQUERIM,REQU_PK,4,TPDC_TIPODOCU
SYSTEM,ALM_ROTACION,ROTA_PK,1,TIPO
SYSTEM,ALM_SECCFISC,SECC_PK,1,BDGA_COMPANIA
SYSTEM,ALM_SECCFISC,SECC_PK,2,BDGA_OFICINA
SYSTEM,ALM_SECCFISC,SECC_PK,3,BDGA_CODIBODE
SYSTEM,ALM_SECCFISC,SECC_PK,4,CODISECC
SYSTEM,ALM_SUBGARTI,SGRP_PK,1,GRAR_COMPANIA
SYSTEM,ALM_SUBGARTI,SGRP_PK,2,GRAR_CLASE
SYSTEM,ALM_SUBGARTI,SGRP_PK,3,GRAR_CODIGRUP
SYSTEM,ALM_SUBGARTI,SGRP_PK,4,SUBGUPO
SYSTEM,ALM_TALLAS,TLLA_PK,1,ID_TLLA
SYSTEM,ALM_TEMPROTA,TERT_PK,1,TERT_ID
SYSTEM,ALM_TIPOMEDI,TPMD_PK,1,TIPOMEDI
SYSTEM,ALM_TMPDETALOTE,TDLT_PK,1,TDLT_ID
SYSTEM,ALM_TMPDETAMOVI,DXML_PK,1,DXML_ID
SYSTEM,ALM_TOMAFISC,ATFS_PK,1,OFCN_COMPANIA
SYSTEM,ALM_TOMAFISC,ATFS_PK,2,OFCN_OFICINA
SYSTEM,ALM_TOMAFISC,ATFS_PK,3,NUMERO
SYSTEM,ALM_TOMAFISC,ATFS_PK,4,TPDC_TIPODOCU
SYSTEM,ALM_TRANPROC,TRPR_PK,1,TRPR_ID
SYSTEM,ALM_UBICACION,UBCN_PK,1,UBCN_ID
SYSTEM,ALM_UNIDARTI,UNAR_PK,1,UNAR_ID
SYSTEM,ALM_UNIDMEDI,UMED_PK,1,UNIDMEDI
SYSTEM,ALM_VRFCEXIS,VEXI_PK,1,VEXI_ID
SYSTEM,AQ$_INTERNET_AGENTS,SYS_C002815,1,AGENT_NAME
SYSTEM,AQ$_QUEUES,AQ$_QUEUES_PRIMARY,1,OID
SYSTEM,AQ$_QUEUE_TABLES,AQ$_QUEUE_TABLES_PRIMARY,1,OBJNO
SYSTEM,AQ$_SCHEDULES,AQ$_SCHEDULES_PRIMARY,1,OID
SYSTEM,AQ$_SCHEDULES,AQ$_SCHEDULES_PRIMARY,2,DESTINATION
SYSTEM,AUX_FCARGABAN,AUXC_PK,1,AUXC_ID
SYSTEM,BAN_ARCHIVOS,BNAR_PK,1,BNAR_ID
SYSTEM,BAN_CTABANCARIA,CBAN_PK,1,CTAS_COMPANIA
SYSTEM,BAN_CTABANCARIA,CBAN_PK,2,CTAS_CATALOGO
SYSTEM,BAN_CTABANCARIA,CBAN_PK,3,CTAS_CODIGO
SYSTEM,BAN_DEPOPROT,DPPR_PK,1,DPPR_ID
SYSTEM,BAN_DEPOTRAN,DTRA_PK,1,DTRA_ID
SYSTEM,BAN_HISTCONC,HCNC_PK,1,HCNC_ID
SYSTEM,BAN_HISTTRAN,HCBN_PK,1,HCBN_ID
SYSTEM,BAN_MOTIPROT,MTPR_PK,1,MOTIPRO
SYSTEM,BAN_MOVIBANC,MVBC_PK,1,MVBC_ID
SYSTEM,BAN_REGIDEBI,BRDB_PK,1,BRDB_ID
SYSTEM,BAN_REPOBANC,RPBC_PK,1,RPBC_ID
SYSTEM,BAN_TEMPCONC,TMCN_PK,1,TMCN_ID
SYSTEM,BAN_TIPOARCH,BNTA_PK,1,TIPO
SYSTEM,BAN_TRANSBANCA,TBAN_PK,1,CBAN_COMPANIA
SYSTEM,BAN_TRANSBANCA,TBAN_PK,2,CBAN_CATALOGO
SYSTEM,BAN_TRANSBANCA,TBAN_PK,3,CBAN_CODIGO
SYSTEM,BAN_TRANSBANCA,TBAN_PK,4,TPDC_TIPODOCU
SYSTEM,BAN_TRANSBANCA,TBAN_PK,5,NUMERO
SYSTEM,CAJ_CHEQUES,CHQE_PK,1,CHQE_ID
SYSTEM,CAJ_DENOMINA,DENO_PK,1,MONE_MONEDA
SYSTEM,CAJ_DENOMINA,DENO_PK,2,DENOMINA
SYSTEM,CAJ_DENOMINA,DENO_PK,3,TIPOMONE
SYSTEM,CAJ_EFECTIVO,EFEC_PK,1,EFEC_ID
SYSTEM,CAJ_OTRSACRE,OACR_PK,1,OACR_ID
SYSTEM,CAJ_PRORROGA,PRGA_PK,1,FECHA
SYSTEM,CAJ_PRORROGA,PRGA_PK,2,CHQE_CHQE_ID
SYSTEM,CAJ_RESPCAJA,RCAJ_PK,1,CTAS_COMPANIA
SYSTEM,CAJ_RESPCAJA,RCAJ_PK,2,CTAS_CATALOGO
SYSTEM,CAJ_RESPCAJA,RCAJ_PK,3,CTAS_CODIGO
SYSTEM,CAJ_RESPCAJA,RCAJ_PK,4,USUA_IDUSUAR
SYSTEM,CAJ_SERIE,SERI_PK,1,SERI_ID
SYSTEM,CAJ_TRANSCAJA,TRCA_PK,1,OFCN_COMPANIA
SYSTEM,CAJ_TRANSCAJA,TRCA_PK,2,OFCN_OFICINA
SYSTEM,CAJ_TRANSCAJA,TRCA_PK,3,TPDC_TIPODOCU
SYSTEM,CAJ_TRANSCAJA,TRCA_PK,4,NUMETRAN
SYSTEM,CLI_ACCECTAS,CAS_PK,1,CCH_IDUSUADB
SYSTEM,CLI_ACCECTAS,CAS_PK,2,CLTE_COMPANIA
SYSTEM,CLI_ACCECTAS,CAS_PK,3,CLTE_IDCLIENTE
SYSTEM,CLI_ACTIVCLIEN,ACTI_PK,1,ACTI_ID
SYSTEM,CLI_AGRUPACN,AGRP_PK,1,AGRP_ID
SYSTEM,CLI_ARCHIVOS,ARCH_PK,1,CODIGO
SYSTEM,CLI_BALANCES,BAL_PK,1,BAL_ID
SYSTEM,CLI_CALIFICA,CLFC_PK,1,CLTE_COMPANIA
SYSTEM,CLI_CALIFICA,CLFC_PK,2,CLTE_IDCLIENTE
SYSTEM,CLI_CALIFICA,CLFC_PK,3,FECHA
SYSTEM,CLI_CATECLIE,CTCL_PK,1,CATEGORI
SYSTEM,CLI_CLASCLIE,CCLI_PK,1,CLASE
SYSTEM,CLI_CLASCLIE,CCLI_PK,2,CMPN_COMPANIA
SYSTEM,CLI_CLASSEC,CLSE_PK,1,CLSE_ID
SYSTEM,CLI_CODITARJ,COTA_PK,1,COTA_ID
SYSTEM,CLI_COMITCREDI,CCRE_PK,1,ROL
SYSTEM,CLI_COMITCREDI,CCRE_PK,2,USUA_IDUSUAR
SYSTEM,CLI_CONDUCTR,CDT_PK,1,CDT_ID
SYSTEM,CLI_CORPORATIVO,CPRT_PK,1,CLTE_COMPANIA
SYSTEM,CLI_CORPORATIVO,CPRT_PK,2,CLTE_IDCLIENTE
SYSTEM,CLI_CUENCERRA,CUCE_PK,1,CUCE_ID
SYSTEM,CLI_CUENTAS,CUEN_PK,1,CUENTA
SYSTEM,CLI_DEMATCOL,DMCO_PK,1,DMCO_ID
SYSTEM,CLI_DETAINGEGR,DEIE_PK,1,TIPOINEG
SYSTEM,CLI_DETALINE,DTLN_PK,1,DTLN_ID
SYSTEM,CLI_DETAVISITA,DTVS_PK,1,DTVS_ID
SYSTEM,CLI_DIAS,PK,1,COD_CLI
SYSTEM,CLI_DIASDESC,DIDE_PK,1,DIDE_ID
SYSTEM,CLI_DIRECCION,DRCC_PK,1,TIPODIRE
SYSTEM,CLI_DIRECCION,DRCC_PK,2,CLTE_COMPANIA
SYSTEM,CLI_DIRECCION,DRCC_PK,3,CLTE_IDCLIENTE
SYSTEM,CLI_DOCUCRED,DCRE_PK,1,DCRE_ID
SYSTEM,CLI_ESTACLIE,ESCL_PK,1,ESCL_ID
SYSTEM,CLI_ESTADSOLIC,ESOL_PK,1,ESTADO
SYSTEM,CLI_FAMILIAR,FAMI_PK,1,FAMI_ID
SYSTEM,CLI_FAMILRELAC,VFSO_PK,1,VFSO_ID
SYSTEM,CLI_GARANTE,GRTE_PK,1,CLTE_COMPANIA
SYSTEM,CLI_GARANTE,GRTE_PK,2,CLTE_IDCLIENTE
SYSTEM,CLI_GARANTE,GRTE_PK,3,SLTD_COMPANIA
SYSTEM,CLI_GARANTE,GRTE_PK,4,SLTD_OFICINA
SYSTEM,CLI_GARANTE,GRTE_PK,5,SLTD_NUMESOLI
SYSTEM,CLI_GARASOLI,GASO_PK,1,GASO_ID
SYSTEM,CLI_HISTCACL,HICL_PK,1,CTCL_CATEGORI
SYSTEM,CLI_HISTCACL,HICL_PK,2,CLTE_IDCLIENTE
SYSTEM,CLI_HISTCACL,HICL_PK,3,CLTE_COMPANIA
SYSTEM,CLI_HISTMSCT,HMSC_PK,1,HMSC_ID
SYSTEM,CLI_INGEGRMENS,IEME_PK,1,IEME_ID
SYSTEM,CLI_INTEGCOMIT,ICOM_PK,1,ICOM_ID
SYSTEM,CLI_INVESCENTR,ICEN_PK,1,ICEN_ID
SYSTEM,CLI_LINECRED,LNCR_PK,1,CLTE_COMPANIA
SYSTEM,CLI_LINECRED,LNCR_PK,2,CLTE_IDCLIENTE
SYSTEM,CLI_MASCOTA,MASC_PK,1,IDMASCOT
SYSTEM,CLI_NEGOCPROPI,NPRO_PK,1,NPRO_ID
SYSTEM,CLI_OTRACTRELA,OARE_PK,1,OARE_ID
SYSTEM,CLI_OTROACTIVO,OACT_PK,1,OACT_ID
SYSTEM,CLI_PARACONT,PRCN_PK,1,PRCN_ID
SYSTEM,CLI_PARACTCL,PACC_PK,1,PACC_ID
SYSTEM,CLI_PARAEXPO,CLPE_PK,1,CLPE_ID
SYSTEM,CLI_PASIVOS,PASI_PK,1,PASI_ID
SYSTEM,CLI_PASIVRELAC,PARE_PK,1,PARE_ID
SYSTEM,CLI_PROCLIRELA,PCRE_PK,1,PCRE_ID
SYSTEM,CLI_PROPICLIEN,PRCL_PK,1,PRCL_ID
SYSTEM,CLI_RANGCALI,RGCL_PK,1,RGCL_ID
SYSTEM,CLI_RCCLCORR,RCCO_PK,1,RCCO_ID
SYSTEM,CLI_RCCLDAPE,RCDP_PK,1,CLTE_COMPANIA
SYSTEM,CLI_RCCLDAPE,RCDP_PK,2,CLTE_IDCLIENTE
SYSTEM,CLI_RCCLDAPE,RCDP_PK,3,IDRESCLI
SYSTEM,CLI_RCCLDIRE,RCDI_PK,1,RCDI_ID
SYSTEM,CLI_RCCLNUEX,RNEX_PK,1,RCEX_ID
SYSTEM,CLI_RCCLNUTE,RCTE_PK,1,RCTE_ID
SYSTEM,CLI_REFBANRELA,RBRE_PK,1,RBRE_ID
SYSTEM,CLI_REFCOMRELA,RCRE_PK,1,RCRE_ID
SYSTEM,CLI_REFENTARJE,RTAR_PK,1,RTAR_ID
SYSTEM,CLI_REFERBANC,RBAN_PK,1,RBAN_ID
SYSTEM,CLI_REFERCOMER,RCOM_PK,1,RCOM_ID
SYSTEM,CLI_REFTARRELA,RTRE_PK,1,RTRE_ID
SYSTEM,CLI_REGLASCOMITE,RECO_PK,1,RECO_ID
SYSTEM,CLI_RUTECLIE,RUCL_PK,1,VNDR_COMPANIA
SYSTEM,CLI_RUTECLIE,RUCL_PK,2,DIA_VISITA
SYSTEM,CLI_RUTECLIE,RUCL_PK,3,CLTE_ID
SYSTEM,CLI_RUTECLIE,RUCL_PK,4,CLTE_COMPANIA
SYSTEM,CLI_RUTECLIE,RUCL_PK,5,VNDR_CODIGO
SYSTEM,CLI_RUTECLIE,RUCL_PK,6,VNDR_OFCN
SYSTEM,CLI_SITUAFINAN,SFIN_PK,1,SLTD_COMPANIA
SYSTEM,CLI_SITUAFINAN,SFIN_PK,2,SLTD_OFICINA
SYSTEM,CLI_SITUAFINAN,SFIN_PK,3,SLTD_NUMESOLI
SYSTEM,CLI_SOLICITU,SLTD_PK,1,OFCN_COMPANIA
SYSTEM,CLI_SOLICITU,SLTD_PK,2,OFCN_OFICINA
SYSTEM,CLI_SOLICITU,SLTD_PK,3,NUMESOLI
SYSTEM,CLI_TARJCRED,TACR_PK,1,CODITARJ
SYSTEM,CLI_TIPOCALI,TPCF_PK,1,CODICALI
SYSTEM,CLI_TIPOCALI,TPCF_PK,2,CMPN_COMPANIA
SYSTEM,CLI_TIPOCLIE,TPCL_PK,1,TIPOCLIE
SYSTEM,CLI_TIPOGARTE,TGTE_PK,1,TIPOGARA
SYSTEM,CLI_TIPOMONT,TIMO_PK,1,CODIMONT
SYSTEM,CLI_TIPOTELE,TPFN_PK,1,TIPOTELE
SYSTEM,CLI_TITUPROF,TPRF_PK,1,CODIPROF
SYSTEM,CLI_TPAGRUPA,TPAG_PK,1,CODIGO
SYSTEM,CLI_VEHACTRELA,VARE_PK,1,VARE_ID
SYSTEM,CLI_VEHICACTIV,VEHA_PK,1,VEHA_ID
SYSTEM,CLI_VEHICULO,VHCL_PK,1,VHCL_ID
SYSTEM,CLI_VISICLIE,VSCL_PK,1,VSCL_ID
SYSTEM,CNT_ASIECONS,ASCO_PK,1,NUMERESU
SYSTEM,CNT_ASIECONS,ASCO_PK,2,CMPN_COMPANIA
SYSTEM,CNT_ASIENTO,ASTO_PK,1,CMPN_COMPANIA
SYSTEM,CNT_ASIENTO,ASTO_PK,2,NUMEDIAR
SYSTEM,CNT_AUXRETEN,AXCR_PK,1,AXCR_ID
SYSTEM,CNT_BALAHIST,BHIS_PK,1,BHIS_ID
SYSTEM,CNT_BODEBALA,BGBL_PK,1,BGBL_ID
SYSTEM,CNT_CATALOGO,CTLG_PK,1,CMPN_COMPANIA
SYSTEM,CNT_CATALOGO,CTLG_PK,2,CATALOGO
SYSTEM,CNT_COSUSSEC,CMSS_PK,1,CMSS_ID
SYSTEM,CNT_CTASBALA,CCA_PK,1,CCA_ID
SYSTEM,CNT_CUENTAS,CTAS_PK,1,CTLG_COMPANIA
SYSTEM,CNT_CUENTAS,CTAS_PK,2,CTLG_CATALOGO
SYSTEM,CNT_CUENTAS,CTAS_PK,3,CODIGO
SYSTEM,CNT_DEASIECONS,DASC_PK,1,DASC_ID
SYSTEM,CNT_DEINTECONT,DTIC_PK,1,DTIC_ID
SYSTEM,CNT_DETASIENTO,DAST_PK,1,DAST_ID
SYSTEM,CNT_DETIPIMP,DTIP_PK,1,DTIP_ID
SYSTEM,CNT_INTECONT,INCN_PK,1,CMPN_COMPANIA
SYSTEM,CNT_INTECONT,INCN_PK,2,PRDT_PRODUCTO
SYSTEM,CNT_INTECONT,INCN_PK,3,TPDC_TIPODOCU
SYSTEM,CNT_INTECONT,INCN_PK,4,CODITRAN
SYSTEM,CNT_INTPROCESO,IPRO_PK,1,IPRO_ID
SYSTEM,CNT_PORCEICE,PICE_PK,1,CODIGO
SYSTEM,CNT_PRESUCON,PCNT_PK,1,PCNT_ID
SYSTEM,CNT_RETENCION,RETE_PK,1,RETE_ID
SYSTEM,CNT_SECUTRAN,SCTR_PK,1,SECUTRAN
SYSTEM,CNT_SUSTCOMP,STCM_PK,1,SUSTENTO
SYSTEM,CNT_TIPOCAMB,TICA_PK,1,FECHA
SYSTEM,CNT_TIPOCAMB,TICA_PK,2,MONE_MONEDA
SYSTEM,CNT_TIPOCOMP,TPCM_PK,1,TIPOCOMP
SYSTEM,CNT_TIPOCUENTA,TCTA_PK,1,TIPOCTA
SYSTEM,CNT_TIPOIMPU,TPIM_PK,1,TIPOIMPU
SYSTEM,CNT_TIPORETE,TRET_PK,1,TIPORETE
SYSTEM,CNT_TPTRANSRI,TPTR_PK,1,TIPOTRAN
SYSTEM,CNT_TRANINTE,TRIN_PK,1,CODITRAN
SYSTEM,COB_ALCACOBR,ACOB_PK,1,ACOB_ID
SYSTEM,COB_ANTICIPO,ANTC_PK,1,ANTC_ID
SYSTEM,COB_CRUCEANT,CRAN_PK,1,CRAN_ID
SYSTEM,COB_DETACHEQ,DCHE_PK,1,DCHE_ID
SYSTEM,COB_DETACOBRO,DTCB_PK,1,DTCB_ID
SYSTEM,COB_DETADEBI,DDEB_PK,1,DDEB_ID
SYSTEM,COB_OTRODEBI,OTRC_PK,1,OTRC_ID
SYSTEM,COB_RECICOBR,RCCB_PK,1,NUMERO
SYSTEM,COM_COBESEGU,CSEG_PK,1,CSEG_ID
SYSTEM,COM_DEBIENSERV,DTBS_PK,1,DTBS_ID
SYSTEM,COM_DETACOMP,CMDT_PK,1,CMDT_ID
SYSTEM,COM_DETASOLI,DSOL_PK,1,DSOL_ID
SYSTEM,COM_DETORDCP,DTOC_PK,1,DTOC_ID
SYSTEM,COM_GRUPCOMP,GRCM_PK,1,GRCM_ID
SYSTEM,COM_NOTACREDI,NCPR_PK,1,PROV_COMPANIA
SYSTEM,COM_NOTACREDI,NCPR_PK,2,PROV_CEDURUC
SYSTEM,COM_NOTACREDI,NCPR_PK,3,SERIE
SYSTEM,COM_NOTACREDI,NCPR_PK,4,NUMERO
SYSTEM,COM_NOTACREDI,NCPR_PK,5,ALCANCE
SYSTEM,COM_PLANPAGO,PPAG_PK,1,PPAG_ID
SYSTEM,COM_REEMBOLSOS,RMBL_PK,1,SERIE
SYSTEM,COM_REEMBOLSOS,RMBL_PK,2,NUMERO
SYSTEM,COM_REEMBOLSOS,RMBL_PK,3,ALCANCE
SYSTEM,COM_REEMBOLSOS,RMBL_PK,4,PROV_COMPANIA
SYSTEM,COM_REEMBOLSOS,RMBL_PK,5,PROV_CEDURUC
SYSTEM,COM_SOLICOMP,SCOM_PK,1,SCOM_ID
SYSTEM,COM_TMPCOMPRAS,CXML_PK,1,SERIE
SYSTEM,COM_TMPCOMPRAS,CXML_PK,2,NUMERO
SYSTEM,COM_TMPCOMPRAS,CXML_PK,3,PROV_CEDURUC
SYSTEM,COM_TMPCOMPRAS,CXML_PK,4,ALCANCE
SYSTEM,COM_TMPCOMPRAS,CXML_PK,5,PROV_COMPANIA
SYSTEM,COM_TMPRETENC,CTRT_PK,1,SERIE
SYSTEM,COM_TMPRETENC,CTRT_PK,2,NUMERO
SYSTEM,COM_TMPRETENC,CTRT_PK,3,PROV_CEDURUC
SYSTEM,CST_ACUBCECS,AUCC_PK,1,AUCC_ID
SYSTEM,CST_COSORDIN,COIN_PK,1,COIN_ID
SYSTEM,CST_COSTADIC,CADC_PK,1,CADC_ID
SYSTEM,CST_COSTFIJO,CSFJ_PK,1,CSFJ_ID
SYSTEM,CST_DETARECT,DTRC_PK,1,ARTL_CODIGRUP
SYSTEM,CST_DETARECT,DTRC_PK,2,ARTL_COMPANIA
SYSTEM,CST_DETARECT,DTRC_PK,3,ARTL_CLASE
SYSTEM,CST_DETARECT,DTRC_PK,4,ARTL_ARTICULO
SYSTEM,CST_DETARECT,DTRC_PK,5,RCTA_ID
SYSTEM,CST_DETCENCS,DTCC_PK,1,DTCC_ID
SYSTEM,CST_LOTEPRO,LTPR_PK,1,CODIGO
SYSTEM,CST_ORDEPROD,OPRD_PK,1,NUMERO
SYSTEM,CST_ORDEPROD,OPRD_PK,2,OFCN_COMPANIA
SYSTEM,CST_ORDEPROD,OPRD_PK,3,OFCN_OFICINA
SYSTEM,CST_PRODUCCN,PROD_PK,1,NUMERO
SYSTEM,CST_PRODUCCN,PROD_PK,2,DTCC_DTCC_ID
SYSTEM,CST_RECETA,RCTA_PK,1,RCTA_ID
SYSTEM,CST_SIMUCABE,SIMU_PK,1,SIMU_ID
SYSTEM,CST_SIMUDETA,DSIM_PK,1,DSIM_ID
SYSTEM,CST_TEMP,CTMP_PK,1,CTMP_ID
SYSTEM,CST_TIPOPROC,CPRC_PK,1,TIPO
SYSTEM,CST_VARIPROD,VARP_PK,1,VARP_ID
SYSTEM,DWH_PRESUVEN,DWPR_PK,1,DWPR_ID
SYSTEM,DWH_VENTAS,DWVN_PK,1,DWVN_ID
SYSTEM,ECL_CAMPSCTAS,CMCT_PK,1,CMCT_ID
SYSTEM,ECL_DETAFORMU,DTFR_PK,1,CODICAMP
SYSTEM,ECL_DETAFORMU,DTFR_PK,2,FRML_CODIGO
SYSTEM,ECL_FORMULARIO,FRML_PK,1,CODIGO
SYSTEM,ECL_REGIMENTR,RGTR_PK,1,TPCN_IDCONTRI
SYSTEM,ECL_REGIMENTR,RGTR_PK,2,FRML_CODIGO
SYSTEM,ECT_DETADECLA,DTDC_PK,1,DTDC_ID
SYSTEM,GEN_ACTIECON,AECN_PK,1,ACTIECON
SYSTEM,GEN_ASEGURADORA,ASGR_PK,1,ASGR_ID
SYSTEM,GEN_AUTORSRI,ASRI_PK,1,ASRI_ID
SYSTEM,GEN_BANCOS,BANC_PK,1,IDBANCO
SYSTEM,GEN_CANTON,CANT_PK,1,CODICANT
SYSTEM,GEN_CANTON,CANT_PK,2,PVCA_CODIPROV
SYSTEM,GEN_CENTCOST,CCST_PK,1,OFCN_COMPANIA
SYSTEM,GEN_CENTCOST,CCST_PK,2,OFCN_OFICINA
SYSTEM,GEN_CENTCOST,CCST_PK,3,CODIGO
SYSTEM,GEN_COBERTU,COBERT_PK,1,PTEM_PUNTEMIS
SYSTEM,GEN_COBERTU,COBERT_PK,2,PTEM_COMPANIA
SYSTEM,GEN_COBERTU,COBERT_PK,3,PTEM_OFICINA
SYSTEM,GEN_COBERTU,COBERT_PK,4,USUA_IDUSUAR
SYSTEM,GEN_COLAIMPR,COLA_PK,1,COLA_ID
SYSTEM,GEN_COLORES,CLRS_PK,1,CODIGO
SYSTEM,GEN_COLUREPO,CREP_PK,1,CREP_ID
SYSTEM,GEN_CUENTAS,CTAP_PK,1,CTAP_ID
SYSTEM,GEN_DESTREPO,DSRP_PK,1,TIPO
SYSTEM,GEN_DIAS,DLGT_PK,1,ID
SYSTEM,GEN_DIASEMAN,DSSM_PK,1,NUMDIA
SYSTEM,GEN_DIASFEST,DFTV_PK,1,FECHA
SYSTEM,GEN_DIASFEST,DFTV_PK,2,OFCN_COMPANIA
SYSTEM,GEN_DIASFEST,DFTV_PK,3,OFCN_OFICINA
SYSTEM,GEN_DOCUINTE,DCIN_PK,1,DCIN_ID
SYSTEM,GEN_DOMINIOS,GDMN_PK,1,GDMN_ID
SYSTEM,GEN_ESTADOS,EGEN_PK,1,ESTADO
SYSTEM,GEN_ESTAFISI,GEST_PK,1,GEST_ID
SYSTEM,GEN_FORMATOS,FRMT_PK,1,FORMATO
SYSTEM,GEN_FORMPAGO,FRPG_PK,1,FORMPAGO
SYSTEM,GEN_HYPERLIN,HPLN_PK,1,HPLN_ID
SYSTEM,GEN_MAILERROR,MAER_PK,1,MAER_ID
SYSTEM,GEN_MARCVEHI,MRVH_PK,1,CODMR
SYSTEM,GEN_MEDIDOR,MDRS_PK,1,CODIGO
SYSTEM,GEN_MODEVEHI,MDVH_PK,1,CODMD
SYSTEM,GEN_MODEVEHI,MDVH_PK,2,MRVH_CODMR
SYSTEM,GEN_MONEDA,MONE_PK,1,MONEDA
SYSTEM,GEN_MOTIENSA,GMES_PK,1,ID
SYSTEM,GEN_MOTIVOGR,MTGR_PK,1,CODIGO
SYSTEM,GEN_PAIS,PAIS_PK,1,CODIPAIS
SYSTEM,GEN_PARACALI,PACA_PK,1,TPCF_CODICALI
SYSTEM,GEN_PARACALI,PACA_PK,2,TPCF_COMPANIA
SYSTEM,GEN_PARAMETRO,PARA_PK,1,OFCN_COMPANIA
SYSTEM,GEN_PARAMETRO,PARA_PK,2,OFCN_OFICINA
SYSTEM,GEN_PARAMETRO,PARA_PK,3,PRDT_PRODUCTO
SYSTEM,GEN_PARAMETRO,PARA_PK,4,TIPOPARA
SYSTEM,GEN_PARAREPO,PRMT_PK,1,PRMT_ID
SYSTEM,GEN_PARROQS,PRRQ_PK,1,CANT_CODICANT
SYSTEM,GEN_PARROQS,PRRQ_PK,2,CANT_CODIPROV
SYSTEM,GEN_PARROQS,PRRQ_PK,3,CODIPARR
SYSTEM,GEN_PERIPAGO,PRPG_PK,1,CODIPERI
SYSTEM,GEN_PERSCONT,PCN1_PK,1,PCN1_ID
SYSTEM,GEN_PNTOEMIS,PTEM_PK,1,PUNTEMIS
SYSTEM,GEN_PNTOEMIS,PTEM_PK,2,OFCN_COMPANIA
SYSTEM,GEN_PNTOEMIS,PTEM_PK,3,OFCN_OFICINA
SYSTEM,GEN_POLIZA,PLZA_PK,1,PLZA_ID
SYSTEM,GEN_PORCCENT,PCEN_PK,1,PCEN_ID
SYSTEM,GEN_PROCESOS,PROC_PK,1,FECHA
SYSTEM,GEN_PROCESOS,PROC_PK,2,TPRO_COMPANIA
SYSTEM,GEN_PROCESOS,PROC_PK,3,TPRO_OFICINA
SYSTEM,GEN_PROCESOS,PROC_PK,4,TPRO_CODIDEPA
SYSTEM,GEN_PROCESOS,PROC_PK,5,TPRO_PROCESO
SYSTEM,GEN_PROCESOS,PROC_PK,6,USUA_IDUSUAR
SYSTEM,GEN_PRODUCTOS,PRDT_PK,1,PRODUCTO
SYSTEM,GEN_PROVESRI,PSRI_PK,1,PSRI_ID
SYSTEM,GEN_PROVINCIA,PVCA_PK,1,CODIPROV
SYSTEM,GEN_REGIONES,REGN_PK,1,REGION
SYSTEM,GEN_REGIRETE,RRET_PK,1,TPCN_PROVEEDO
SYSTEM,GEN_REGIRETE,RRET_PK,2,TPCN_AGENTE
SYSTEM,GEN_REGIRETE,RRET_PK,3,TPCM_TIPOCOMP
SYSTEM,GEN_REGIRETE,RRET_PK,4,TRET_TIPORETE
SYSTEM,GEN_REPORTES,REPO_PK,1,CMPN_COMPANIA
SYSTEM,GEN_REPORTES,REPO_PK,2,PRDT_PRODUCTO
SYSTEM,GEN_REPORTES,REPO_PK,3,NOMBRE
SYSTEM,GEN_SECTOR,SECT_PK,1,CODIGO
SYSTEM,GEN_SECVARIOS,SVAR_PK,1,TPDC_TIPODOCU
SYSTEM,GEN_SECVARIOS,SVAR_PK,2,PRDT_PRODUCTO
SYSTEM,GEN_SECVARIOS,SVAR_PK,3,PTEM_PUNTEMIS
SYSTEM,GEN_SECVARIOS,SVAR_PK,4,PTEM_COMPANIA
SYSTEM,GEN_SECVARIOS,SVAR_PK,5,PTEM_OFICINA
SYSTEM,GEN_SERVFLET,SRFL_PK,1,OFCN_COMPANIA
SYSTEM,GEN_SERVFLET,SRFL_PK,2,OFCN_OFICINA
SYSTEM,GEN_SERVFLET,SRFL_PK,3,CODIFLET
SYSTEM,GEN_TELEFONO,TLFO_PK,1,TLFO_ID
SYSTEM,GEN_TEMREPOR,TMRP_PK,1,TMRP_ID
SYSTEM,GEN_TIPDOCIN,TPDI_PK,1,TIPO
SYSTEM,GEN_TIPOAMBI,TIAM_PK,1,TIAM_ID
SYSTEM,GEN_TIPOCOMP,TCMP_PK,1,CODIGO
SYSTEM,GEN_TIPOCOMP,TCMP_PK,2,FRPG_FORMPAGO
SYSTEM,GEN_TIPOCOMP,TCMP_PK,3,DTIP_DTIP_ID
SYSTEM,GEN_TIPOCONT,TPCN_PK,1,IDCONTRI
SYSTEM,GEN_TIPOCOSTO,TCSI_PK,1,CMPN_COMPANIA
SYSTEM,GEN_TIPOCOSTO,TCSI_PK,2,TIPOCOST
SYSTEM,GEN_TIPODOCU,TPDC_PK,1,TIPODOCU
SYSTEM,GEN_TIPOEMIS,TIEM_PK,1,TIEM_ID
SYSTEM,GEN_TIPOFCNA,TOFC_PK,1,CODIGO
SYSTEM,GEN_TIPOGARAN,TGAR_PK,1,TIPOGARA
SYSTEM,GEN_TIPOIDEN,TPID_PK,1,TIPOIDEN
SYSTEM,GEN_TIPOPAGO,TPPG_PK,1,CODIGO
SYSTEM,GEN_TIPOPARENT,TIPA_PK,1,TIPOPARA
SYSTEM,GEN_TIPOPOLI,TPPL_PK,1,TIPOPOLI
SYSTEM,GEN_TIPOPROC,TPRO_PK,1,DEPT_COMPANIA
SYSTEM,GEN_TIPOPROC,TPRO_PK,2,DEPT_OFICINA
SYSTEM,GEN_TIPOPROC,TPRO_PK,3,DEPT_CODIDEPA
SYSTEM,GEN_TIPOPROC,TPRO_PK,4,PROCESO
SYSTEM,GEN_TIPOREGI,TPRG_PK,1,CODIGO
SYSTEM,GEN_TIPOTERR,GTPT_PK,1,CODIGO
SYSTEM,GEN_TIPOTRAN,TPTN_PK,1,TIPOTRAN
SYSTEM,GEN_TMPPROVEEDOR,PXML_PK,1,CMPN_COMPANIA
SYSTEM,GEN_TMPPROVEEDOR,PXML_PK,2,CEDURUC
SYSTEM,GEN_TRAMISRI,TRRI_PK,1,TRRI_ID
SYSTEM,GEN_UBICZONA,GUZO_PK,1,ID
SYSTEM,HELP,HELP_TOPIC_SEQ,1,TOPIC
SYSTEM,HELP,HELP_TOPIC_SEQ,2,SEQ
SYSTEM,IMP_AGENTE,AGNT_PK,1,CODIGO
SYSTEM,IMP_BACKORDE,BKOR_PK,1,BKOR_ID
SYSTEM,IMP_COBEPAIS,CBPS_PK,1,CBPS_ID
SYSTEM,IMP_COBERTURA,COBT_PK,1,ARTL_COMPANIA
SYSTEM,IMP_COBERTURA,COBT_PK,2,ARTL_CLASE
SYSTEM,IMP_COBERTURA,COBT_PK,3,ARTL_CODIGRUP
SYSTEM,IMP_COBERTURA,COBT_PK,4,ARTL_ARTICULO
SYSTEM,IMP_COBERTURA,COBT_PK,5,RGST_CERTICAD
SYSTEM,IMP_COBERTURA,COBT_PK,6,RGST_CODIGO
SYSTEM,IMP_CONCETRIBU,CNTR_PK,1,CODIGO
SYSTEM,IMP_COSTREGI,CSRG_PK,1,CSRG_ID
SYSTEM,IMP_DENOTAPEDI,DTNP_PK,1,DTNP_ID
SYSTEM,IMP_DISTRADUA,DADU_PK,1,CODIGO
SYSTEM,IMP_EMBACARD,EMBA_PK,1,CODIGO
SYSTEM,IMP_ENTECONT,ENTC_PK,1,CODIGO
SYSTEM,IMP_ESTAIMPO,ESIM_PK,1,ESTADO
SYSTEM,IMP_ESTAREGI,ESRG_PK,1,COIDIGO
SYSTEM,IMP_IMPORTAC,IMPT_PK,1,OFCN_COMPANIA
SYSTEM,IMP_IMPORTAC,IMPT_PK,2,OFCN_OFICINA
SYSTEM,IMP_IMPORTAC,IMPT_PK,3,NUMEIMPO
SYSTEM,IMP_INCOTERMS,INCT_PK,1,CODIGO
SYSTEM,IMP_LIQUIDAU,LDAU_PK,1,LDAU_ID
SYSTEM,IMP_NOTAPEDI,NTPD_PK,1,OFCN_COMPANIA
SYSTEM,IMP_NOTAPEDI,NTPD_PK,2,OFCN_OFICINA
SYSTEM,IMP_NOTAPEDI,NTPD_PK,3,NUMERO
SYSTEM,IMP_PARTARAN,PTAR_PK,1,PARTIDA
SYSTEM,IMP_REFECONT,RCNT_PK,1,RCNT_ID
SYSTEM,IMP_REGIMSRI,RGMN_PK,1,CODIGO
SYSTEM,IMP_SIMULACI,SMLC_PK,1,SMLC_ID
SYSTEM,IMP_TIPOIMPEXP,TPIE_PK,1,TIPOIMEX
SYSTEM,IMP_TRANSFER,AUXT_PK,1,AUXT_ID
SYSTEM,IMP_VERIFICADO,VERI_PK,1,CODIGO
SYSTEM,IMP_ZONAEMBA,ZNAE_PK,1,PAIS_CODIPAIS
SYSTEM,IMP_ZONAEMBA,ZNAE_PK,2,CODIGO
SYSTEM,INF_ASOCONEX,IFCO_PK,1,FECHA
SYSTEM,INF_ASOCONEX,IFCO_PK,2,INTE_SSID
SYSTEM,INF_ASOCONEX,IFCO_PK,3,AFDM_AFDM_ID
SYSTEM,INF_DETAEQUI,INDE_PK,1,INDE_ID
SYSTEM,INF_INTERFAC,INTE_PK,1,SSID
SYSTEM,INF_RESPNODO,INRN_PK,1,INRN_ID
SYSTEM,INF_TIPOANTE,INTA_PK,1,TIPO
SYSTEM,LOC_MEARBABU,MAAB_PK,1,MAAB_ID
SYSTEM,LOC_OBJEAYUD,OBAY_PK,1,OBAY_ID
SYSTEM,LOC_OBJEERRO,OBER_PK,1,OBER_ID
SYSTEM,LOGMNR_AGE_SPILL$,LOGMNR_AGE_SPILL$_PK,1,SESSION#
SYSTEM,LOGMNR_AGE_SPILL$,LOGMNR_AGE_SPILL$_PK,2,PDBID
SYSTEM,LOGMNR_AGE_SPILL$,LOGMNR_AGE_SPILL$_PK,3,XIDUSN
SYSTEM,LOGMNR_AGE_SPILL$,LOGMNR_AGE_SPILL$_PK,4,XIDSLT
SYSTEM,LOGMNR_AGE_SPILL$,LOGMNR_AGE_SPILL$_PK,5,XIDSQN
SYSTEM,LOGMNR_AGE_SPILL$,LOGMNR_AGE_SPILL$_PK,6,CHUNK
SYSTEM,LOGMNR_AGE_SPILL$,LOGMNR_AGE_SPILL$_PK,7,SEQUENCE#
SYSTEM,LOGMNR_ATTRCOL$,LOGMNR_ATTRCOL$_PK,1,LOGMNR_UID
SYSTEM,LOGMNR_ATTRCOL$,LOGMNR_ATTRCOL$_PK,2,OBJ#
SYSTEM,LOGMNR_ATTRCOL$,LOGMNR_ATTRCOL$_PK,3,INTCOL#
SYSTEM,LOGMNR_ATTRIBUTE$,LOGMNR_ATTRIBUTE$_PK,1,LOGMNR_UID
SYSTEM,LOGMNR_ATTRIBUTE$,LOGMNR_ATTRIBUTE$_PK,2,TOID
SYSTEM,LOGMNR_ATTRIBUTE$,LOGMNR_ATTRIBUTE$_PK,3,VERSION#
SYSTEM,LOGMNR_ATTRIBUTE$,LOGMNR_ATTRIBUTE$_PK,4,ATTRIBUTE#
SYSTEM,LOGMNR_CCOL$,LOGMNR_CCOL$_PK,1,LOGMNR_UID
SYSTEM,LOGMNR_CCOL$,LOGMNR_CCOL$_PK,2,CON#
SYSTEM,LOGMNR_CCOL$,LOGMNR_CCOL$_PK,3,INTCOL#
SYSTEM,LOGMNRC_CONCOL_GG,LOGMNRC_CONCOL_GG_PK,1,LOGMNR_UID
SYSTEM,LOGMNRC_CONCOL_GG,LOGMNRC_CONCOL_GG_PK,2,CON#
SYSTEM,LOGMNRC_CONCOL_GG,LOGMNRC_CONCOL_GG_PK,3,COMMIT_SCN
SYSTEM,LOGMNRC_CONCOL_GG,LOGMNRC_CONCOL_GG_PK,4,INTCOL#
SYSTEM,LOGMNRC_CON_GG,LOGMNRC_CON_GG_PK,1,LOGMNR_UID
SYSTEM,LOGMNRC_CON_GG,LOGMNRC_CON_GG_PK,2,CON#
SYSTEM,LOGMNRC_CON_GG,LOGMNRC_CON_GG_PK,3,COMMIT_SCN
SYSTEM,LOGMNRC_DBNAME_UID_MAP,LOGMNRC_DBNAME_UID_MAP_PK,1,GLOBAL_NAME
SYSTEM,LOGMNRC_DBNAME_UID_MAP,LOGMNRC_DBNAME_UID_MAP_PK,2,LOGMNR_MDH
SYSTEM,LOGMNR_CDEF$,LOGMNR_CDEF$_PK,1,LOGMNR_UID
SYSTEM,LOGMNR_CDEF$,LOGMNR_CDEF$_PK,2,CON#
SYSTEM,LOGMNRC_GSBA,LOGMNRC_GSBA_PK,1,LOGMNR_UID
SYSTEM,LOGMNRC_GSBA,LOGMNRC_GSBA_PK,2,AS_OF_SCN
SYSTEM,LOGMNRC_GSII,LOGMNRC_GSII_PK,1,LOGMNR_UID
SYSTEM,LOGMNRC_GSII,LOGMNRC_GSII_PK,2,OBJ#
SYSTEM,LOGMNRC_GTCS,LOGMNRC_GTCS_PK,1,LOGMNR_UID
SYSTEM,LOGMNRC_GTCS,LOGMNRC_GTCS_PK,2,OBJ#
SYSTEM,LOGMNRC_GTCS,LOGMNRC_GTCS_PK,3,OBJV#
SYSTEM,LOGMNRC_GTCS,LOGMNRC_GTCS_PK,4,INTCOL#
SYSTEM,LOGMNRC_GTLO,LOGMNRC_GTLO_PK,1,LOGMNR_UID
SYSTEM,LOGMNRC_GTLO,LOGMNRC_GTLO_PK,2,KEYOBJ#
SYSTEM,LOGMNRC_GTLO,LOGMNRC_GTLO_PK,3,BASEOBJV#
SYSTEM,LOGMNRC_INDCOL_GG,LOGMNRC_INDCOL_GG_PK,1,LOGMNR_UID
SYSTEM,LOGMNRC_INDCOL_GG,LOGMNRC_INDCOL_GG_PK,2,OBJ#
SYSTEM,LOGMNRC_INDCOL_GG,LOGMNRC_INDCOL_GG_PK,3,COMMIT_SCN
SYSTEM,LOGMNRC_INDCOL_GG,LOGMNRC_INDCOL_GG_PK,4,INTCOL#
SYSTEM,LOGMNRC_IND_GG,LOGMNRC_IND_GG_PK,1,LOGMNR_UID
SYSTEM,LOGMNRC_IND_GG,LOGMNRC_IND_GG_PK,2,OBJ#
SYSTEM,LOGMNRC_IND_GG,LOGMNRC_IND_GG_PK,3,COMMIT_SCN
SYSTEM,LOGMNR_COL$,LOGMNR_COL$_PK,1,LOGMNR_UID
SYSTEM,LOGMNR_COL$,LOGMNR_COL$_PK,2,OBJ#
SYSTEM,LOGMNR_COL$,LOGMNR_COL$_PK,3,INTCOL#
SYSTEM,LOGMNR_COLTYPE$,LOGMNR_COLTYPE$_PK,1,LOGMNR_UID
SYSTEM,LOGMNR_COLTYPE$,LOGMNR_COLTYPE$_PK,2,OBJ#
SYSTEM,LOGMNR_COLTYPE$,LOGMNR_COLTYPE$_PK,3,INTCOL#
SYSTEM,LOGMNR_CON$,LOGMNR_CON$_PK,1,LOGMNR_UID
SYSTEM,LOGMNR_CON$,LOGMNR_CON$_PK,2,CON#
SYSTEM,LOGMNR_CONTAINER$,LOGMNR_CONTAINER$_PK,1,LOGMNR_UID
SYSTEM,LOGMNR_CONTAINER$,LOGMNR_CONTAINER$_PK,2,OBJ#
SYSTEM,LOGMNRC_SEQ_GG,LOGMNRC_SEQ_GG_PK,1,LOGMNR_UID
SYSTEM,LOGMNRC_SEQ_GG,LOGMNRC_SEQ_GG_PK,2,OBJ#
SYSTEM,LOGMNRC_SEQ_GG,LOGMNRC_SEQ_GG_PK,3,COMMIT_SCN
SYSTEM,LOGMNRC_SHARD_TS,LOGMNRC_SHARD_TS_PK,1,LOGMNR_UID
SYSTEM,LOGMNRC_SHARD_TS,LOGMNRC_SHARD_TS_PK,2,TABLESPACE_NAME
SYSTEM,LOGMNRC_SHARD_TS,LOGMNRC_SHARD_TS_PK,3,START_SCN
SYSTEM,LOGMNRC_TS,LOGMNRC_TS_PK,1,LOGMNR_UID
SYSTEM,LOGMNRC_TS,LOGMNRC_TS_PK,2,TS#
SYSTEM,LOGMNRC_TS,LOGMNRC_TS_PK,3,START_SCN
SYSTEM,LOGMNRC_TSPART,LOGMNRC_TSPART_PK,1,LOGMNR_UID
SYSTEM,LOGMNRC_TSPART,LOGMNRC_TSPART_PK,2,OBJ#
SYSTEM,LOGMNRC_TSPART,LOGMNRC_TSPART_PK,3,START_SCN
SYSTEM,LOGMNRC_USER,LOGMNRC_USER_PK,1,LOGMNR_UID
SYSTEM,LOGMNRC_USER,LOGMNRC_USER_PK,2,USER#
SYSTEM,LOGMNRC_USER,LOGMNRC_USER_PK,3,START_SCN
SYSTEM,LOGMNR_DICTIONARY$,LOGMNR_DICTIONARY$_PK,1,LOGMNR_UID
SYSTEM,LOGMNR_DICTSTATE$,LOGMNR_DICTSTATE$_PK,1,LOGMNR_UID
SYSTEM,LOGMNR_DID$,LOGMNR_DID$_PK,1,SESSION#
SYSTEM,LOGMNR_ENC$,LOGMNR_ENC$_PK,1,LOGMNR_UID
SYSTEM,LOGMNR_ENC$,LOGMNR_ENC$_PK,2,OBJ#
SYSTEM,LOGMNR_ENC$,LOGMNR_ENC$_PK,3,OWNER#
SYSTEM,LOGMNRGGC_GTCS,LOGMNRGGC_GTCS_PK,1,LOGMNR_UID
SYSTEM,LOGMNRGGC_GTCS,LOGMNRGGC_GTCS_PK,2,OBJ#
SYSTEM,LOGMNRGGC_GTCS,LOGMNRGGC_GTCS_PK,3,OBJV#
SYSTEM,LOGMNRGGC_GTCS,LOGMNRGGC_GTCS_PK,4,INTCOL#
SYSTEM,LOGMNRGGC_GTLO,LOGMNRGGC_GTLO_PK,1,LOGMNR_UID
SYSTEM,LOGMNRGGC_GTLO,LOGMNRGGC_GTLO_PK,2,KEYOBJ#
SYSTEM,LOGMNRGGC_GTLO,LOGMNRGGC_GTLO_PK,3,BASEOBJV#
SYSTEM,LOGMNR_ICOL$,LOGMNR_ICOL$_PK,1,LOGMNR_UID
SYSTEM,LOGMNR_ICOL$,LOGMNR_ICOL$_PK,2,OBJ#
SYSTEM,LOGMNR_ICOL$,LOGMNR_ICOL$_PK,3,INTCOL#
SYSTEM,LOGMNR_IDNSEQ$,LOGMNR_IDNSEQ$_PK,1,LOGMNR_UID
SYSTEM,LOGMNR_IDNSEQ$,LOGMNR_IDNSEQ$_PK,2,OBJ#
SYSTEM,LOGMNR_IDNSEQ$,LOGMNR_IDNSEQ$_PK,3,INTCOL#
SYSTEM,LOGMNR_IND$,LOGMNR_IND$_PK,1,LOGMNR_UID
SYSTEM,LOGMNR_IND$,LOGMNR_IND$_PK,2,OBJ#
SYSTEM,LOGMNR_INDCOMPART$,LOGMNR_INDCOMPART$_PK,1,LOGMNR_UID
SYSTEM,LOGMNR_INDCOMPART$,LOGMNR_INDCOMPART$_PK,2,OBJ#
SYSTEM,LOGMNR_INDPART$,LOGMNR_INDPART$_PK,1,LOGMNR_UID
SYSTEM,LOGMNR_INDPART$,LOGMNR_INDPART$_PK,2,OBJ#
SYSTEM,LOGMNR_INDPART$,LOGMNR_INDPART$_PK,3,BO#
SYSTEM,LOGMNR_INDSUBPART$,LOGMNR_INDSUBPART$_PK,1,LOGMNR_UID
SYSTEM,LOGMNR_INDSUBPART$,LOGMNR_INDSUBPART$_PK,2,OBJ#
SYSTEM,LOGMNR_INDSUBPART$,LOGMNR_INDSUBPART$_PK,3,POBJ#
SYSTEM,LOGMNR_KOPM$,LOGMNR_KOPM$_PK,1,LOGMNR_UID
SYSTEM,LOGMNR_KOPM$,LOGMNR_KOPM$_PK,2,NAME
SYSTEM,LOGMNR_LOB$,LOGMNR_LOB$_PK,1,LOGMNR_UID
SYSTEM,LOGMNR_LOB$,LOGMNR_LOB$_PK,2,OBJ#
SYSTEM,LOGMNR_LOB$,LOGMNR_LOB$_PK,3,INTCOL#
SYSTEM,LOGMNR_LOBFRAG$,LOGMNR_LOBFRAG$_PK,1,LOGMNR_UID
SYSTEM,LOGMNR_LOBFRAG$,LOGMNR_LOBFRAG$_PK,2,FRAGOBJ#
SYSTEM,LOGMNR_LOG$,LOGMNR_LOG$_PK,1,SESSION#
SYSTEM,LOGMNR_LOG$,LOGMNR_LOG$_PK,2,THREAD#
SYSTEM,LOGMNR_LOG$,LOGMNR_LOG$_PK,3,SEQUENCE#
SYSTEM,LOGMNR_LOG$,LOGMNR_LOG$_PK,4,FIRST_CHANGE#
SYSTEM,LOGMNR_LOG$,LOGMNR_LOG$_PK,5,DB_ID
SYSTEM,LOGMNR_LOG$,LOGMNR_LOG$_PK,6,RESETLOGS_CHANGE#
SYSTEM,LOGMNR_LOG$,LOGMNR_LOG$_PK,7,RESET_TIMESTAMP
SYSTEM,LOGMNR_LOGMNR_BUILDLOG,LOGMNR_LOGMNR_BUILDLOG_PK,1,LOGMNR_UID
SYSTEM,LOGMNR_LOGMNR_BUILDLOG,LOGMNR_LOGMNR_BUILDLOG_PK,2,INITIAL_XID
SYSTEM,LOGMNR_NTAB$,LOGMNR_NTAB$_PK,1,LOGMNR_UID
SYSTEM,LOGMNR_NTAB$,LOGMNR_NTAB$_PK,2,OBJ#
SYSTEM,LOGMNR_NTAB$,LOGMNR_NTAB$_PK,3,INTCOL#
SYSTEM,LOGMNR_OBJ$,LOGMNR_OBJ$_PK,1,LOGMNR_UID
SYSTEM,LOGMNR_OBJ$,LOGMNR_OBJ$_PK,2,OBJ#
SYSTEM,LOGMNR_OPQTYPE$,LOGMNR_OPQTYPE$_PK,1,LOGMNR_UID
SYSTEM,LOGMNR_OPQTYPE$,LOGMNR_OPQTYPE$_PK,2,OBJ#
SYSTEM,LOGMNR_OPQTYPE$,LOGMNR_OPQTYPE$_PK,3,INTCOL#
SYSTEM,LOGMNR_PARTOBJ$,LOGMNR_PARTOBJ$_PK,1,LOGMNR_UID
SYSTEM,LOGMNR_PARTOBJ$,LOGMNR_PARTOBJ$_PK,2,OBJ#
SYSTEM,LOGMNRP_CTAS_PART_MAP,LOGMNRP_CTAS_PART_MAP_PK,1,LOGMNR_UID
SYSTEM,LOGMNRP_CTAS_PART_MAP,LOGMNRP_CTAS_PART_MAP_PK,2,BASEOBJV#
SYSTEM,LOGMNRP_CTAS_PART_MAP,LOGMNRP_CTAS_PART_MAP_PK,3,KEYOBJ#
SYSTEM,LOGMNR_PDB_INFO$,LOGMNR_PDB_INFO$_PK,1,LOGMNR_DID
SYSTEM,LOGMNR_PDB_INFO$,LOGMNR_PDB_INFO$_PK,2,LOGMNR_MDH
SYSTEM,LOGMNR_PDB_INFO$,LOGMNR_PDB_INFO$_PK,3,PLUGIN_SCN
SYSTEM,LOGMNR_PROCESSED_LOG$,LOGMNR_PROCESSED_LOG$_PK,1,SESSION#
SYSTEM,LOGMNR_PROCESSED_LOG$,LOGMNR_PROCESSED_LOG$_PK,2,THREAD#
SYSTEM,LOGMNR_PROFILE_PLSQL_STATS$,LOGMNR_PROFILE_PLSQL$_PK,1,PKGOWNER
SYSTEM,LOGMNR_PROFILE_PLSQL_STATS$,LOGMNR_PROFILE_PLSQL$_PK,2,PKGNAME
SYSTEM,LOGMNR_PROFILE_PLSQL_STATS$,LOGMNR_PROFILE_PLSQL$_PK,3,NAME
SYSTEM,LOGMNR_PROFILE_TABLE_STATS$,LOGMNR_PROFILE_TABLE$_PK,1,OBJID
SYSTEM,LOGMNR_PROPS$,LOGMNR_PROPS$_PK,1,LOGMNR_UID
SYSTEM,LOGMNR_PROPS$,LOGMNR_PROPS$_PK,2,NAME
SYSTEM,LOGMNR_REFCON$,LOGMNR_REFCON$_PK,1,LOGMNR_UID
SYSTEM,LOGMNR_REFCON$,LOGMNR_REFCON$_PK,2,OBJ#
SYSTEM,LOGMNR_REFCON$,LOGMNR_REFCON$_PK,3,INTCOL#
SYSTEM,LOGMNR_RESTART_CKPT$,LOGMNR_RESTART_CKPT$_PK,1,SESSION#
SYSTEM,LOGMNR_RESTART_CKPT$,LOGMNR_RESTART_CKPT$_PK,2,CKPT_SCN
SYSTEM,LOGMNR_RESTART_CKPT$,LOGMNR_RESTART_CKPT$_PK,3,XIDUSN
SYSTEM,LOGMNR_RESTART_CKPT$,LOGMNR_RESTART_CKPT$_PK,4,XIDSLT
SYSTEM,LOGMNR_RESTART_CKPT$,LOGMNR_RESTART_CKPT$_PK,5,XIDSQN
SYSTEM,LOGMNR_RESTART_CKPT$,LOGMNR_RESTART_CKPT$_PK,6,PDBID
SYSTEM,LOGMNR_RESTART_CKPT$,LOGMNR_RESTART_CKPT$_PK,7,SESSION_NUM
SYSTEM,LOGMNR_RESTART_CKPT$,LOGMNR_RESTART_CKPT$_PK,8,SERIAL_NUM
SYSTEM,LOGMNR_RESTART_CKPT_TXINFO$,LOGMNR_RESTART_CKPT_TXINFO$_PK,1,SESSION#
SYSTEM,LOGMNR_RESTART_CKPT_TXINFO$,LOGMNR_RESTART_CKPT_TXINFO$_PK,2,XIDUSN
SYSTEM,LOGMNR_RESTART_CKPT_TXINFO$,LOGMNR_RESTART_CKPT_TXINFO$_PK,3,XIDSLT
SYSTEM,LOGMNR_RESTART_CKPT_TXINFO$,LOGMNR_RESTART_CKPT_TXINFO$_PK,4,XIDSQN
SYSTEM,LOGMNR_RESTART_CKPT_TXINFO$,LOGMNR_RESTART_CKPT_TXINFO$_PK,5,SESSION_NUM
SYSTEM,LOGMNR_RESTART_CKPT_TXINFO$,LOGMNR_RESTART_CKPT_TXINFO$_PK,6,SERIAL_NUM
SYSTEM,LOGMNR_RESTART_CKPT_TXINFO$,LOGMNR_RESTART_CKPT_TXINFO$_PK,7,EFFECTIVE_SCN
SYSTEM,LOGMNR_SEED$,LOGMNR_SEED$_PK,1,LOGMNR_UID
SYSTEM,LOGMNR_SEED$,LOGMNR_SEED$_PK,2,OBJ#
SYSTEM,LOGMNR_SEED$,LOGMNR_SEED$_PK,3,INTCOL#
SYSTEM,LOGMNR_SESSION$,LOGMNR_SESSION_PK,1,SESSION#
SYSTEM,LOGMNR_SESSION_ACTIONS$,LOGMNR_SESSION_ACTION$_PK,1,LOGMNRSESSION#
SYSTEM,LOGMNR_SESSION_ACTIONS$,LOGMNR_SESSION_ACTION$_PK,2,ACTIONNAME
SYSTEM,LOGMNR_SESSION_EVOLVE$,LOGMNR_SESSION_EVOLVE$_PK,1,SESSION#
SYSTEM,LOGMNR_SESSION_EVOLVE$,LOGMNR_SESSION_EVOLVE$_PK,2,DB_ID
SYSTEM,LOGMNR_SESSION_EVOLVE$,LOGMNR_SESSION_EVOLVE$_PK,3,RESET_SCN
SYSTEM,LOGMNR_SESSION_EVOLVE$,LOGMNR_SESSION_EVOLVE$_PK,4,RESET_TIMESTAMP
SYSTEM,LOGMNR_SHARD_TS,LOGMNR_SHARD_TS_PK,1,LOGMNR_UID
SYSTEM,LOGMNR_SHARD_TS,LOGMNR_SHARD_TS_PK,2,TABLESPACE_NAME
SYSTEM,LOGMNR_SPILL$,LOGMNR_SPILL$_PK,1,SESSION#
SYSTEM,LOGMNR_SPILL$,LOGMNR_SPILL$_PK,2,PDBID
SYSTEM,LOGMNR_SPILL$,LOGMNR_SPILL$_PK,3,XIDUSN
SYSTEM,LOGMNR_SPILL$,LOGMNR_SPILL$_PK,4,XIDSLT
SYSTEM,LOGMNR_SPILL$,LOGMNR_SPILL$_PK,5,XIDSQN
SYSTEM,LOGMNR_SPILL$,LOGMNR_SPILL$_PK,6,CHUNK
SYSTEM,LOGMNR_SPILL$,LOGMNR_SPILL$_PK,7,STARTIDX
SYSTEM,LOGMNR_SPILL$,LOGMNR_SPILL$_PK,8,ENDIDX
SYSTEM,LOGMNR_SPILL$,LOGMNR_SPILL$_PK,9,FLAG
SYSTEM,LOGMNR_SPILL$,LOGMNR_SPILL$_PK,10,SEQUENCE#
SYSTEM,LOGMNR_SUBCOLTYPE$,LOGMNR_SUBCOLTYPE$_PK,1,LOGMNR_UID
SYSTEM,LOGMNR_SUBCOLTYPE$,LOGMNR_SUBCOLTYPE$_PK,2,OBJ#
SYSTEM,LOGMNR_SUBCOLTYPE$,LOGMNR_SUBCOLTYPE$_PK,3,INTCOL#
SYSTEM,LOGMNR_SUBCOLTYPE$,LOGMNR_SUBCOLTYPE$_PK,4,TOID
SYSTEM,LOGMNR_TAB$,LOGMNR_TAB$_PK,1,LOGMNR_UID
SYSTEM,LOGMNR_TAB$,LOGMNR_TAB$_PK,2,OBJ#
SYSTEM,LOGMNR_TABCOMPART$,LOGMNR_TABCOMPART$_PK,1,LOGMNR_UID
SYSTEM,LOGMNR_TABCOMPART$,LOGMNR_TABCOMPART$_PK,2,OBJ#
SYSTEM,LOGMNR_TABPART$,LOGMNR_TABPART$_PK,1,LOGMNR_UID
SYSTEM,LOGMNR_TABPART$,LOGMNR_TABPART$_PK,2,OBJ#
SYSTEM,LOGMNR_TABPART$,LOGMNR_TABPART$_PK,3,BO#
SYSTEM,LOGMNR_TABSUBPART$,LOGMNR_TABSUBPART$_PK,1,LOGMNR_UID
SYSTEM,LOGMNR_TABSUBPART$,LOGMNR_TABSUBPART$_PK,2,OBJ#
SYSTEM,LOGMNR_TABSUBPART$,LOGMNR_TABSUBPART$_PK,3,POBJ#
SYSTEM,LOGMNRT_MDDL$,LOGMNRT_MDDL$_PK,1,SOURCE_OBJ#
SYSTEM,LOGMNRT_MDDL$,LOGMNRT_MDDL$_PK,2,SOURCE_ROWID
SYSTEM,LOGMNR_TS$,LOGMNR_TS$_PK,1,LOGMNR_UID
SYSTEM,LOGMNR_TS$,LOGMNR_TS$_PK,2,TS#
SYSTEM,LOGMNR_TYPE$,LOGMNR_TYPE$_PK,1,LOGMNR_UID
SYSTEM,LOGMNR_TYPE$,LOGMNR_TYPE$_PK,2,TOID
SYSTEM,LOGMNR_TYPE$,LOGMNR_TYPE$_PK,3,VERSION#
SYSTEM,LOGMNR_UID$,LOGMNR_UID$_PK,1,LOGMNR_UID
SYSTEM,LOGMNR_USER$,LOGMNR_USER$_PK,1,LOGMNR_UID
SYSTEM,LOGMNR_USER$,LOGMNR_USER$_PK,2,USER#
SYSTEM,LOGSTDBY$EDS_TABLES,LOGSTDBY$EDS_TABLES_PKEY,1,OWNER
SYSTEM,LOGSTDBY$EDS_TABLES,LOGSTDBY$EDS_TABLES_PKEY,2,TABLE_NAME
SYSTEM,LOGSTDBY$FLASHBACK_SCN,SYS_C005845,1,PRIMARY_SCN
SYSTEM,MVIEW$_ADV_AJG,MVIEW$_ADV_AJG_PK,1,AJGID#
SYSTEM,MVIEW$_ADV_CLIQUE,MVIEW$_ADV_CLIQUE_PK,1,CLIQUEID#
SYSTEM,MVIEW$_ADV_ELIGIBLE,MVIEW$_ADV_ELIGIBLE_PK,1,SUMOBJN#
SYSTEM,MVIEW$_ADV_ELIGIBLE,MVIEW$_ADV_ELIGIBLE_PK,2,RUNID#
SYSTEM,MVIEW$_ADV_FILTER,MVIEW$_ADV_FILTER_PK,1,FILTERID#
SYSTEM,MVIEW$_ADV_FILTER,MVIEW$_ADV_FILTER_PK,2,SUBFILTERNUM#
SYSTEM,MVIEW$_ADV_FJG,MVIEW$_ADV_FJG_PK,1,FJGID#
SYSTEM,MVIEW$_ADV_GC,MVIEW$_ADV_GC_PK,1,GCID#
SYSTEM,MVIEW$_ADV_INFO,MVIEW$_ADV_INFO_PK,1,RUNID#
SYSTEM,MVIEW$_ADV_INFO,MVIEW$_ADV_INFO_PK,2,SEQ#
SYSTEM,MVIEW$_ADV_JOURNAL,MVIEW$_ADV_JOURNAL_PK,1,RUNID#
SYSTEM,MVIEW$_ADV_JOURNAL,MVIEW$_ADV_JOURNAL_PK,2,SEQ#
SYSTEM,MVIEW$_ADV_LEVEL,MVIEW$_ADV_LEVEL_PK,1,RUNID#
SYSTEM,MVIEW$_ADV_LEVEL,MVIEW$_ADV_LEVEL_PK,2,LEVELID#
SYSTEM,MVIEW$_ADV_LOG,MVIEW$_ADV_LOG_PK,1,RUNID#
SYSTEM,MVIEW$_ADV_OUTPUT,MVIEW$_ADV_OUTPUT_PK,1,RUNID#
SYSTEM,MVIEW$_ADV_OUTPUT,MVIEW$_ADV_OUTPUT_PK,2,RANK#
SYSTEM,MVIEW$_ADV_PARAMETERS,MVIEW$_ADV_PARAMETERS_PK,1,PARAMETER_NAME
SYSTEM,MVIEW$_ADV_ROLLUP,MVIEW$_ADV_ROLLUP_PK,1,RUNID#
SYSTEM,MVIEW$_ADV_ROLLUP,MVIEW$_ADV_ROLLUP_PK,2,CLEVELID#
SYSTEM,MVIEW$_ADV_ROLLUP,MVIEW$_ADV_ROLLUP_PK,3,PLEVELID#
SYSTEM,MVIEW$_ADV_WORKLOAD,MVIEW$_ADV_WORKLOAD_PK,1,QUERYID#
SYSTEM,ORT_DEORDTRA,DTOT_PK,1,DTOT_ID
SYSTEM,ORT_REGILLAM,RGLL_PK,1,RGLL_ID
SYSTEM,ORT_TIPODANI,TPDN_PK,1,TPDN_ID
SYSTEM,ORT_TIPOEQUI,TPEQ_PK,1,TPEQ_ID
SYSTEM,ORT_TIPOMARC,TPMR_PK,1,TPMR_ID
SYSTEM,ORT_TIPOORDN,TPOT_PK,1,TIPO
SYSTEM,ORT_UBICESTA,UBES_PK,1,UBES_ID
SYSTEM,PAG_ANTICIPO,ANTP_PK,1,ANTP_ID
SYSTEM,PAG_CLASPROV,CPRO_PK,1,CMPN_COMPANIA
SYSTEM,PAG_CLASPROV,CPRO_PK,2,CLASE
SYSTEM,PAG_CRUCEANT,CANP_PK,1,CANP_ID
SYSTEM,PAG_DETAPAGO,DPAG_PK,1,DPAG_ID
SYSTEM,PAG_OTRSCTAS,OTRS_PK,1,OTRS_ID
SYSTEM,PRD_CALMATPR,CLMP_PK,1,CLMP_ID
SYSTEM,PRD_TIPOCALI,TPCD_PK,1,TIPO
SYSTEM,PRT_ABONCAPI,ABCA_PK,1,ABCA_ID
SYSTEM,PRT_ANEXCUAD,ACRM_PK,1,PRTM_COMPANIA
SYSTEM,PRT_ANEXCUAD,ACRM_PK,2,PRTM_OFICINA
SYSTEM,PRT_ANEXCUAD,ACRM_PK,3,PRTM_TIPODOCU
SYSTEM,PRT_ANEXCUAD,ACRM_PK,4,PRTM_NUMERO
SYSTEM,PRT_ANEXCUAD,ACRM_PK,5,FECHA
SYSTEM,PRT_ANEXCUAD,ACRM_PK,6,NUMECUOT
SYSTEM,PRT_APROPCREDI,ACRE_PK,1,ACRE_ID
SYSTEM,PRT_BALAGRUP,PBLG_PK,1,PCCL_CODIGRUP
SYSTEM,PRT_BALAGRUP,PBLG_PK,2,PCCL_CICLO
SYSTEM,PRT_BALAGRUP,PBLG_PK,3,PCTS_CODIGO
SYSTEM,PRT_BANDAS,BANP_PK,1,CODIGO
SYSTEM,PRT_CARGO,PCRG_PK,1,TIPO
SYSTEM,PRT_CATERIES,PCTR_PK,1,PTRG_CODIGO
SYSTEM,PRT_CATERIES,PCTR_PK,2,PRTC_TIPOCRED
SYSTEM,PRT_CATERIES,PCTR_PK,3,FECHA
SYSTEM,PRT_CICLOS,PCCL_PK,1,GPCM_CODIGRUP
SYSTEM,PRT_CICLOS,PCCL_PK,2,CICLO
SYSTEM,PRT_CLASCAPI,CCPT_PK,1,TIPOCAPI
SYSTEM,PRT_CTABANCARIA,PCBN_PK,1,PCTS_CODIGO
SYSTEM,PRT_CTABANCARIA,PCBN_PK,2,GPCM_CODIGRUP
SYSTEM,PRT_CTASBALA,PRT_PK,1,PRT_ID
SYSTEM,PRT_CUENTAS,PCTS_PK,1,CODIGO
SYSTEM,PRT_DESTIFINAN,PRDF_PK,1,DESTFINA
SYSTEM,PRT_DETASIENTO,PDAS_PK,1,PDAS_ID
SYSTEM,PRT_DETASOLI,PDSL_PK,1,PDSL_ID
SYSTEM,PRT_DETIPCAU,DCSL_PK,1,DCSL_ID
SYSTEM,PRT_ESTAOPER,EOPE_PK,1,ESTAOPER
SYSTEM,PRT_FORMCANC,PRFC_PK,1,FORMCANC
SYSTEM,PRT_GRUPOSCOM,GPCM_PK,1,CODIGRUP
SYSTEM,PRT_MADUCRED,MCRE_PK,1,MCRE_ID
SYSTEM,PRT_MIEMBROS,MBGR_PK,1,GPCM_CODIGO
SYSTEM,PRT_MIEMBROS,MBGR_PK,2,NUMERO
SYSTEM,PRT_ORIGRECU,PROR_PK,1,ORIGRECU
SYSTEM,PRT_PARARANG,PPRG_PK,1,BANDA
SYSTEM,PRT_PARARANG,PPRG_PK,2,PRTC_TIPOCRED
SYSTEM,PRT_PARARANG,PPRG_PK,3,CCPT_TIPOCAPI
SYSTEM,PRT_PRESTAMOS,PRTM_PK,1,OFCN_COMPANIA
SYSTEM,PRT_PRESTAMOS,PRTM_PK,2,OFCN_OFICINA
SYSTEM,PRT_PRESTAMOS,PRTM_PK,3,TPDC_TIPODOCU
SYSTEM,PRT_PRESTAMOS,PRTM_PK,4,NUMERO
SYSTEM,PRT_RECARGOS,RCCR_PK,1,RCCR_ID
SYSTEM,PRT_SIMUCRED,SMCR_PK,1,SMCR_ID
SYSTEM,PRT_SIMUDETA,SDET_PK,1,SDET_ID
SYSTEM,PRT_SOLIGRUP,PSLG_PK,1,NUMERO
SYSTEM,PRT_TASAREFEN,TREF_PK,1,FECHA
SYSTEM,PRT_TASAREFEN,TREF_PK,2,PRTT_TIPOTASA
SYSTEM,PRT_TASAREFEN,TREF_PK,3,MONE_MONEDA
SYSTEM,PRT_TASAREFEN,TREF_PK,4,TPDC_TIPODOCU
SYSTEM,PRT_TASAREFEN,TREF_PK,5,PRTC_TIPOCRED
SYSTEM,PRT_TASAREFEN,TREF_PK,6,DIASDESD
SYSTEM,PRT_TEMPREPO,TMPR_PK,1,TMPR_ID
SYSTEM,PRT_TIPOCAUSAL,TCSL_PK,1,TIPCASUA
SYSTEM,PRT_TIPOCREDI,PRTC_PK,1,TIPOCRED
SYSTEM,PRT_TIPOPERA,PRTO_PK,1,TIPOPER
SYSTEM,PRT_TIPORECA,TREC_PK,1,CODIGAST
SYSTEM,PRT_TIPORIES,PTRG_PK,1,CODIGO
SYSTEM,PRT_TIPOTASA,PRTT_PK,1,TIPOTASA
SYSTEM,PRT_TRANSBANCA,PTBN_PK,1,NUMEOPER
SYSTEM,PRT_TRANSINDIV,TIND_PK,1,RBAN_RBAN_ID
SYSTEM,PRT_TRANSINDIV,TIND_PK,2,NUMERO
SYSTEM,PRT_TRANSINDIV,TIND_PK,3,TPDC_TIPODOCU
SYSTEM,PRT_VENCIDOS,CVEN_PK,1,PRTM_COMPANIA
SYSTEM,PRT_VENCIDOS,CVEN_PK,2,PRTM_OFICINA
SYSTEM,PRT_VENCIDOS,CVEN_PK,3,PRTM_TIPODOCU
SYSTEM,PRT_VENCIDOS,CVEN_PK,4,PRTM_NUMERO
SYSTEM,PRT_VENCIDOS,CVEN_PK,5,NUMECUOT
SYSTEM,PRT_VENCIDOS,CVEN_PK,6,FECHA
SYSTEM,PRT_ZONAS,PZNS_PK,1,CODIZONA
SYSTEM,REPL_SUPPORT_MATRIX,REPL_SUPPORT_MATRIX_PK,1,BMAP1
SYSTEM,REPL_SUPPORT_MATRIX,REPL_SUPPORT_MATRIX_PK,2,BMAP2
SYSTEM,REPL_SUPPORT_MATRIX,REPL_SUPPORT_MATRIX_PK,3,REPL_PRODUCT
SYSTEM,REPL_SUPPORT_MATRIX,REPL_SUPPORT_MATRIX_PK,4,SUPPORT_MODE
SYSTEM,RHH_ACTIFIJA,ACFIA_PK,1,ACFIA_ID
SYSTEM,RHH_ADICIONALES,ADIC_PK,1,ADIC_ID
SYSTEM,RHH_ALCACOMI,ALCM_PK,1,CLCM_CODIGO
SYSTEM,RHH_ALCACOMI,ALCM_PK,2,ARTL_COMPANIA
SYSTEM,RHH_ALCACOMI,ALCM_PK,3,ARTL_CLASE
SYSTEM,RHH_ALCACOMI,ALCM_PK,4,ARTL_CODIGRUP
SYSTEM,RHH_ALCACOMI,ALCM_PK,5,ARTL_ARTICULO
SYSTEM,RHH_AUDPROV,APVA_PK,1,APVA_ID
SYSTEM,RHH_BIOMETRI,RHBM_PK,1,RHHS_CEDURUC
SYSTEM,RHH_CARGFAMI,CGFM_PK,1,CGFM_ID
SYSTEM,RHH_CLACCOMI,CLCM_PK,1,CODIGO
SYSTEM,RHH_COMIGENE,CMGN_PK,1,CMGN_ID
SYSTEM,RHH_CONTCARG,CNCR_PK,1,CNCR_ID
SYSTEM,RHH_CREDITOS,CRED_PK,1,CRED_ID
SYSTEM,RHH_CTABANEM,CTAE_PK,1,CTAE_ID
SYSTEM,RHH_DEFINROL,DFRL_PK,1,TIPO
SYSTEM,RHH_DEPARTAM,DEPT_PK,1,OFCN_COMPANIA
SYSTEM,RHH_DEPARTAM,DEPT_PK,2,OFCN_OFICINA
SYSTEM,RHH_DEPARTAM,DEPT_PK,3,CODIDEPA
SYSTEM,RHH_DEPTASIG,DPAS_PK,1,DPAS_ID
SYSTEM,RHH_DEPTCONTA,DCNT_PK2,1,CODIGO
SYSTEM,RHH_DETAPRES,DPRS_PK,1,DPRS_ID
SYSTEM,RHH_DETAVENC,CUOTAS_PK,1,CUOTAS_ID
SYSTEM,RHH_DIMENSION,DIME_PK,1,ROL_CARGO
SYSTEM,RHH_DIMENSION,DIME_PK,2,VNDR_COMPANIA
SYSTEM,RHH_DIMENSION,DIME_PK,3,VNDR_OFICINA
SYSTEM,RHH_DIMENSION,DIME_PK,4,VNDR_CODIGO
SYSTEM,RHH_DISCAPAC,DSCP_PK,1,DSCP_ID
SYSTEM,RHH_EMPLCENT,EMCE_PK,1,EMCE_ID
SYSTEM,RHH_ESTUDIOS,ESTU_PK,1,ESTU_ID
SYSTEM,RHH_FRECUAENCIAS,FRCS_PK,1,TIEMPODIAS
SYSTEM,RHH_FUNCIONES,FNCI_PK,1,CODIGO
SYSTEM,RHH_GASTPERS,GSPR_PK,1,RHHS_CEDURUC
SYSTEM,RHH_GASTPERS,GSPR_PK,2,TPGS_CODIGAST
SYSTEM,RHH_GASTPERS,GSPR_PK,3,ANIOFISC
SYSTEM,RHH_HORACTIV,HORACTIV_PK,1,HORACTIV_ID
SYSTEM,RHH_HORARIO,HRRO_PK,1,HRRO_ID
SYSTEM,RHH_HORATRAB,HREM_PK,1,RHHS_CEDURUC
SYSTEM,RHH_HORATRAB,HREM_PK,2,JRND_CODIGO
SYSTEM,RHH_HORATRAB,HREM_PK,3,FECHA
SYSTEM,RHH_IMPRENEM,IREM_PK,1,FECHA
SYSTEM,RHH_IMPRENEM,IREM_PK,2,RHHS_CEDURUC
SYSTEM,RHH_IMPUESTOS,IMPU_PK,1,IMPU_ID
SYSTEM,RHH_INGREGRE,INEG_PK,1,INEG_ID
SYSTEM,RHH_JORNADA,JRND_PK,1,CODIGO
SYSTEM,RHH_LIQUIDAC,LIQU_PK,1,LIQU_ID
SYSTEM,RHH_PAGOVACA,PGVC_PK,1,PGVC_ID
SYSTEM,RHH_PARADISC,PRDS_PK,1,PRDS_ID
SYSTEM,RHH_PERIODOS,PERI_PK,1,FECHINIC
SYSTEM,RHH_PERIODOS,PERI_PK,2,FECHFIN
SYSTEM,RHH_PERIODOS,PERI_PK,3,TPPR_CODIPROV
SYSTEM,RHH_PERIODOS,PERI_PK,4,REGN_REGION
SYSTEM,RHH_PLANACTI,PLAC_PK,1,PLAC_ID
SYSTEM,RHH_PRESUPUESTO,PRS_PK,1,NUMERO
SYSTEM,RHH_PRESUPUESTO,PRS_PK,2,OFCN_COMPANIA
SYSTEM,RHH_PRESUPUESTO,PRS_PK,3,OFCN_OFICINA
SYSTEM,RHH_PRODUCTOS,PRAC_PK2,1,CODIGO
SYSTEM,RHH_PROVICION,PRVN_PK,1,FECHA
SYSTEM,RHH_PROVICION,PRVN_PK,2,TPPR_CODIPROV
SYSTEM,RHH_PROVICION,PRVN_PK,3,RHHS_CEDURUC
SYSTEM,RHH_REGASIST,RHRA_PK,1,RHRA_ID
SYSTEM,RHH_REGENTRSALI,HRES_PK,1,HRES_ID
SYSTEM,RHH_REGIACTI,RGAC_PK,1,RGAC_ID
SYSTEM,RHH_REGISTRO,RHRG_PK,1,RHRG_ID
SYSTEM,RHH_REMUNERA,RMRN_PK,1,FECHA
SYSTEM,RHH_REMUNERA,RMRN_PK,2,DFRL_TIPO
SYSTEM,RHH_RESPINEG,RSIE_PK,1,RSIE_ID
SYSTEM,RHH_ROLPAG,RLPG_PK,1,FGENERA
SYSTEM,RHH_ROLPAG,RLPG_PK,2,OFCN_OFICINA
SYSTEM,RHH_SALABASIC,SLBA_PK,1,VALOR
SYSTEM,RHH_SALABASIC,SLBA_PK,2,FECHA
SYSTEM,RHH_SALARIOS,RHH_PK,1,RHH_ID
SYSTEM,RHH_SALIDPERS,SAPE_PK,1,SAPE_ID
SYSTEM,RHH_SOLIEMPL,SLEM_PK,1,SLEM_ID
SYSTEM,RHH_TIEMLABO,RHTL_PK,1,RHTL_ID
SYSTEM,RHH_TIPOCNTR,TPCTR_PK,1,CODIGO
SYSTEM,RHH_TIPODISCA,TPDP_PK,1,TIPO
SYSTEM,RHH_TIPOGAST,TPGS_PK,1,CODIGAST
SYSTEM,RHH_TIPOHORA,HEXT_PK,1,TIPOHORA
SYSTEM,RHH_TIPOPROC,TDPR_PK,1,CODIGO
SYSTEM,RHH_TIPOPROV,TPPR_PK,1,CODIPROV
SYSTEM,RHH_TIPOSALIDA,TPSA_PK,1,TIPOSALI
SYSTEM,RHH_VENCIMIEN,VNCT_PK,1,VNCT_ID
SYSTEM,RMT_MOVICABE,ARMC_PK,1,ARMC_ID
SYSTEM,SEG_ACCEFORM,ACFR_PK,1,APLC_NOMBRE
SYSTEM,SEG_ACCEFORM,ACFR_PK,2,APLC_TIPOAPLI
SYSTEM,SEG_ACCEFORM,ACFR_PK,3,ROL_CARGO
SYSTEM,SEG_APLICACION,APLC_PK,1,NOMBRE
SYSTEM,SEG_APLICACION,APLC_PK,2,TPAP_TIPOAPLI
SYSTEM,SEG_CAMPTABL,CMTB_PK,1,PRMS_CARGO
SYSTEM,SEG_CAMPTABL,CMTB_PK,2,PRMS_NOMBRE
SYSTEM,SEG_CAMPTABL,CMTB_PK,3,COLUMNA
SYSTEM,SEG_CLASAUTO,CLAU_PK,1,CODIGO
SYSTEM,SEG_CLASAUTO,CLAU_PK,2,ROL_CARGO
SYSTEM,SEG_CONTACCE,SSDH_PK,1,DSSM_NUMDIA
SYSTEM,SEG_CONTACCE,SSDH_PK,2,USUA_IDUSUAR
SYSTEM,SEG_EJECUCION,EJCU_PK,1,EJCU_ID
SYSTEM,SEG_FAVORITO,MFAV_PK,1,MFAV_ID
SYSTEM,SEG_GRUPOS,SGRU_PK,1,SPRO_PRODUCTO
SYSTEM,SEG_GRUPOS,SGRU_PK,2,GRUPO
SYSTEM,SEG_IMPRESORAS,IMPR_PK,1,IMPR_ID
SYSTEM,SEG_LOGSILVER,LSLV_PK,1,LSLV_ID
SYSTEM,SEG_MENSAJE,MNSJ_PK,1,IDERROR
SYSTEM,SEG_MENU,MENU_PK,1,MENUID
SYSTEM,SEG_MENU,MENU_PK,2,MDLO_MODULOID
SYSTEM,SEG_MENU,MENU_PK,3,MDLO_PRODUCTO
SYSTEM,SEG_MENU,MENU_PK,4,MDLO_GRUPO
SYSTEM,SEG_MENUROL,MNRL_PK,1,MNRL_ID
SYSTEM,SEG_MODULOS,MDLO_PK,1,MODULOID
SYSTEM,SEG_MODULOS,MDLO_PK,2,SGRU_PRODUCTO
SYSTEM,SEG_MODULOS,MDLO_PK,3,SGRU_GRUPO
SYSTEM,SEG_MODULROL,MDRL_PK,1,MDRL_ID
SYSTEM,SEG_NOMBTABSEG,SYS_C0013451,1,TABLA
SYSTEM,SEG_OBJEFORM,OBFR_PK,1,OBFR_ID
SYSTEM,SEG_OCURRENC,OCRC_PK,1,OCRC_ID
SYSTEM,SEG_PERMISO,PRMS_PK,1,ROL_CARGO
SYSTEM,SEG_PERMISO,PRMS_PK,2,TBSS_NOMBRE
SYSTEM,SEG_PRODUCTO,SPRO_PK,1,PRODUCTO
SYSTEM,SEG_PRODUSUA,PDUS_PK,1,PRDT_PRODUCTO
SYSTEM,SEG_PRODUSUA,PDUS_PK,2,USUA_IDUSUAR
SYSTEM,SEG_ROLES,ROL_PK,1,CARGO
SYSTEM,SEG_ROLOFIC,RLOF_PK,1,OFCN_COMPANIA
SYSTEM,SEG_ROLOFIC,RLOF_PK,2,OFCN_OFICINA
SYSTEM,SEG_ROLOFIC,RLOF_PK,3,ROL_CARGO
SYSTEM,SEG_SESIONES,SESN_PK,1,SESN_ID
SYSTEM,SEG_TABLSIST,TBSS_PK,1,NOMBRE
SYSTEM,SEG_TIPOAPLIC,TPAP_PK,1,TIPOAPLI
SYSTEM,SEG_TIPOMENS,TPMN_PK,1,TIPO
SYSTEM,SEG_TIPOPROP,TPPD_PK,1,TPPRD
SYSTEM,SEG_TIPOPROP,TPPD_PK,2,NOMOBJ
SYSTEM,SEG_USUARIO,USUA_PK,1,IDUSUAR
SYSTEM,SEG_VALOPROP,VLPR_PK,1,IDPRD
SYSTEM,SEG_VALOPROP,VLPR_PK,2,TIPODATO
SYSTEM,SRI_DETALOGF,ERDO_PK,1,ERDO_ID
SYSTEM,SRI_LOGFACTU,LGFA_PK,1,LGFA_ID
SYSTEM,SRI_TPERSSRI,TPER_PK,1,CODIERRO
SYSTEM,SRV_CLBINVTC,CLBC_PK,1,CLBC_ID
SYSTEM,SRV_CLBINVTD,CLBD_PK,1,CLBD_ID
SYSTEM,SRV_CUOTSERV,DCSR_PK,1,DCSR_ID
SYSTEM,SRV_INDETEOB,INDT_PK,1,ABRTECOB
SYSTEM,SRV_LOGRADIUS,SRVL_PK,1,SRVL_ID
SYSTEM,SRV_SEAUFPCO,SAPC_PK,1,SAPC_ID
SYSTEM,SRV_SECOANCL,SCAC_PK,1,SCAC_ID
SYSTEM,SRV_SECOFAEC,SCFE_PK,1,SCFE_ID
SYSTEM,SRV_SECOPACH,SCPC_PK,1,SCPC_ID
SYSTEM,SRV_SECOPADB,SCPD_PK,1,SCPD_ID
SYSTEM,SRV_SECOPADC,SCPDC_PK,1,SPDT_ID
SYSTEM,SRV_SECOPAEF,SCPE_PK,1,SCPE_ID
SYSTEM,SRV_SECOTACR,SCTC_PK,1,SCTC_ID
SYSTEM,SRV_SEPLACOB,SPCO_PK,1,SPCO_ID
SYSTEM,SRV_SEPRVCAB,SPVC_PK,1,SPVC_ID
SYSTEM,SRV_SEPRVDET,SPVD_PK,1,SPVD_ID
SYSTEM,SRV_STBACOTE,STBC_PK,1,BACOTIPO
SYSTEM,SRV_STCONREC,STCR_PK,1,ID
SYSTEM,SRV_STCOTRRE,STCT_PK,1,ID
SYSTEM,SRV_STTIPSOP,STTI_PK,1,SSTETIPO
SYSTEM,TLL_DETAORDEN,DTOR_PK,1,DTOR_ID
SYSTEM,TLL_DETAREQUI,DTRQ_PK,1,DTRQ_ID
SYSTEM,TLL_DIAGNOSTICO,DGNT_PK,1,ORTB_ORDEN
SYSTEM,TLL_DIAGNOSTICO,DGNT_PK,2,ORTB_COMPANIA
SYSTEM,TLL_DIAGNOSTICO,DGNT_PK,3,ORTB_OFICINA
SYSTEM,TLL_DIAGNOSTICO,DGNT_PK,4,TPDG_CODIGO
SYSTEM,TLL_ORDENTRC,ONRC_PK,1,NUMERO
SYSTEM,TLL_ORDENTRC,ONRC_PK,2,ORTB_COMPANIA
SYSTEM,TLL_ORDENTRC,ONRC_PK,3,ORTB_OFICINA
SYSTEM,TLL_ORDENTRC,ONRC_PK,4,ORTB_ORDEN
SYSTEM,TLL_ORDETRAB,ORTB_PK,1,ORDEN
SYSTEM,TLL_ORDETRAB,ORTB_PK,2,OFCN_COMPANIA
SYSTEM,TLL_ORDETRAB,ORTB_PK,3,OFCN_OFICINA
SYSTEM,TLL_TIEMTRAB,TMTR_PK,1,TMTR_ID
SYSTEM,TLL_TIPOCOMB,TPCB_PK,1,CODIGO
SYSTEM,TLL_TIPODIAG,TPDG_PK,1,CODIGO
SYSTEM,TLL_TPORDTRA,TPTB_PK,1,TP
SYSTEM,TLL_TRABEXTE,TBXT_PK,1,TBXT_ID
SYSTEM,TLL_VEHITALL,VT_PK,1,PLACA
SYSTEM,TLL_VEHITALL,VT_PK,2,CLTE_COMPANIA
SYSTEM,TLL_VEHITALL,VT_PK,3,CLTE_IDCLIENTE
SYSTEM,TMP_DETAREQU,TMDR_PK,1,TMDR_ID
SYSTEM,TMP_LOGISTICA,TMLG_PK,1,TMLG_ID
SYSTEM,TMP_ROCHE,ROCH_PK,1,ROCH_ID
SYSTEM,UTL_CAMATFIN,CAMF_PK,1,CAMF_ID
SYSTEM,VEN_ALCANCE,ALCN_PK,1,VNDR_COMPANIA
SYSTEM,VEN_ALCANCE,ALCN_PK,2,VNDR_OFICINA
SYSTEM,VEN_ALCANCE,ALCN_PK,3,VNDR_CODIGO
SYSTEM,VEN_ALCANCE,ALCN_PK,4,GRAR_CLASE
SYSTEM,VEN_ALCANCE,ALCN_PK,5,GRAR_COMPANIA
SYSTEM,VEN_ALCANCE,ALCN_PK,6,GRAR_CODIGRUP
SYSTEM,VEN_BODEDATO,VBOD_PK,1,VBOD_ID
SYSTEM,VEN_BONOPREM,BNPR_PK,1,VNDR_COMPANIA
SYSTEM,VEN_BONOPREM,BNPR_PK,2,VNDR_OFICINA
SYSTEM,VEN_BONOPREM,BNPR_PK,3,VNDR_CODIGO
SYSTEM,VEN_BONOPREM,BNPR_PK,4,FECHA
SYSTEM,VEN_CAJACLIE,CACL_PK,1,CLTE_COMPANIA
SYSTEM,VEN_CAJACLIE,CACL_PK,2,CLTE_IDCLIENTE
SYSTEM,VEN_CAJACLIE,CACL_PK,3,ARTL_COMPANIA
SYSTEM,VEN_CAJACLIE,CACL_PK,4,ARTL_CLASE
SYSTEM,VEN_CAJACLIE,CACL_PK,5,ARTL_CODIGRUP
SYSTEM,VEN_CAJACLIE,CACL_PK,6,ARTL_ARTICULO
SYSTEM,VEN_CASOVISI,CAVI_PK,1,CODIGO
SYSTEM,VEN_COBERTURA,CBTR_PK,1,CBTR_ID
SYSTEM,VEN_COMISION,CMSN_PK,1,CMSN_ID
SYSTEM,VEN_DATSPLAN,DAPL_PK,1,DAPL
SYSTEM,VEN_DETAFACT,DTFC_PK,1,DTFC_ID
SYSTEM,VEN_DETAFLET,DTFL_PK,1,DTFL_ID
SYSTEM,VEN_DETAPROD,DPR_PK,1,DPR_ID
SYSTEM,VEN_DETAPROF,DPRF_PK,1,DPRF_ID
SYSTEM,VEN_DETARTPR,DTPR_PK,1,ARTL_COMPANIA
SYSTEM,VEN_DETARTPR,DTPR_PK,2,ARTL_CLASE
SYSTEM,VEN_DETARTPR,DTPR_PK,3,ARTL_CODIGRUP
SYSTEM,VEN_DETARTPR,DTPR_PK,4,ARTL_ARTICULO
SYSTEM,VEN_DETARTPR,DTPR_PK,5,LNEA_CODLINEA
SYSTEM,VEN_DETARTPR,DTPR_PK,6,LNEA_COMPANIA
SYSTEM,VEN_EXPORTAC,EXPT_PK,1,VNTA_COMPANIA
SYSTEM,VEN_EXPORTAC,EXPT_PK,2,VNTA_OFICINA
SYSTEM,VEN_EXPORTAC,EXPT_PK,3,VNTA_SERIE
SYSTEM,VEN_EXPORTAC,EXPT_PK,4,VNTA_NUMERO
SYSTEM,VEN_EXPORTAC,EXPT_PK,5,VNTA_TIPOCOMP
SYSTEM,VEN_FLUJSERV,FJSR_PK,1,FJSR_ID
SYSTEM,VEN_GRPARLT,GRAL_PK,1,ARTL_ARTICULO
SYSTEM,VEN_GRPARLT,GRAL_PK,2,ARTL_CLASE
SYSTEM,VEN_GRPARLT,GRAL_PK,3,ARTL_COMPANIA
SYSTEM,VEN_GRPARLT,GRAL_PK,4,ARTL_CODIGRUP
SYSTEM,VEN_GRPARLT,GRAL_PK,5,LSPR_LSPR_ID
SYSTEM,VEN_GRPOVENT,GRVN_PK,1,GRVN_ID
SYSTEM,VEN_GRUPOS,GRPS_PK,1,CLTE_COMPANIA
SYSTEM,VEN_GRUPOS,GRPS_PK,2,CLTE_IDCLIENTE
SYSTEM,VEN_GRUPOS,GRPS_PK,3,VNDR_COMPANIA
SYSTEM,VEN_GRUPOS,GRPS_PK,4,VNDR_OFICINA
SYSTEM,VEN_GRUPOS,GRPS_PK,5,VNDR_CODIGO
SYSTEM,VEN_GRUPOS,GRPS_PK,6,LSPR_LSPR_ID
SYSTEM,VEN_IPSRADIUS,IPSR_PK,1,CODIGOIP
SYSTEM,VEN_IPSV6RADIUS,IPV6_PK,1,CODIGOIP
SYSTEM,VEN_LINEAREA,LAER_PK,1,CODIGO
SYSTEM,VEN_LISTLINE,LTLN_PK,1,LNEA_CODLINEA
SYSTEM,VEN_LISTLINE,LTLN_PK,2,LNEA_COMPANIA
SYSTEM,VEN_LISTLINE,LTLN_PK,3,LSPR_LSPR_ID
SYSTEM,VEN_LISTLINE,LTLN_PK,4,FECHINGR
SYSTEM,VEN_LOGRADIUS,LRDS_PK,1,LRDS_ID
SYSTEM,VEN_MNSAVISI,MNVI_PK,1,MNVI_ID
SYSTEM,VEN_NODORADIUS,RNDO_PK,1,IDNODO
SYSTEM,VEN_NODORED,NRED_PK,1,PRFJ_PREFIJO
SYSTEM,VEN_NODORED,NRED_PK,2,PRFJ_TIPO
SYSTEM,VEN_NODORED,NRED_PK,3,RNDO_IDNODO
SYSTEM,VEN_NODORED,NRED_PK,4,RED
SYSTEM,VEN_NOTACRED,NCCL_PK,1,OFCN_COMPANIA
SYSTEM,VEN_NOTACRED,NCCL_PK,2,OFCN_OFICINA
SYSTEM,VEN_NOTACRED,NCCL_PK,3,SERIE
SYSTEM,VEN_NOTACRED,NCCL_PK,4,NUMERO
SYSTEM,VEN_NOTADEBI,NODE_PK,1,NODE_ID
SYSTEM,VEN_NUMECAJA,NMCJ_PK,1,NMCJ_ID
SYSTEM,VEN_PARAPROM,VPRM_PK,1,VPRM_ID
SYSTEM,VEN_PASARELA,PSPG_PK,1,PSPG_ID
SYSTEM,VEN_PEROCOMI,PRCM_PK,1,PRCM_ID
SYSTEM,VEN_PLANCOBR,PLCB_PK,1,PLCB_ID
SYSTEM,VEN_PLANPAGO,PLPP_PK,1,PLPP_ID
SYSTEM,VEN_PLANVISI,PLVI_PK,1,PLVI
SYSTEM,VEN_PORCOMIC,PCCM_PK,1,PCCM_ID
SYSTEM,VEN_PRECDESC,PRCS_PK,1,LSPR_LSPR_ID
SYSTEM,VEN_PRECDESC,PRCS_PK,2,ARTL_COMPANIA
SYSTEM,VEN_PRECDESC,PRCS_PK,3,ARTL_CLASE
SYSTEM,VEN_PRECDESC,PRCS_PK,4,ARTL_CODIGRUP
SYSTEM,VEN_PRECDESC,PRCS_PK,5,ARTL_ARTICULO
SYSTEM,VEN_PREFIJO,PRFJ_PK,1,PREFIJO
SYSTEM,VEN_PREFIJO,PRFJ_PK,2,TIPO
SYSTEM,VEN_PRESUVEN,PRVT_PK,1,PRVT_ID
SYSTEM,VEN_PROFEXPO,PREX_PK,1,PRFM_PRFM_ID
SYSTEM,VEN_PROFORMA,PRFM_PK,1,PRFM_ID
SYSTEM,VEN_PROMOCION,PRMO_PK,1,PRMO_ID
SYSTEM,VEN_PROMUNNE,PRM_PK,1,PRM_ID
SYSTEM,VEN_RANGCOMI,RGCO_PK,1,CLCM_CODIGO
SYSTEM,VEN_RANGCOMI,RGCO_PK,2,PRCM_PRCM_ID
SYSTEM,VEN_RANGVCTO,RANV_PK,1,RANV_ID
SYSTEM,VEN_RECAUDAC,RCDN_PK,1,OFCN_COMPANIA
SYSTEM,VEN_RECAUDAC,RCDN_PK,2,OFCN_OFICINA
SYSTEM,VEN_RECAUDAC,RCDN_PK,3,NUMERO
SYSTEM,VEN_RUTEVISI,RTVI_PK,1,RTVI
SYSTEM,VEN_SEGMENTO,VSMT_PK,1,OLT
SYSTEM,VEN_TIPOACC,TACC_PK,1,TIPOACCE
SYSTEM,VEN_TIPOFUNC,TPFU_PK,1,TIPOFUNC
SYSTEM,VEN_TIPOINST,TPIN_PK,1,TIPOINST
SYSTEM,VEN_TIPOLISTA,TPLS_PK,1,TIPOLIST
SYSTEM,VEN_TIPOPLAN,TPL_PK,1,TIPOPLAN
SYSTEM,VEN_TMPRETDETA,TRDT_PK,1,TRDT_ID
SYSTEM,VEN_TMPRETENC,TMRT_PK,1,CEDURUCCL
SYSTEM,VEN_TMPRETENC,TMRT_PK,2,SERIE
SYSTEM,VEN_TMPRETENC,TMRT_PK,3,NUMERO
SYSTEM,VEN_VENDCOBR,VNDR_PK,1,OFCN_COMPANIA
SYSTEM,VEN_VENDCOBR,VNDR_PK,2,OFCN_OFICINA
SYSTEM,VEN_VENDCOBR,VNDR_PK,3,CODIGO
SYSTEM,VEN_VENTAS,VNTA_PK,1,OFCN_COMPANIA
SYSTEM,VEN_VENTAS,VNTA_PK,2,OFCN_OFICINA
SYSTEM,VEN_VENTAS,VNTA_PK,3,SERIE
SYSTEM,VEN_VENTAS,VNTA_PK,4,NUMERO
SYSTEM,VEN_VENTAS,VNTA_PK,5,TPCM_TIPOCOMP
SYSTEM,VEN_VENTPERD,VNPD_PK,1,VNPD_ID
SYSTEM,VEN_ZONAS,ZONA_PK,1,CODIZONA
